Make,Model,Type,Origin,DriveTrain,MSRP,Invoice,MPG_City,MPG_Highway
Acura,MDX,SUV,Asia,All,"$36,945","$33,337",17,23
Acura,RSX Type S 2dr,Sedan,Asia,Front,"$23,820","$21,761",24,31
Acura,TSX 4dr,Sedan,Asia,Front,"$26,990","$24,647",22,29
Acura,TL 4dr,Sedan,Asia,Front,"$33,195","$30,299",20,28
Acura,3.5 RL 4dr,Sedan,Asia,Front,"$43,755","$39,014",18,24
Acura,3.5 RL w/Navigation 4dr,Sedan,Asia,Front,"$46,100","$41,100",18,24
Acura,NSX coupe 2dr manual S,Sports,Asia,Rear,"$89,765","$79,978",17,24
Audi,A4 1.8T 4dr,Sedan,Europe,Front,"$25,940","$23,508",22,31
Audi,A41.8T convertible 2dr,Sedan,Europe,Front,"$35,940","$32,506",23,30
Audi,A4 3.0 4dr,Sedan,Europe,Front,"$31,840","$28,846",20,28
Audi,A4 3.0 Quattro 4dr manual,Sedan,Europe,All,"$33,430","$30,366",17,26
Audi,A4 3.0 Quattro 4dr auto,Sedan,Europe,All,"$34,480","$31,388",18,25
Audi,A6 3.0 4dr,Sedan,Europe,Front,"$36,640","$33,129",20,27
Audi,A6 3.0 Quattro 4dr,Sedan,Europe,All,"$39,640","$35,992",18,25
Audi,A4 3.0 convertible 2dr,Sedan,Europe,Front,"$42,490","$38,325",20,27
Audi,A4 3.0 Quattro convertible 2dr,Sedan,Europe,All,"$44,240","$40,075",18,25
Audi,A6 2.7 Turbo Quattro 4dr,Sedan,Europe,All,"$42,840","$38,840",18,25
Audi,A6 4.2 Quattro 4dr,Sedan,Europe,All,"$49,690","$44,936",17,24
Audi,A8 L Quattro 4dr,Sedan,Europe,All,"$69,190","$64,740",17,24
Audi,S4 Quattro 4dr,Sedan,Europe,All,"$48,040","$43,556",14,20
Audi,RS 6 4dr,Sports,Europe,Front,"$84,600","$76,417",15,22
Audi,TT 1.8 convertible 2dr (coupe),Sports,Europe,Front,"$35,940","$32,512",20,28
Audi,TT 1.8 Quattro 2dr (convertible),Sports,Europe,All,"$37,390","$33,891",20,28
Audi,TT 3.2 coupe 2dr (convertible),Sports,Europe,All,"$40,590","$36,739",21,29
Audi,A6 3.0 Avant Quattro,Wagon,Europe,All,"$40,840","$37,060",18,25
Audi,S4 Avant Quattro,Wagon,Europe,All,"$49,090","$44,446",15,21
BMW,X3 3.0i,SUV,Europe,All,"$37,000","$33,873",16,23
BMW,X5 4.4i,SUV,Europe,All,"$52,195","$47,720",16,22
BMW,325i 4dr,Sedan,Europe,Rear,"$28,495","$26,155",20,29
BMW,325Ci 2dr,Sedan,Europe,Rear,"$30,795","$28,245",20,29
BMW,325Ci convertible 2dr,Sedan,Europe,Rear,"$37,995","$34,800",19,27
BMW,325xi 4dr,Sedan,Europe,All,"$30,245","$27,745",19,27
BMW,330i 4dr,Sedan,Europe,Rear,"$35,495","$32,525",20,30
BMW,330Ci 2dr,Sedan,Europe,Rear,"$36,995","$33,890",20,30
BMW,330xi 4dr,Sedan,Europe,All,"$37,245","$34,115",20,29
BMW,525i 4dr,Sedan,Europe,Rear,"$39,995","$36,620",19,28
BMW,330Ci convertible 2dr,Sedan,Europe,Rear,"$44,295","$40,530",19,28
BMW,530i 4dr,Sedan,Europe,Rear,"$44,995","$41,170",20,30
BMW,545iA 4dr,Sedan,Europe,Rear,"$54,995","$50,270",18,26
BMW,745i 4dr,Sedan,Europe,Rear,"$69,195","$63,190",18,26
BMW,745Li 4dr,Sedan,Europe,Rear,"$73,195","$66,830",18,26
BMW,M3 coupe 2dr,Sports,Europe,Rear,"$48,195","$44,170",16,24
BMW,M3 convertible 2dr,Sports,Europe,Rear,"$56,595","$51,815",16,23
BMW,Z4 convertible 2.5i 2dr,Sports,Europe,Rear,"$33,895","$31,065",20,28
BMW,Z4 convertible 3.0i 2dr,Sports,Europe,Rear,"$41,045","$37,575",21,29
BMW,325xi Sport,Wagon,Europe,All,"$32,845","$30,110",19,26
Buick,Rainier,SUV,USA,All,"$37,895","$34,357",15,21
Buick,Rendezvous CX,SUV,USA,Front,"$26,545","$24,085",19,26
Buick,Century Custom 4dr,Sedan,USA,Front,"$22,180","$20,351",20,30
Buick,LeSabre Custom 4dr,Sedan,USA,Front,"$26,470","$24,282",20,29
Buick,Regal LS 4dr,Sedan,USA,Front,"$24,895","$22,835",20,30
Buick,Regal GS 4dr,Sedan,USA,Front,"$28,345","$26,047",18,28
Buick,LeSabre Limited 4dr,Sedan,USA,Front,"$32,245","$29,566",20,29
Buick,Park Avenue 4dr,Sedan,USA,Front,"$35,545","$32,244",20,29
Buick,Park Avenue Ultra 4dr,Sedan,USA,Front,"$40,720","$36,927",18,28
Cadillac,Escalade,SUV,USA,Front,"$52,795","$48,377",14,18
Cadillac,SRX V8,SUV,USA,Front,"$46,995","$43,523",16,21
Cadillac,CTS VVT 4dr,Sedan,USA,Rear,"$30,835","$28,575",18,25
Cadillac,Deville 4dr,Sedan,USA,Front,"$45,445","$41,650",18,26
Cadillac,Deville DTS 4dr,Sedan,USA,Front,"$50,595","$46,362",18,26
Cadillac,Seville SLS 4dr,Sedan,USA,Front,"$47,955","$43,841",18,26
Cadillac,XLR convertible 2dr,Sports,USA,Rear,"$76,200","$70,546",17,25
Cadillac,Escalade EXT,Truck,USA,All,"$52,975","$48,541",13,17
Chevrolet,Suburban 1500 LT,SUV,USA,Front,"$42,735","$37,422",14,18
Chevrolet,Tahoe LT,SUV,USA,All,"$41,465","$36,287",14,18
Chevrolet,TrailBlazer LT,SUV,USA,Front,"$30,295","$27,479",16,21
Chevrolet,Tracker,SUV,USA,Front,"$20,255","$19,108",19,22
Chevrolet,Aveo 4dr,Sedan,USA,Front,"$11,690","$10,965",28,34
Chevrolet,Aveo LS 4dr hatch,Sedan,USA,Front,"$12,585","$11,802",28,34
Chevrolet,Cavalier 2dr,Sedan,USA,Front,"$14,610","$13,697",26,37
Chevrolet,Cavalier 4dr,Sedan,USA,Front,"$14,810","$13,884",26,37
Chevrolet,Cavalier LS 2dr,Sedan,USA,Front,"$16,385","$15,357",26,37
Chevrolet,Impala 4dr,Sedan,USA,Front,"$21,900","$20,095",21,32
Chevrolet,Malibu 4dr,Sedan,USA,Front,"$18,995","$17,434",24,34
Chevrolet,Malibu LS 4dr,Sedan,USA,Front,"$20,370","$18,639",22,30
Chevrolet,Monte Carlo LS 2dr,Sedan,USA,Front,"$21,825","$20,026",21,32
Chevrolet,Impala LS 4dr,Sedan,USA,Front,"$25,000","$22,931",20,30
Chevrolet,Impala SS 4dr,Sedan,USA,Front,"$27,995","$25,672",18,28
Chevrolet,Malibu LT 4dr,Sedan,USA,Front,"$23,495","$21,551",23,32
Chevrolet,Monte Carlo SS 2dr,Sedan,USA,Front,"$24,225","$22,222",18,28
Chevrolet,Astro,Sedan,USA,All,"$26,395","$23,954",14,17
Chevrolet,Venture LS,Sedan,USA,Front,"$27,020","$24,518",19,26
Chevrolet,Corvette 2dr,Sports,USA,Rear,"$44,535","$39,068",18,25
Chevrolet,Corvette convertible 2dr,Sports,USA,Rear,"$51,535","$45,193",18,25
Chevrolet,Avalanche 1500,Truck,USA,All,"$36,100","$31,689",14,18
Chevrolet,Colorado Z85,Truck,USA,All,"$18,760","$17,070",18,23
Chevrolet,Silverado 1500 Regular Cab,Truck,USA,Rear,"$20,310","$18,480",15,21
Chevrolet,Silverado SS,Truck,USA,All,"$40,340","$35,399",13,17
Chevrolet,SSR,Truck,USA,Rear,"$41,995","$39,306",16,19
Chevrolet,Malibu Maxx LS,Wagon,USA,Front,"$22,225","$20,394",22,30
Chrysler,PT Cruiser 4dr,Sedan,USA,Front,"$17,985","$16,919",22,29
Chrysler,PT Cruiser Limited 4dr,Sedan,USA,Front,"$22,000","$20,573",22,29
Chrysler,Sebring 4dr,Sedan,USA,Front,"$19,090","$17,805",22,30
Chrysler,Sebring Touring 4dr,Sedan,USA,Front,"$21,840","$20,284",21,28
Chrysler,300M 4dr,Sedan,USA,Front,"$29,865","$27,797",18,27
Chrysler,Concorde LX 4dr,Sedan,USA,Front,"$24,130","$22,452",21,29
Chrysler,Concorde LXi 4dr,Sedan,USA,Front,"$26,860","$24,909",19,27
Chrysler,PT Cruiser GT 4dr,Sedan,USA,Front,"$25,955","$24,172",21,27
Chrysler,Sebring convertible 2dr,Sedan,USA,Front,"$25,215","$23,451",22,30
Chrysler,300M Special Edition 4dr,Sedan,USA,Front,"$33,295","$30,884",18,27
Chrysler,Sebring Limited convertible 2dr,Sedan,USA,Front,"$30,950","$28,613",21,28
Chrysler,Town and Country LX,Sedan,USA,Front,"$27,490","$25,371",19,26
Chrysler,Town and Country Limited,Sedan,USA,Front,"$38,380","$35,063",18,25
Chrysler,Crossfire 2dr,Sports,USA,Rear,"$34,495","$32,033",17,25
Chrysler,Pacifica,Wagon,USA,Rear,"$31,230","$28,725",17,23
Dodge,Durango SLT,SUV,USA,All,"$32,235","$29,472",15,21
Dodge,Neon SE 4dr,Sedan,USA,Front,"$13,670","$12,849",29,36
Dodge,Neon SXT 4dr,Sedan,USA,Front,"$15,040","$14,086",29,36
Dodge,Intrepid SE 4dr,Sedan,USA,Front,"$22,035","$20,502",21,29
Dodge,Stratus SXT 4dr,Sedan,USA,Front,"$18,820","$17,512",21,28
Dodge,Stratus SE 4dr,Sedan,USA,Front,"$20,220","$18,821",21,28
Dodge,Intrepid ES 4dr,Sedan,USA,Front,"$24,885","$23,058",18,27
Dodge,Caravan SE,Sedan,USA,Front,"$21,795","$20,508",20,26
Dodge,Grand Caravan SXT,Sedan,USA,All,"$32,660","$29,812",18,25
Dodge,Viper SRT-10 convertible 2dr,Sports,USA,Rear,"$81,795","$74,451",12,20
Dodge,Dakota Regular Cab,Truck,USA,Rear,"$17,630","$16,264",16,22
Dodge,Dakota Club Cab,Truck,USA,Rear,"$20,300","$18,670",16,22
Dodge,Ram 1500 Regular Cab ST,Truck,USA,Rear,"$20,215","$18,076",16,21
Ford,Excursion 6.8 XLT,SUV,USA,All,"$41,475","$36,494",10,13
Ford,Expedition 4.6 XLT,SUV,USA,Front,"$34,560","$30,468",15,19
Ford,Explorer XLT V6,SUV,USA,All,"$29,670","$26,983",15,20
Ford,Escape XLS,SUV,USA,All,"$22,515","$20,907",18,23
Ford,Focus ZX3 2dr hatch,Sedan,USA,Front,"$13,270","$12,482",26,33
Ford,Focus LX 4dr,Sedan,USA,Front,"$13,730","$12,906",27,36
Ford,Focus SE 4dr,Sedan,USA,Front,"$15,460","$14,496",26,33
Ford,Focus ZX5 5dr,Sedan,USA,Front,"$15,580","$14,607",26,33
Ford,Focus SVT 2dr,Sedan,USA,Front,"$19,135","$17,878",21,28
Ford,Taurus LX 4dr,Sedan,USA,Front,"$20,320","$18,881",20,27
Ford,Taurus SES Duratec 4dr,Sedan,USA,Front,"$22,735","$20,857",19,26
Ford,Crown Victoria 4dr,Sedan,USA,Rear,"$24,345","$22,856",17,25
Ford,Crown Victoria LX 4dr,Sedan,USA,Rear,"$27,370","$25,105",17,25
Ford,Crown Victoria LX Sport 4dr,Sedan,USA,Rear,"$30,315","$27,756",17,25
Ford,Freestar SE,Sedan,USA,Front,"$26,930","$24,498",17,23
Ford,Mustang 2dr (convertible),Sports,USA,Rear,"$18,345","$16,943",20,29
Ford,Mustang GT Premium convertible 2dr,Sports,USA,Rear,"$29,380","$26,875",17,25
Ford,Thunderbird Deluxe convert w/hardtop 2d,Sports,USA,Front,"$37,530","$34,483",17,24
Ford,F-150 Regular Cab XL,Truck,USA,Rear,"$22,010","$19,490",15,19
Ford,F-150 Supercab Lariat,Truck,USA,All,"$33,540","$29,405",14,18
Ford,Ranger 2.3 XL Regular Cab,Truck,USA,Rear,"$14,385","$13,717",24,29
Ford,Focus ZTW,Wagon,USA,Front,"$17,475","$16,375",26,33
Ford,Taurus SE,Wagon,USA,Front,"$22,290","$20,457",19,26
GMC,Envoy XUV SLE,SUV,USA,Front,"$31,890","$28,922",15,19
GMC,Yukon 1500 SLE,SUV,USA,Front,"$35,725","$31,361",16,19
GMC,Yukon XL 2500 SLT,SUV,USA,All,"$46,265","$40,534",13,17
GMC,Safari SLE,Sedan,USA,Rear,"$25,640","$23,215",16,20
GMC,Canyon Z85 SL Regular Cab,Truck,USA,Rear,"$16,530","$14,877",18,25
GMC,Sierra Extended Cab 1500,Truck,USA,Rear,"$25,717","$22,604",17,20
GMC,Sierra HD 2500,Truck,USA,All,"$29,322","$25,759",13,18
GMC,Sonoma Crew Cab,Truck,USA,All,"$25,395","$23,043",15,19
Honda,Civic Hybrid 4dr manual (gas/electric),Hybrid,Asia,Front,"$20,140","$18,451",46,51
Honda,Insight 2dr (gas/electric),Hybrid,Asia,Front,"$19,110","$17,911",60,66
Honda,Pilot LX,SUV,Asia,All,"$27,560","$24,843",17,22
Honda,CR-V LX,SUV,Asia,All,"$19,860","$18,419",21,25
Honda,Element LX,SUV,Asia,All,"$18,690","$17,334",21,24
Honda,Civic DX 2dr,Sedan,Asia,Front,"$13,270","$12,175",32,38
Honda,Civic HX 2dr,Sedan,Asia,Front,"$14,170","$12,996",36,44
Honda,Civic LX 4dr,Sedan,Asia,Front,"$15,850","$14,531",32,38
Honda,Accord LX 2dr,Sedan,Asia,Front,"$19,860","$17,924",26,34
Honda,Accord EX 2dr,Sedan,Asia,Front,"$22,260","$20,080",26,34
Honda,Civic EX 4dr,Sedan,Asia,Front,"$17,750","$16,265",32,37
Honda,Civic Si 2dr hatch,Sedan,Asia,Front,"$19,490","$17,849",26,30
Honda,Accord LX V6 4dr,Sedan,Asia,Front,"$23,760","$21,428",21,30
Honda,Accord EX V6 2dr,Sedan,Asia,Front,"$26,960","$24,304",21,30
Honda,Odyssey LX,Sedan,Asia,Front,"$24,950","$22,498",18,25
Honda,Odyssey EX,Sedan,Asia,Front,"$27,450","$24,744",18,25
Honda,S2000 convertible 2dr,Sports,Asia,Rear,"$33,260","$29,965",20,25
Hummer,H2,SUV,USA,All,"$49,995","$45,815",10,12
Hyundai,Santa Fe GLS,SUV,Asia,Front,"$21,589","$20,201",20,26
Hyundai,Accent 2dr hatch,Sedan,Asia,Front,"$10,539","$10,107",29,33
Hyundai,Accent GL 4dr,Sedan,Asia,Front,"$11,839","$11,116",29,33
Hyundai,Accent GT 2dr hatch,Sedan,Asia,Front,"$11,939","$11,209",29,33
Hyundai,Elantra GLS 4dr,Sedan,Asia,Front,"$13,839","$12,781",26,34
Hyundai,Elantra GT 4dr,Sedan,Asia,Front,"$15,389","$14,207",26,34
Hyundai,Elantra GT 4dr hatch,Sedan,Asia,Front,"$15,389","$14,207",26,34
Hyundai,Sonata GLS 4dr,Sedan,Asia,Front,"$19,339","$17,574",19,27
Hyundai,Sonata LX 4dr,Sedan,Asia,Front,"$20,339","$18,380",19,27
Hyundai,XG350 4dr,Sedan,Asia,Front,"$24,589","$22,055",17,26
Hyundai,XG350 L 4dr,Sedan,Asia,Front,"$26,189","$23,486",17,26
Hyundai,Tiburon GT V6 2dr,Sports,Asia,Front,"$18,739","$17,101",19,26
Infiniti,G35 4dr,Sedan,Asia,Rear,"$28,495","$26,157",18,26
Infiniti,G35 Sport Coupe 2dr,Sedan,Asia,Rear,"$29,795","$27,536",18,26
Infiniti,G35 4dr,Sedan,Asia,All,"$32,445","$29,783",18,26
Infiniti,I35 4dr,Sedan,Asia,Front,"$31,145","$28,320",19,26
Infiniti,M45 4dr,Sedan,Asia,Rear,"$42,845","$38,792",17,23
Infiniti,Q45 Luxury 4dr,Sedan,Asia,Rear,"$52,545","$47,575",17,23
Infiniti,FX35,Wagon,Asia,Rear,"$34,895","$31,756",16,22
Infiniti,FX45,Wagon,Asia,All,"$36,395","$33,121",15,19
Isuzu,Ascender S,SUV,Asia,All,"$31,849","$29,977",15,20
Isuzu,Rodeo S,SUV,Asia,Front,"$20,449","$19,261",17,21
Jaguar,X-Type 2.5 4dr,Sedan,Europe,All,"$29,995","$27,355",18,26
Jaguar,X-Type 3.0 4dr,Sedan,Europe,All,"$33,995","$30,995",18,25
Jaguar,S-Type 3.0 4dr,Sedan,Europe,Rear,"$43,895","$40,004",18,26
Jaguar,S-Type 4.2 4dr,Sedan,Europe,Rear,"$49,995","$45,556",18,28
Jaguar,S-Type R 4dr,Sedan,Europe,Rear,"$63,120","$57,499",17,24
Jaguar,Vanden Plas 4dr,Sedan,Europe,Rear,"$68,995","$62,846",18,28
Jaguar,XJ8 4dr,Sedan,Europe,Rear,"$59,995","$54,656",18,28
Jaguar,XJR 4dr,Sedan,Europe,Rear,"$74,995","$68,306",17,24
Jaguar,XK8 coupe 2dr,Sports,Europe,Rear,"$69,995","$63,756",18,26
Jaguar,XK8 convertible 2dr,Sports,Europe,Rear,"$74,995","$68,306",18,26
Jaguar,XKR coupe 2dr,Sports,Europe,Rear,"$81,995","$74,676",16,23
Jaguar,XKR convertible 2dr,Sports,Europe,Rear,"$86,995","$79,226",16,23
Jeep,Grand Cherokee Laredo,SUV,USA,Front,"$27,905","$25,686",16,21
Jeep,Liberty Sport,SUV,USA,All,"$20,130","$18,973",20,24
Jeep,Wrangler Sahara convertible 2dr,SUV,USA,All,"$25,520","$23,275",16,19
Kia,Sorento LX,SUV,Asia,Front,"$19,635","$18,630",16,19
Kia,Optima LX 4dr,Sedan,Asia,Front,"$16,040","$14,910",23,30
Kia,Rio 4dr manual,Sedan,Asia,Front,"$10,280","$9,875",26,33
Kia,Rio 4dr auto,Sedan,Asia,Front,"$11,155","$10,705",25,32
Kia,Spectra 4dr,Sedan,Asia,Front,"$12,360","$11,630",24,32
Kia,Spectra GS 4dr hatch,Sedan,Asia,Front,"$13,580","$12,830",24,32
Kia,Spectra GSX 4dr hatch,Sedan,Asia,Front,"$14,630","$13,790",24,32
Kia,Optima LX V6 4dr,Sedan,Asia,Front,"$18,435","$16,850",20,27
Kia,Amanti 4dr,Sedan,Asia,Front,"$26,000","$23,764",17,25
Kia,Sedona LX,Sedan,Asia,Front,"$20,615","$19,400",16,22
Kia,Rio Cinco,Wagon,Asia,Front,"$11,905","$11,410",26,33
Land Rover,Range Rover HSE,SUV,Europe,All,"$72,250","$65,807",12,16
Land Rover,Discovery SE,SUV,Europe,All,"$39,250","$35,777",12,16
Land Rover,Freelander SE,SUV,Europe,All,"$25,995","$23,969",18,21
Lexus,GX 470,SUV,Asia,All,"$45,700","$39,838",15,19
Lexus,LX 470,SUV,Asia,All,"$64,800","$56,455",13,17
Lexus,RX 330,SUV,Asia,All,"$39,195","$34,576",18,24
Lexus,ES 330 4dr,Sedan,Asia,Front,"$32,350","$28,755",20,29
Lexus,IS 300 4dr manual,Sedan,Asia,Rear,"$31,045","$27,404",18,25
Lexus,IS 300 4dr auto,Sedan,Asia,Rear,"$32,415","$28,611",18,24
Lexus,GS 300 4dr,Sedan,Asia,Rear,"$41,010","$36,196",18,25
Lexus,GS 430 4dr,Sedan,Asia,Rear,"$48,450","$42,232",18,23
Lexus,LS 430 4dr,Sedan,Asia,Rear,"$55,750","$48,583",18,25
Lexus,SC 430 convertible 2dr,Sports,Asia,Rear,"$63,200","$55,063",18,23
Lexus,IS 300 SportCross,Wagon,Asia,Rear,"$32,455","$28,647",18,24
Lincoln,Navigator Luxury,SUV,USA,All,"$52,775","$46,360",13,18
Lincoln,Aviator Ultimate,SUV,USA,Front,"$42,915","$39,443",13,18
Lincoln,LS V6 Luxury 4dr,Sedan,USA,Rear,"$32,495","$29,969",20,26
Lincoln,LS V6 Premium 4dr,Sedan,USA,Rear,"$36,895","$33,929",20,26
Lincoln,LS V8 Sport 4dr,Sedan,USA,Rear,"$40,095","$36,809",17,24
Lincoln,LS V8 Ultimate 4dr,Sedan,USA,Rear,"$43,495","$39,869",17,24
Lincoln,Town Car Signature 4dr,Sedan,USA,Rear,"$41,815","$38,418",17,25
Lincoln,Town Car Ultimate 4dr,Sedan,USA,Rear,"$44,925","$41,217",17,25
Lincoln,Town Car Ultimate L 4dr,Sedan,USA,Rear,"$50,470","$46,208",17,25
MINI,Cooper,Sedan,Europe,Front,"$16,999","$15,437",28,37
MINI,Cooper S,Sedan,Europe,Front,"$19,999","$18,137",25,34
Mazda,Tribute DX 2.0,SUV,Asia,All,"$21,087","$19,742",22,25
Mazda,Mazda3 i 4dr,Sedan,Asia,Front,"$15,500","$14,525",26,34
Mazda,Mazda3 s 4dr,Sedan,Asia,Front,"$17,200","$15,922",25,31
Mazda,Mazda6 i 4dr,Sedan,Asia,Front,"$19,270","$17,817",24,32
Mazda,MPV ES,Sedan,Asia,Front,"$28,750","$26,600",18,25
Mazda,MX-5 Miata convertible 2dr,Sports,Asia,Rear,"$22,388","$20,701",23,28
Mazda,MX-5 Miata LS convertible 2dr,Sports,Asia,Rear,"$25,193","$23,285",23,28
Mazda,RX-8 4dr automatic,Sports,Asia,Rear,"$25,700","$23,794",18,25
Mazda,RX-8 4dr manual,Sports,Asia,Rear,"$27,200","$25,179",18,24
Mazda,B2300 SX Regular Cab,Truck,Asia,Rear,"$14,840","$14,070",24,29
Mazda,B4000 SE Cab Plus,Truck,Asia,All,"$22,350","$20,482",15,19
Mercedes-Benz,G500,SUV,Europe,All,"$76,870","$71,540",13,14
Mercedes-Benz,ML500,SUV,Europe,All,"$46,470","$43,268",14,17
Mercedes-Benz,C230 Sport 2dr,Sedan,Europe,Rear,"$26,060","$24,249",22,30
Mercedes-Benz,C320 Sport 2dr,Sedan,Europe,Rear,"$28,370","$26,435",19,26
Mercedes-Benz,C240 4dr,Sedan,Europe,Rear,"$32,280","$30,071",20,25
Mercedes-Benz,C240 4dr,Sedan,Europe,All,"$33,480","$31,187",19,25
Mercedes-Benz,C320 Sport 4dr,Sedan,Europe,Rear,"$35,920","$33,456",19,26
Mercedes-Benz,C320 4dr,Sedan,Europe,Rear,"$37,630","$35,046",20,26
Mercedes-Benz,C320 4dr,Sedan,Europe,All,"$38,830","$36,162",19,27
Mercedes-Benz,C32 AMG 4dr,Sedan,Europe,Rear,"$52,120","$48,522",16,21
Mercedes-Benz,CL500 2dr,Sedan,Europe,Rear,"$94,820","$88,324",16,24
Mercedes-Benz,CL600 2dr,Sedan,Europe,Rear,"$128,420","$119,600",13,19
Mercedes-Benz,CLK320 coupe 2dr (convertible),Sedan,Europe,Rear,"$45,707","$41,966",20,26
Mercedes-Benz,CLK500 coupe 2dr (convertible),Sedan,Europe,Rear,"$52,800","$49,104",17,22
Mercedes-Benz,E320 4dr,Sedan,Europe,Rear,"$48,170","$44,849",19,27
Mercedes-Benz,E500 4dr,Sedan,Europe,Rear,"$57,270","$53,382",16,20
Mercedes-Benz,S430 4dr,Sedan,Europe,Rear,"$74,320","$69,168",18,26
Mercedes-Benz,S500 4dr,Sedan,Europe,All,"$86,970","$80,939",16,24
Mercedes-Benz,SL500 convertible 2dr,Sports,Europe,Rear,"$90,520","$84,325",16,23
Mercedes-Benz,SL55 AMG 2dr,Sports,Europe,Rear,"$121,770","$113,388",14,21
Mercedes-Benz,SL600 convertible 2dr,Sports,Europe,Rear,"$126,670","$117,854",13,19
Mercedes-Benz,SLK230 convertible 2dr,Sports,Europe,Rear,"$40,320","$37,548",21,29
Mercedes-Benz,SLK32 AMG 2dr,Sports,Europe,Rear,"$56,170","$52,289",17,22
Mercedes-Benz,C240,Wagon,Europe,Rear,"$33,780","$31,466",19,25
Mercedes-Benz,E320,Wagon,Europe,Rear,"$50,670","$47,174",19,27
Mercedes-Benz,E500,Wagon,Europe,All,"$60,670","$56,474",16,24
Mercury,Mountaineer,SUV,USA,Front,"$29,995","$27,317",16,21
Mercury,Sable GS 4dr,Sedan,USA,Front,"$21,595","$19,848",20,27
Mercury,Grand Marquis GS 4dr,Sedan,USA,Rear,"$24,695","$23,217",17,25
Mercury,Grand Marquis LS Premium 4dr,Sedan,USA,Rear,"$29,595","$27,148",17,25
Mercury,Sable LS Premium 4dr,Sedan,USA,Front,"$23,895","$21,918",19,26
Mercury,Grand Marquis LS Ultimate 4dr,Sedan,USA,Rear,"$30,895","$28,318",17,25
Mercury,Marauder 4dr,Sedan,USA,Rear,"$34,495","$31,558",17,23
Mercury,Monterey Luxury,Sedan,USA,Front,"$33,995","$30,846",16,23
Mercury,Sable GS,Wagon,USA,Front,"$22,595","$20,748",19,26
Mitsubishi,Endeavor XLS,SUV,Asia,All,"$30,492","$28,330",17,21
Mitsubishi,Montero XLS,SUV,Asia,All,"$33,112","$30,763",15,19
Mitsubishi,Outlander LS,SUV,Asia,Front,"$18,892","$17,569",21,27
Mitsubishi,Lancer ES 4dr,Sedan,Asia,Front,"$14,622","$13,751",25,31
Mitsubishi,Lancer LS 4dr,Sedan,Asia,Front,"$16,722","$15,718",25,31
Mitsubishi,Galant ES 2.4L 4dr,Sedan,Asia,Front,"$19,312","$17,957",23,30
Mitsubishi,Lancer OZ Rally 4dr auto,Sedan,Asia,Front,"$17,232","$16,196",25,31
Mitsubishi,Diamante LS 4dr,Sedan,Asia,Front,"$29,282","$27,250",18,25
Mitsubishi,Galant GTS 4dr,Sedan,Asia,Front,"$25,700","$23,883",18,26
Mitsubishi,Eclipse GTS 2dr,Sports,Asia,Front,"$25,092","$23,456",21,28
Mitsubishi,Eclipse Spyder GT convertible 2dr,Sports,Asia,Front,"$26,992","$25,218",21,28
Mitsubishi,Lancer Evolution 4dr,Sports,Asia,Front,"$29,562","$27,466",18,26
Mitsubishi,Lancer Sportback LS,Wagon,Asia,Front,"$17,495","$16,295",25,31
Nissan,Pathfinder Armada SE,SUV,Asia,Front,"$33,840","$30,815",13,19
Nissan,Pathfinder SE,SUV,Asia,Front,"$27,339","$25,972",16,21
Nissan,Xterra XE V6,SUV,Asia,Front,"$20,939","$19,512",17,20
Nissan,Sentra 1.8 4dr,Sedan,Asia,Front,"$12,740","$12,205",28,35
Nissan,Sentra 1.8 S 4dr,Sedan,Asia,Front,"$14,740","$13,747",28,35
Nissan,Altima S 4dr,Sedan,Asia,Front,"$19,240","$18,030",21,26
Nissan,Sentra SE-R 4dr,Sedan,Asia,Front,"$17,640","$16,444",23,28
Nissan,Altima SE 4dr,Sedan,Asia,Front,"$23,290","$21,580",21,26
Nissan,Maxima SE 4dr,Sedan,Asia,Front,"$27,490","$25,182",20,28
Nissan,Maxima SL 4dr,Sedan,Asia,Front,"$29,440","$26,966",20,28
Nissan,Quest S,Sedan,Asia,Front,"$24,780","$22,958",19,26
Nissan,Quest SE,Sedan,Asia,Front,"$32,780","$30,019",18,25
Nissan,350Z coupe 2dr,Sports,Asia,Rear,"$26,910","$25,203",20,26
Nissan,350Z Enthusiast convertible 2dr,Sports,Asia,Rear,"$34,390","$31,845",20,26
Nissan,Frontier King Cab XE V6,Truck,Asia,All,"$19,479","$18,253",17,20
Nissan,Titan King Cab XE,Truck,Asia,All,"$26,650","$24,926",14,18
Nissan,Murano SL,Wagon,Asia,Rear,"$28,739","$27,300",20,25
Oldsmobile,Alero GX 2dr,Sedan,USA,Front,"$18,825","$17,642",24,32
Oldsmobile,Alero GLS 2dr,Sedan,USA,Front,"$23,675","$21,485",20,29
Oldsmobile,Silhouette GL,Sedan,USA,Front,"$28,790","$26,120",19,26
Pontiac,Aztekt,SUV,USA,Front,"$21,595","$19,810",19,26
Pontiac,Sunfire 1SA 2dr,Sedan,USA,Front,"$15,495","$14,375",24,33
Pontiac,Grand Am GT 2dr,Sedan,USA,Front,"$22,450","$20,595",20,29
Pontiac,Grand Prix GT1 4dr,Sedan,USA,Front,"$22,395","$20,545",20,30
Pontiac,Sunfire 1SC 2dr,Sedan,USA,Front,"$17,735","$16,369",24,33
Pontiac,Grand Prix GT2 4dr,Sedan,USA,Front,"$24,295","$22,284",20,30
Pontiac,Bonneville GXP 4dr,Sedan,USA,Front,"$35,995","$32,997",17,20
Pontiac,Montana,Sedan,USA,Front,"$23,845","$21,644",19,26
Pontiac,Montana EWB,Sedan,USA,All,"$31,370","$28,454",18,24
Pontiac,GTO 2dr,Sports,USA,Rear,"$33,500","$30,710",16,20
Pontiac,Vibe,Wagon,USA,Rear,"$17,045","$15,973",29,36
Porsche,Cayenne S,SUV,Europe,All,"$56,665","$49,865",14,18
Porsche,911 Carrera convertible 2dr (coupe),Sports,Europe,Rear,"$79,165","$69,229",18,26
Porsche,911 Carrera 4S coupe 2dr (convert),Sports,Europe,All,"$84,165","$72,206",17,24
Porsche,911 Targa coupe 2dr,Sports,Europe,Rear,"$76,765","$67,128",18,26
Porsche,911 GT2 2dr,Sports,Europe,Rear,"$192,465","$173,560",17,24
Porsche,Boxster convertible 2dr,Sports,Europe,Rear,"$43,365","$37,886",20,29
Porsche,Boxster S convertible 2dr,Sports,Europe,Rear,"$52,365","$45,766",18,26
Saab,9-3 Arc Sport 4dr,Sedan,Europe,Front,"$30,860","$29,269",20,28
Saab,9-3 Aero 4dr,Sedan,Europe,Front,"$33,360","$31,562",20,28
Saab,9-5 Arc 4dr,Sedan,Europe,Front,"$35,105","$33,011",21,29
Saab,9-5 Aero 4dr,Sedan,Europe,Front,"$39,465","$37,721",21,29
Saab,9-3 Arc convertible 2dr,Sedan,Europe,Front,"$40,670","$38,520",21,29
Saab,9-3 Aero convertible 2dr,Sedan,Europe,Front,"$43,175","$40,883",21,30
Saab,9-5 Aero,Wagon,Europe,Front,"$40,845","$38,376",19,29
Saturn,VUE,SUV,USA,All,"$20,585","$19,238",21,26
Saturn,Ion1 4dr,Sedan,USA,Front,"$10,995","$10,319",26,35
Saturn,lon2 4dr,Sedan,USA,Front,"$14,300","$13,393",26,35
Saturn,lon3 4dr,Sedan,USA,Front,"$15,825","$14,811",26,35
Saturn,lon2 quad coupe 2dr,Sedan,USA,Front,"$14,850","$13,904",26,35
Saturn,lon3 quad coupe 2dr,Sedan,USA,Front,"$16,350","$15,299",26,35
Saturn,L300-2 4dr,Sedan,USA,Front,"$21,410","$19,801",20,28
Saturn,L300 2,Wagon,USA,Front,"$23,560","$21,779",24,34
Scion,xA 4dr hatch,Sedan,Asia,Front,"$12,965","$12,340",32,38
Scion,xB,Wagon,Asia,Front,"$14,165","$13,480",31,35
Subaru,Impreza 2.5 RS 4dr,Sedan,Asia,All,"$19,945","$18,399",22,28
Subaru,Legacy L 4dr,Sedan,Asia,All,"$20,445","$18,713",21,28
Subaru,Legacy GT 4dr,Sedan,Asia,All,"$25,645","$23,336",21,28
Subaru,Outback Limited Sedan 4dr,Sedan,Asia,All,"$27,145","$24,687",20,27
Subaru,Outback H6 4dr,Sedan,Asia,All,"$29,345","$26,660",19,26
Subaru,Outback H-6 VDC 4dr,Sedan,Asia,All,"$31,545","$28,603",19,26
Subaru,Impreza WRX 4dr,Sports,Asia,All,"$25,045","$23,022",20,27
Subaru,Impreza WRX STi 4dr,Sports,Asia,All,"$31,545","$29,130",18,24
Subaru,Baja,Truck,Asia,All,"$24,520","$22,304",21,28
Subaru,Forester X,Wagon,Asia,All,"$21,445","$19,646",21,28
Subaru,Outback,Wagon,Asia,All,"$23,895","$21,773",21,28
Suzuki,XL-7 EX,SUV,Asia,Front,"$23,699","$22,307",18,22
Suzuki,Vitara LX,SUV,Asia,All,"$17,163","$16,949",19,22
Suzuki,Aeno S 4dr,Sedan,Asia,Front,"$12,884","$12,719",25,31
Suzuki,Aerio LX 4dr,Sedan,Asia,Front,"$14,500","$14,317",25,31
Suzuki,Forenza S 4dr,Sedan,Asia,Front,"$12,269","$12,116",24,31
Suzuki,Forenza EX 4dr,Sedan,Asia,Front,"$15,568","$15,378",22,30
Suzuki,Verona LX 4dr,Sedan,Asia,Front,"$17,262","$17,053",20,27
Suzuki,Aerio SX,Wagon,Asia,All,"$16,497","$16,291",24,29
Toyota,Prius 4dr (gas/electric),Hybrid,Asia,Front,"$20,510","$18,926",59,51
Toyota,Sequoia SR5,SUV,Asia,All,"$35,695","$31,827",14,17
Toyota,4Runner SR5 V6,SUV,Asia,Front,"$27,710","$24,801",18,21
Toyota,Highlander V6,SUV,Asia,All,"$27,930","$24,915",18,24
Toyota,Land Cruiser,SUV,Asia,All,"$54,765","$47,986",13,17
Toyota,RAV4,SUV,Asia,All,"$20,290","$18,553",22,27
Toyota,Corolla CE 4dr,Sedan,Asia,Front,"$14,085","$13,065",32,40
Toyota,Corolla S 4dr,Sedan,Asia,Front,"$15,030","$13,650",32,40
Toyota,Corolla LE 4dr,Sedan,Asia,Front,"$15,295","$13,889",32,40
Toyota,Echo 2dr manual,Sedan,Asia,Front,"$10,760","$10,144",35,43
Toyota,Echo 2dr auto,Sedan,Asia,Front,"$11,560","$10,896",33,39
Toyota,Echo 4dr,Sedan,Asia,Front,"$11,290","$10,642",35,43
Toyota,Camry LE 4dr,Sedan,Asia,Front,"$19,560","$17,558",24,33
Toyota,Camry LE V6 4dr,Sedan,Asia,Front,"$22,775","$20,325",21,29
Toyota,Camry Solara SE 2dr,Sedan,Asia,Front,"$19,635","$17,722",24,33
Toyota,Camry Solara SE V6 2dr,Sedan,Asia,Front,"$21,965","$19,819",20,29
Toyota,Avalon XL 4dr,Sedan,Asia,Front,"$26,560","$23,693",21,29
Toyota,Camry XLE V6 4dr,Sedan,Asia,Front,"$25,920","$23,125",21,29
Toyota,Camry Solara SLE V6 2dr,Sedan,Asia,Front,"$26,510","$23,908",20,29
Toyota,Avalon XLS 4dr,Sedan,Asia,Front,"$30,920","$27,271",21,29
Toyota,Sienna CE,Sedan,Asia,Front,"$23,495","$21,198",19,27
Toyota,Sienna XLE Limited,Sedan,Asia,Front,"$28,800","$25,690",19,27
Toyota,Celica GT-S 2dr,Sports,Asia,Front,"$22,570","$20,363",24,33
Toyota,MR2 Spyder convertible 2dr,Sports,Asia,Rear,"$25,130","$22,787",26,32
Toyota,Tacoma,Truck,Asia,Rear,"$12,800","$11,879",22,27
Toyota,Tundra Regular Cab V6,Truck,Asia,Rear,"$16,495","$14,978",16,18
Toyota,Tundra Access Cab V6 SR5,Truck,Asia,All,"$25,935","$23,520",14,17
Toyota,Matrix XR,Wagon,Asia,Front,"$16,695","$15,156",29,36
Volkswagen,Touareg V6,SUV,Europe,All,"$35,515","$32,243",15,20
Volkswagen,Golf GLS 4dr,Sedan,Europe,Front,"$18,715","$17,478",24,31
Volkswagen,GTI 1.8T 2dr hatch,Sedan,Europe,Front,"$19,825","$18,109",24,31
Volkswagen,Jetta GLS TDI 4dr,Sedan,Europe,Front,"$21,055","$19,638",38,46
Volkswagen,New Beetle GLS 1.8T 2dr,Sedan,Europe,Front,"$21,055","$19,638",24,31
Volkswagen,Jetta GLI VR6 4dr,Sedan,Europe,Front,"$23,785","$21,686",21,30
Volkswagen,New Beetle GLS convertible 2dr,Sedan,Europe,Front,"$23,215","$21,689",24,30
Volkswagen,Passat GLS 4dr,Sedan,Europe,Front,"$23,955","$21,898",22,31
Volkswagen,Passat GLX V6 4MOTION 4dr,Sedan,Europe,Front,"$33,180","$30,583",19,26
Volkswagen,Passat W8 4MOTION 4dr,Sedan,Europe,Front,"$39,235","$36,052",18,25
Volkswagen,Phaeton 4dr,Sedan,Europe,Front,"$65,000","$59,912",16,22
Volkswagen,Phaeton W12 4dr,Sedan,Europe,Front,"$75,000","$69,130",12,19
Volkswagen,Jetta GL,Wagon,Europe,Front,"$19,005","$17,427",24,30
Volkswagen,Passat GLS 1.8T,Wagon,Europe,Front,"$24,955","$22,801",22,31
Volkswagen,Passat W8,Wagon,Europe,Front,"$40,235","$36,956",18,25
Volvo,XC90 T6,SUV,Europe,All,"$41,250","$38,851",15,20
Volvo,S40 4dr,Sedan,Europe,Front,"$25,135","$23,701",22,29
Volvo,S60 2.5 4dr,Sedan,Europe,All,"$31,745","$29,916",20,27
Volvo,S60 T5 4dr,Sedan,Europe,Front,"$34,845","$32,902",20,28
Volvo,S60 R 4dr,Sedan,Europe,All,"$37,560","$35,382",18,25
Volvo,S80 2.9 4dr,Sedan,Europe,Front,"$37,730","$35,542",20,28
Volvo,S80 2.5T 4dr,Sedan,Europe,All,"$37,885","$35,688",20,27
Volvo,C70 LPT convertible 2dr,Sedan,Europe,Front,"$40,565","$38,203",21,28
Volvo,C70 HPT convertible 2dr,Sedan,Europe,Front,"$42,565","$40,083",20,26
Volvo,S80 T6 4dr,Sedan,Europe,Front,"$45,210","$42,573",19,26
Volvo,V40,Wagon,Europe,Front,"$26,135","$24,641",22,29
Volvo,XC70,Wagon,Europe,All,"$35,145","$33,112",20,27
