{"paging":{"page":1,"total":3558,"page_size":20,"pages":178},"loans":[{"id":1381715,"name":"Ami","description":{"languages":["fr","en"]},"status":"fundraising","funded_amount":0,"basket_amount":0,"image":{"id":2167329,"template_id":1},"activity":"Cloth & Dressmaking Supplies","sector":"Retail","use":"to pay for 10 lengths of traditional 'pagne' cloth.","location":{"country_code":"TG","country":"Togo","town":"Adidogom\u00e9","geo":{"level":"town","pairs":"8 1.166667","type":"point"}},"partner_id":296,"posted_date":"2017-09-26T17:10:04Z","planned_expiration_date":"2017-10-26T17:10:04Z","loan_amount":300,"borrower_count":1,"lender_count":0,"bonus_credit_eligibility":false,"tags":[]},{"id":1382047,"name":"Salome Maribel","description":{"languages":["es","en"]},"status":"fundraising","funded_amount":0,"basket_amount":0,"image":{"id":2642013,"template_id":1},"activity":"Farming","sector":"Agriculture","themes":["Rural Exclusion"],"use":"to maintain her corn cultivation to have a more productive harvest.","location":{"country_code":"PE","country":"Peru","town":"Ayacucho","geo":{"level":"town","pairs":"-13.158333 -74.223889","type":"point"}},"partner_id":435,"posted_date":"2017-09-26T17:10:04Z","planned_expiration_date":"2017-10-26T17:10:04Z","loan_amount":1550,"borrower_count":1,"lender_count":0,"bonus_credit_eligibility":true,"tags":[]},{"id":1381658,"name":"Mariano","description":{"languages":["en"]},"status":"fundraising","funded_amount":0,"basket_amount":0,"image":{"id":2639398,"template_id":1},"activity":"Personal Housing Expenses","sector":"Housing","themes":["Water and Sanitation"],"use":"to buy concrete blocks, cement, sand, PVC pipe, a PVC elbow, GI sheets, lumber, a PVC door and nails.","location":{"country_code":"PH","country":"Philippines","town":"Hilongos, Leyte","geo":{"level":"town","pairs":"13 122","type":"point"}},"partner_id":125,"posted_date":"2017-09-26T17:10:03Z","planned_expiration_date":"2017-10-26T17:10:03Z","loan_amount":200,"borrower_count":1,"lender_count":0,"bonus_credit_eligibility":true,"tags":[]},{"id":1381659,"name":"Josephine","description":{"languages":["en"]},"status":"fundraising","funded_amount":0,"basket_amount":0,"image":{"id":2641502,"template_id":1},"activity":"Home Energy","sector":"Personal Use","themes":["Clean Energy","Green","Earth Day Campaign"],"use":"to buy an eco-friendly stove.","location":{"country_code":"KE","country":"Kenya","town":"Matuu","geo":{"level":"town","pairs":"1 38","type":"point"}},"partner_id":156,"posted_date":"2017-09-26T17:10:03Z","planned_expiration_date":"2017-10-26T17:10:03Z","loan_amount":50,"borrower_count":1,"lender_count":0,"bonus_credit_eligibility":false,"tags":[]},{"id":1381657,"name":"Restusta","description":{"languages":["en"]},"status":"fundraising","funded_amount":0,"basket_amount":0,"image":{"id":2641490,"template_id":1},"activity":"Grocery Store","sector":"Food","use":"Restusta to increase the out-of-stock items in her grocery store, such as, kilos of sugar and rice, liters of cooking oil, and soft drinks, for her business to grow.","location":{"country_code":"TZ","country":"Tanzania","town":"Mwanza","geo":{"level":"town","pairs":"-2.516667 32.9","type":"point"}},"partner_id":87,"posted_date":"2017-09-26T17:10:02Z","planned_expiration_date":"2017-10-26T17:10:02Z","loan_amount":175,"borrower_count":1,"lender_count":0,"bonus_credit_eligibility":false,"tags":[]},{"id":1381721,"name":"Am\u00e9yo","description":{"languages":["fr","en"]},"status":"fundraising","funded_amount":0,"basket_amount":0,"image":{"id":2641575,"template_id":1},"activity":"Recycled Materials","sector":"Retail","use":"to buy 50 packages of used hair extensions and 30 packages of used hair weaves.","location":{"country_code":"TG","country":"Togo","town":"Agoe","geo":{"level":"town","pairs":"8 1.166667","type":"point"}},"partner_id":296,"posted_date":"2017-09-26T17:00:04Z","planned_expiration_date":"2017-10-26T17:00:04Z","loan_amount":275,"borrower_count":1,"lender_count":0,"bonus_credit_eligibility":false,"tags":[{"name":"#Eco-friendly"},{"name":"#Elderly"}]},{"id":1381710,"name":"Afi","description":{"languages":["fr","en"]},"status":"fundraising","funded_amount":0,"basket_amount":0,"image":{"id":2641567,"template_id":1},"activity":"Food Market","sector":"Food","use":"to pay for 9 baskets of fresh tomatoes, 2 sacks of green chili peppers, and 4 sacks of okra.","location":{"country_code":"TG","country":"Togo","town":"Adidogom\u00e9","geo":{"level":"town","pairs":"8 1.166667","type":"point"}},"partner_id":296,"posted_date":"2017-09-26T17:00:03Z","planned_expiration_date":"2017-10-26T17:00:03Z","loan_amount":375,"borrower_count":1,"lender_count":0,"bonus_credit_eligibility":false,"tags":[{"name":"#Parent"},{"name":"#Repeat Borrower"}]},{"id":1382029,"name":"Roberto","description":{"languages":["es","en"]},"status":"fundraising","funded_amount":0,"basket_amount":0,"image":{"id":2641986,"template_id":1},"activity":"Home Energy","sector":"Personal Use","themes":["Green","Earth Day Campaign"],"use":"to acquire a solar energy system of 300 watts with 12 lights and accessories to be installed in his farm.","location":{"country_code":"NI","country":"Nicaragua","geo":{"level":"country","pairs":"13 -85","type":"point"}},"partner_id":279,"posted_date":"2017-09-26T17:00:03Z","planned_expiration_date":"2017-10-26T17:00:02Z","loan_amount":1375,"borrower_count":1,"lender_count":0,"bonus_credit_eligibility":false,"tags":[{"name":"#Eco-friendly"},{"name":"#Technology"}]},{"id":1381655,"name":"Zada","description":{"languages":["en"]},"status":"fundraising","funded_amount":0,"basket_amount":0,"image":{"id":2641465,"template_id":1},"activity":"Personal Housing Expenses","sector":"Housing","use":"to paint the rooms of her house and change the doors to make her home warmer for the winter.","location":{"country_code":"XK","country":"Kosovo","geo":{"level":"country","pairs":"42.583333 21","type":"point"}},"partner_id":240,"posted_date":"2017-09-26T17:00:02Z","planned_expiration_date":"2017-10-26T17:00:02Z","loan_amount":2150,"borrower_count":1,"lender_count":0,"bonus_credit_eligibility":false,"tags":[]},{"id":1381282,"name":"Shaheen","description":{"languages":["en"]},"status":"fundraising","funded_amount":0,"basket_amount":0,"image":{"id":2640963,"template_id":1},"activity":"Embroidery","sector":"Arts","themes":["Underfunded Areas"],"use":"to buy materials such as thread, fancy cloth, sequins and pearls, to have in stock for her wedding dress hand embroidery business.","location":{"country_code":"PK","country":"Pakistan","town":"Muzaffargarh","geo":{"level":"town","pairs":"30 70","type":"point"}},"partner_id":247,"posted_date":"2017-09-26T16:50:03Z","planned_expiration_date":"2017-10-26T16:50:03Z","loan_amount":575,"borrower_count":1,"lender_count":0,"bonus_credit_eligibility":false,"tags":[{"name":"user_favorite"},{"name":"#Fabrics"}]},{"id":1381702,"name":"Essi","description":{"languages":["fr","en"]},"status":"fundraising","funded_amount":0,"basket_amount":0,"image":{"id":2641561,"template_id":1},"activity":"Fruits & Vegetables","sector":"Food","use":"to buy 2 bags of onions.","location":{"country_code":"TG","country":"Togo","town":"Adidogom\u00e9","geo":{"level":"town","pairs":"8 1.166667","type":"point"}},"partner_id":296,"posted_date":"2017-09-26T16:50:03Z","planned_expiration_date":"2017-10-26T16:50:03Z","loan_amount":200,"borrower_count":1,"lender_count":0,"bonus_credit_eligibility":false,"tags":[{"name":"#Repeat Borrower"}]},{"id":1381706,"name":"Afi","description":{"languages":["fr","en"]},"status":"fundraising","funded_amount":0,"basket_amount":0,"image":{"id":2641564,"template_id":1},"activity":"Food Market","sector":"Food","use":"to pay for 10 sacks of corn, 10 bowls of beans, and 100 bowls of chili peppers.","location":{"country_code":"TG","country":"Togo","town":"Adidogom\u00e9","geo":{"level":"town","pairs":"8 1.166667","type":"point"}},"partner_id":296,"posted_date":"2017-09-26T16:50:03Z","planned_expiration_date":"2017-10-26T16:50:03Z","loan_amount":600,"borrower_count":1,"lender_count":0,"bonus_credit_eligibility":false,"tags":[{"name":"#Woman Owned Biz"},{"name":"#Widowed"},{"name":"#Elderly"}]},{"id":1380489,"name":"Julio Cesar","description":{"languages":["es","en"]},"status":"fundraising","funded_amount":0,"basket_amount":50,"image":{"id":2639832,"template_id":1},"activity":"Farming","sector":"Agriculture","use":"to buy compost, soil minerals, and pesticides.","location":{"country_code":"NI","country":"Nicaragua","town":"Matagalpa","geo":{"level":"town","pairs":"13 -85","type":"point"}},"partner_id":176,"posted_date":"2017-09-26T16:50:02Z","planned_expiration_date":"2017-10-26T16:50:02Z","loan_amount":300,"borrower_count":1,"lender_count":2,"bonus_credit_eligibility":true,"tags":[{"name":"#Elderly"}]},{"id":1382039,"name":"Rosa Maria","description":{"languages":["es","en"]},"status":"fundraising","funded_amount":0,"basket_amount":0,"image":{"id":2641998,"template_id":1},"activity":"Food Stall","sector":"Food","use":"to buy corn, oil, vegetables, disposable plates, forks, etc., to stock her inventory and improve the productivity of her food sales.","location":{"country_code":"SV","country":"El Salvador","geo":{"level":"country","pairs":"13.833333 -88.916667","type":"point"}},"partner_id":167,"posted_date":"2017-09-26T16:50:02Z","planned_expiration_date":"2017-10-26T16:50:02Z","loan_amount":300,"borrower_count":1,"lender_count":0,"bonus_credit_eligibility":true,"tags":[{"name":"#Woman Owned Biz"}]},{"id":1381293,"name":"Magnificat","description":{"languages":["en"]},"status":"fundraising","funded_amount":100,"basket_amount":0,"image":{"id":2637177,"template_id":1},"activity":"Higher education costs","sector":"Education","themes":["Higher Education","Youth","Conflict Zones"],"use":"to pay for a laptop required for a US college degree in marketing communications.","location":{"country_code":"RW","country":"Rwanda","town":"Kigali","geo":{"level":"town","pairs":"-1.953611 30.060556","type":"point"}},"partner_id":441,"posted_date":"2017-09-26T16:40:09Z","planned_expiration_date":"2017-10-26T16:40:08Z","loan_amount":300,"borrower_count":1,"lender_count":2,"bonus_credit_eligibility":false,"tags":[{"name":"#Schooling"},{"name":"#Technology"}]},{"id":1381647,"name":"Pastori","description":{"languages":["en"]},"status":"fundraising","funded_amount":0,"basket_amount":0,"image":{"id":2641434,"template_id":1},"activity":"Farming","sector":"Agriculture","themes":["Rural Exclusion"],"use":"to purchase mulch and hire labour.","location":{"country_code":"UG","country":"Uganda","town":"Mbarara","geo":{"level":"town","pairs":"-0.416667 30.75","type":"point"}},"partner_id":222,"posted_date":"2017-09-26T16:40:08Z","planned_expiration_date":"2017-10-26T16:40:08Z","loan_amount":375,"borrower_count":1,"lender_count":0,"bonus_credit_eligibility":true,"tags":[]},{"id":1381968,"name":"Obdulia","description":{"languages":["es","en"]},"status":"fundraising","funded_amount":0,"basket_amount":0,"image":{"id":2639754,"template_id":1},"activity":"Personal Medical Expenses","sector":"Health","use":"to pay for her husband's eye surgery to restore his vision.","location":{"country_code":"MX","country":"Mexico","town":"Nuevo Laredo,Tamaulipas","geo":{"level":"town","pairs":"23 -102","type":"point"}},"partner_id":357,"posted_date":"2017-09-26T16:40:08Z","planned_expiration_date":"2017-10-26T16:40:08Z","loan_amount":1225,"borrower_count":1,"lender_count":0,"bonus_credit_eligibility":false,"tags":[{"name":"#Elderly"},{"name":"#Health and Sanitation"}]},{"id":1382046,"name":"Claudia Santos","description":{"languages":["es","en"]},"status":"fundraising","funded_amount":0,"basket_amount":0,"image":{"id":2642012,"template_id":1},"activity":"Clothing Sales","sector":"Clothing","themes":["Vulnerable Groups"],"use":"to buy more clothing to continue selling.","location":{"country_code":"SV","country":"El Salvador","town":"San Miguel","geo":{"level":"town","pairs":"13.833333 -88.916667","type":"point"}},"partner_id":199,"posted_date":"2017-09-26T16:40:08Z","planned_expiration_date":"2017-10-26T16:40:08Z","loan_amount":300,"borrower_count":1,"lender_count":0,"bonus_credit_eligibility":true,"tags":[{"name":"#Repeat Borrower"}]},{"id":1382023,"name":"Ana Isabel","description":{"languages":["es","en"]},"status":"fundraising","funded_amount":0,"basket_amount":0,"image":{"id":2641980,"template_id":1},"activity":"Farm Supplies","sector":"Agriculture","themes":["Rural Exclusion"],"use":"to buy fertiliser for the bean crop.","location":{"country_code":"SV","country":"El Salvador","town":"Ciudad El Triunfo","geo":{"level":"town","pairs":"13.833333 -88.916667","type":"point"}},"partner_id":199,"posted_date":"2017-09-26T16:40:07Z","planned_expiration_date":"2017-10-26T16:40:07Z","loan_amount":150,"borrower_count":1,"lender_count":0,"bonus_credit_eligibility":true,"tags":[{"name":"#Repeat Borrower"}]},{"id":1382035,"name":"Mar\u00eda Candelaria","description":{"languages":["es","en"]},"status":"fundraising","funded_amount":0,"basket_amount":50,"image":{"id":2641994,"template_id":1},"activity":"Fish Selling","sector":"Food","themes":["Vulnerable Groups"],"use":"to buy more fish in order to keep selling.","location":{"country_code":"SV","country":"El Salvador","town":"Ciudad El Triunfo","geo":{"level":"town","pairs":"13.833333 -88.916667","type":"point"}},"partner_id":199,"posted_date":"2017-09-26T16:40:07Z","planned_expiration_date":"2017-10-26T16:40:07Z","loan_amount":300,"borrower_count":1,"lender_count":0,"bonus_credit_eligibility":true,"tags":[{"name":"#Woman Owned Biz"},{"name":"#Repeat Borrower"}]}]}