﻿<?xml version="1.0" encoding="utf-8"?>
<wb:data page="1" pages="1" per_page="5000" total="266" sourceid="2" lastupdated="2025-04-15" xmlns:wb="http://www.worldbank.org">
  <wb:data>
    <wb:indicator id="SP.POP.TOTL">Population, total</wb:indicator>
    <wb:country id="ZH">Africa Eastern and Southern</wb:country>
    <wb:countryiso3code>AFE</wb:countryiso3code>
    <wb:date>2020</wb:date>
    <wb:value>694446100</wb:value>
    <wb:unit />
    <wb:obs_status />
    <wb:decimal>0</wb:decimal>
  </wb:data>
  <wb:data>
    <wb:indicator id="SP.POP.TOTL">Population, total</wb:indicator>
    <wb:country id="ZI">Africa Western and Central</wb:country>
    <wb:countryiso3code>AFW</wb:countryiso3code>
    <wb:date>2020</wb:date>
    <wb:value>474569351</wb:value>
    <wb:unit />
    <wb:obs_status />
    <wb:decimal>0</wb:decimal>
  </wb:data>
  <wb:data>
    <wb:indicator id="SP.POP.TOTL">Population, total</wb:indicator>
    <wb:country id="1A">Arab World</wb:country>
    <wb:countryiso3code>ARB</wb:countryiso3code>
    <wb:date>2020</wb:date>
    <wb:value>453723239</wb:value>
    <wb:unit />
    <wb:obs_status />
    <wb:decimal>0</wb:decimal>
  </wb:data>
  <wb:data>
    <wb:indicator id="SP.POP.TOTL">Population, total</wb:indicator>
    <wb:country id="S3">Caribbean small states</wb:country>
    <wb:countryiso3code>CSS</wb:countryiso3code>
    <wb:date>2020</wb:date>
    <wb:value>3092577</wb:value>
    <wb:unit />
    <wb:obs_status />
    <wb:decimal>0</wb:decimal>
  </wb:data>
  <wb:data>
    <wb:indicator id="SP.POP.TOTL">Population, total</wb:indicator>
    <wb:country id="B8">Central Europe and the Baltics</wb:country>
    <wb:countryiso3code>CEB</wb:countryiso3code>
    <wb:date>2020</wb:date>
    <wb:value>102046650</wb:value>
    <wb:unit />
    <wb:obs_status />
    <wb:decimal>0</wb:decimal>
  </wb:data>
  <wb:data>
    <wb:indicator id="SP.POP.TOTL">Population, total</wb:indicator>
    <wb:country id="V2">Early-demographic dividend</wb:country>
    <wb:countryiso3code>EAR</wb:countryiso3code>
    <wb:date>2020</wb:date>
    <wb:value>3396051187</wb:value>
    <wb:unit />
    <wb:obs_status />
    <wb:decimal>0</wb:decimal>
  </wb:data>
  <wb:data>
    <wb:indicator id="SP.POP.TOTL">Population, total</wb:indicator>
    <wb:country id="Z4">East Asia &amp; Pacific</wb:country>
    <wb:countryiso3code>EAS</wb:countryiso3code>
    <wb:date>2020</wb:date>
    <wb:value>2369438682</wb:value>
    <wb:unit />
    <wb:obs_status />
    <wb:decimal>0</wb:decimal>
  </wb:data>
  <wb:data>
    <wb:indicator id="SP.POP.TOTL">Population, total</wb:indicator>
    <wb:country id="4E">East Asia &amp; Pacific (excluding high income)</wb:country>
    <wb:countryiso3code>EAP</wb:countryiso3code>
    <wb:date>2020</wb:date>
    <wb:value>2121866294</wb:value>
    <wb:unit />
    <wb:obs_status />
    <wb:decimal>0</wb:decimal>
  </wb:data>
  <wb:data>
    <wb:indicator id="SP.POP.TOTL">Population, total</wb:indicator>
    <wb:country id="T4">East Asia &amp; Pacific (IDA &amp; IBRD countries)</wb:country>
    <wb:countryiso3code>TEA</wb:countryiso3code>
    <wb:date>2020</wb:date>
    <wb:value>2095759417</wb:value>
    <wb:unit />
    <wb:obs_status />
    <wb:decimal>0</wb:decimal>
  </wb:data>
  <wb:data>
    <wb:indicator id="SP.POP.TOTL">Population, total</wb:indicator>
    <wb:country id="XC">Euro area</wb:country>
    <wb:countryiso3code>EMU</wb:countryiso3code>
    <wb:date>2020</wb:date>
    <wb:value>346922366</wb:value>
    <wb:unit />
    <wb:obs_status />
    <wb:decimal>0</wb:decimal>
  </wb:data>
  <wb:data>
    <wb:indicator id="SP.POP.TOTL">Population, total</wb:indicator>
    <wb:country id="Z7">Europe &amp; Central Asia</wb:country>
    <wb:countryiso3code>ECS</wb:countryiso3code>
    <wb:date>2020</wb:date>
    <wb:value>925088545.5</wb:value>
    <wb:unit />
    <wb:obs_status />
    <wb:decimal>0</wb:decimal>
  </wb:data>
  <wb:data>
    <wb:indicator id="SP.POP.TOTL">Population, total</wb:indicator>
    <wb:country id="7E">Europe &amp; Central Asia (excluding high income)</wb:country>
    <wb:countryiso3code>ECA</wb:countryiso3code>
    <wb:date>2020</wb:date>
    <wb:value>250655325.5</wb:value>
    <wb:unit />
    <wb:obs_status />
    <wb:decimal>0</wb:decimal>
  </wb:data>
  <wb:data>
    <wb:indicator id="SP.POP.TOTL">Population, total</wb:indicator>
    <wb:country id="T7">Europe &amp; Central Asia (IDA &amp; IBRD countries)</wb:country>
    <wb:countryiso3code>TEC</wb:countryiso3code>
    <wb:date>2020</wb:date>
    <wb:value>463913014.5</wb:value>
    <wb:unit />
    <wb:obs_status />
    <wb:decimal>0</wb:decimal>
  </wb:data>
  <wb:data>
    <wb:indicator id="SP.POP.TOTL">Population, total</wb:indicator>
    <wb:country id="EU">European Union</wb:country>
    <wb:countryiso3code>EUU</wb:countryiso3code>
    <wb:date>2020</wb:date>
    <wb:value>447653554</wb:value>
    <wb:unit />
    <wb:obs_status />
    <wb:decimal>0</wb:decimal>
  </wb:data>
  <wb:data>
    <wb:indicator id="SP.POP.TOTL">Population, total</wb:indicator>
    <wb:country id="F1">Fragile and conflict affected situations</wb:country>
    <wb:countryiso3code>FCS</wb:countryiso3code>
    <wb:date>2020</wb:date>
    <wb:value>996691242</wb:value>
    <wb:unit />
    <wb:obs_status />
    <wb:decimal>0</wb:decimal>
  </wb:data>
  <wb:data>
    <wb:indicator id="SP.POP.TOTL">Population, total</wb:indicator>
    <wb:country id="XE">Heavily indebted poor countries (HIPC)</wb:country>
    <wb:countryiso3code>HPC</wb:countryiso3code>
    <wb:date>2020</wb:date>
    <wb:value>847743308</wb:value>
    <wb:unit />
    <wb:obs_status />
    <wb:decimal>0</wb:decimal>
  </wb:data>
  <wb:data>
    <wb:indicator id="SP.POP.TOTL">Population, total</wb:indicator>
    <wb:country id="XD">High income</wb:country>
    <wb:countryiso3code />
    <wb:date>2020</wb:date>
    <wb:value>1389524835</wb:value>
    <wb:unit />
    <wb:obs_status />
    <wb:decimal>0</wb:decimal>
  </wb:data>
  <wb:data>
    <wb:indicator id="SP.POP.TOTL">Population, total</wb:indicator>
    <wb:country id="XF">IBRD only</wb:country>
    <wb:countryiso3code>IBD</wb:countryiso3code>
    <wb:date>2020</wb:date>
    <wb:value>4879367453</wb:value>
    <wb:unit />
    <wb:obs_status />
    <wb:decimal>0</wb:decimal>
  </wb:data>
  <wb:data>
    <wb:indicator id="SP.POP.TOTL">Population, total</wb:indicator>
    <wb:country id="ZT">IDA &amp; IBRD total</wb:country>
    <wb:countryiso3code>IBT</wb:countryiso3code>
    <wb:date>2020</wb:date>
    <wb:value>6667541078.5</wb:value>
    <wb:unit />
    <wb:obs_status />
    <wb:decimal>0</wb:decimal>
  </wb:data>
  <wb:data>
    <wb:indicator id="SP.POP.TOTL">Population, total</wb:indicator>
    <wb:country id="XH">IDA blend</wb:country>
    <wb:countryiso3code>IDB</wb:countryiso3code>
    <wb:date>2020</wb:date>
    <wb:value>597524859</wb:value>
    <wb:unit />
    <wb:obs_status />
    <wb:decimal>0</wb:decimal>
  </wb:data>
  <wb:data>
    <wb:indicator id="SP.POP.TOTL">Population, total</wb:indicator>
    <wb:country id="XI">IDA only</wb:country>
    <wb:countryiso3code>IDX</wb:countryiso3code>
    <wb:date>2020</wb:date>
    <wb:value>1190648766.5</wb:value>
    <wb:unit />
    <wb:obs_status />
    <wb:decimal>0</wb:decimal>
  </wb:data>
  <wb:data>
    <wb:indicator id="SP.POP.TOTL">Population, total</wb:indicator>
    <wb:country id="XG">IDA total</wb:country>
    <wb:countryiso3code>IDA</wb:countryiso3code>
    <wb:date>2020</wb:date>
    <wb:value>1788173625.5</wb:value>
    <wb:unit />
    <wb:obs_status />
    <wb:decimal>0</wb:decimal>
  </wb:data>
  <wb:data>
    <wb:indicator id="SP.POP.TOTL">Population, total</wb:indicator>
    <wb:country id="V3">Late-demographic dividend</wb:country>
    <wb:countryiso3code>LTE</wb:countryiso3code>
    <wb:date>2020</wb:date>
    <wb:value>2316785459.5</wb:value>
    <wb:unit />
    <wb:obs_status />
    <wb:decimal>0</wb:decimal>
  </wb:data>
  <wb:data>
    <wb:indicator id="SP.POP.TOTL">Population, total</wb:indicator>
    <wb:country id="ZJ">Latin America &amp; Caribbean</wb:country>
    <wb:countryiso3code>LCN</wb:countryiso3code>
    <wb:date>2020</wb:date>
    <wb:value>645497618</wb:value>
    <wb:unit />
    <wb:obs_status />
    <wb:decimal>0</wb:decimal>
  </wb:data>
  <wb:data>
    <wb:indicator id="SP.POP.TOTL">Population, total</wb:indicator>
    <wb:country id="XJ">Latin America &amp; Caribbean (excluding high income)</wb:country>
    <wb:countryiso3code>LAC</wb:countryiso3code>
    <wb:date>2020</wb:date>
    <wb:value>583125825</wb:value>
    <wb:unit />
    <wb:obs_status />
    <wb:decimal>0</wb:decimal>
  </wb:data>
  <wb:data>
    <wb:indicator id="SP.POP.TOTL">Population, total</wb:indicator>
    <wb:country id="T2">Latin America &amp; the Caribbean (IDA &amp; IBRD countries)</wb:country>
    <wb:countryiso3code>TLA</wb:countryiso3code>
    <wb:date>2020</wb:date>
    <wb:value>630051021</wb:value>
    <wb:unit />
    <wb:obs_status />
    <wb:decimal>0</wb:decimal>
  </wb:data>
  <wb:data>
    <wb:indicator id="SP.POP.TOTL">Population, total</wb:indicator>
    <wb:country id="XL">Least developed countries: UN classification</wb:country>
    <wb:countryiso3code>LDC</wb:countryiso3code>
    <wb:date>2020</wb:date>
    <wb:value>1083636132</wb:value>
    <wb:unit />
    <wb:obs_status />
    <wb:decimal>0</wb:decimal>
  </wb:data>
  <wb:data>
    <wb:indicator id="SP.POP.TOTL">Population, total</wb:indicator>
    <wb:country id="XO">Low &amp; middle income</wb:country>
    <wb:countryiso3code>LMY</wb:countryiso3code>
    <wb:date>2020</wb:date>
    <wb:value>6438169877.5</wb:value>
    <wb:unit />
    <wb:obs_status />
    <wb:decimal>0</wb:decimal>
  </wb:data>
  <wb:data>
    <wb:indicator id="SP.POP.TOTL">Population, total</wb:indicator>
    <wb:country id="XM">Low income</wb:country>
    <wb:countryiso3code />
    <wb:date>2020</wb:date>
    <wb:value>679560744</wb:value>
    <wb:unit />
    <wb:obs_status />
    <wb:decimal>0</wb:decimal>
  </wb:data>
  <wb:data>
    <wb:indicator id="SP.POP.TOTL">Population, total</wb:indicator>
    <wb:country id="XN">Lower middle income</wb:country>
    <wb:countryiso3code />
    <wb:date>2020</wb:date>
    <wb:value>2966396716.5</wb:value>
    <wb:unit />
    <wb:obs_status />
    <wb:decimal>0</wb:decimal>
  </wb:data>
  <wb:data>
    <wb:indicator id="SP.POP.TOTL">Population, total</wb:indicator>
    <wb:country id="ZQ">Middle East &amp; North Africa</wb:country>
    <wb:countryiso3code>MEA</wb:countryiso3code>
    <wb:date>2020</wb:date>
    <wb:value>482334398</wb:value>
    <wb:unit />
    <wb:obs_status />
    <wb:decimal>0</wb:decimal>
  </wb:data>
  <wb:data>
    <wb:indicator id="SP.POP.TOTL">Population, total</wb:indicator>
    <wb:country id="XQ">Middle East &amp; North Africa (excluding high income)</wb:country>
    <wb:countryiso3code>MNA</wb:countryiso3code>
    <wb:date>2020</wb:date>
    <wb:value>418461302</wb:value>
    <wb:unit />
    <wb:obs_status />
    <wb:decimal>0</wb:decimal>
  </wb:data>
  <wb:data>
    <wb:indicator id="SP.POP.TOTL">Population, total</wb:indicator>
    <wb:country id="T3">Middle East &amp; North Africa (IDA &amp; IBRD countries)</wb:country>
    <wb:countryiso3code>TMN</wb:countryiso3code>
    <wb:date>2020</wb:date>
    <wb:value>413658033</wb:value>
    <wb:unit />
    <wb:obs_status />
    <wb:decimal>0</wb:decimal>
  </wb:data>
  <wb:data>
    <wb:indicator id="SP.POP.TOTL">Population, total</wb:indicator>
    <wb:country id="XP">Middle income</wb:country>
    <wb:countryiso3code>MIC</wb:countryiso3code>
    <wb:date>2020</wb:date>
    <wb:value>5758609133.5</wb:value>
    <wb:unit />
    <wb:obs_status />
    <wb:decimal>0</wb:decimal>
  </wb:data>
  <wb:data>
    <wb:indicator id="SP.POP.TOTL">Population, total</wb:indicator>
    <wb:country id="XU">North America</wb:country>
    <wb:countryiso3code>NAC</wb:countryiso3code>
    <wb:date>2020</wb:date>
    <wb:value>369619953</wb:value>
    <wb:unit />
    <wb:obs_status />
    <wb:decimal>0</wb:decimal>
  </wb:data>
  <wb:data>
    <wb:indicator id="SP.POP.TOTL">Population, total</wb:indicator>
    <wb:country id="XY">Not classified</wb:country>
    <wb:countryiso3code />
    <wb:date>2020</wb:date>
    <wb:value />
    <wb:unit />
    <wb:obs_status />
    <wb:decimal>0</wb:decimal>
  </wb:data>
  <wb:data>
    <wb:indicator id="SP.POP.TOTL">Population, total</wb:indicator>
    <wb:country id="OE">OECD members</wb:country>
    <wb:countryiso3code>OED</wb:countryiso3code>
    <wb:date>2020</wb:date>
    <wb:value>1370013876</wb:value>
    <wb:unit />
    <wb:obs_status />
    <wb:decimal>0</wb:decimal>
  </wb:data>
  <wb:data>
    <wb:indicator id="SP.POP.TOTL">Population, total</wb:indicator>
    <wb:country id="S4">Other small states</wb:country>
    <wb:countryiso3code>OSS</wb:countryiso3code>
    <wb:date>2020</wb:date>
    <wb:value>13884095</wb:value>
    <wb:unit />
    <wb:obs_status />
    <wb:decimal>0</wb:decimal>
  </wb:data>
  <wb:data>
    <wb:indicator id="SP.POP.TOTL">Population, total</wb:indicator>
    <wb:country id="S2">Pacific island small states</wb:country>
    <wb:countryiso3code>PSS</wb:countryiso3code>
    <wb:date>2020</wb:date>
    <wb:value>2595522</wb:value>
    <wb:unit />
    <wb:obs_status />
    <wb:decimal>0</wb:decimal>
  </wb:data>
  <wb:data>
    <wb:indicator id="SP.POP.TOTL">Population, total</wb:indicator>
    <wb:country id="V4">Post-demographic dividend</wb:country>
    <wb:countryiso3code>PST</wb:countryiso3code>
    <wb:date>2020</wb:date>
    <wb:value>1117765361</wb:value>
    <wb:unit />
    <wb:obs_status />
    <wb:decimal>0</wb:decimal>
  </wb:data>
  <wb:data>
    <wb:indicator id="SP.POP.TOTL">Population, total</wb:indicator>
    <wb:country id="V1">Pre-demographic dividend</wb:country>
    <wb:countryiso3code>PRE</wb:countryiso3code>
    <wb:date>2020</wb:date>
    <wb:value>998624261</wb:value>
    <wb:unit />
    <wb:obs_status />
    <wb:decimal>0</wb:decimal>
  </wb:data>
  <wb:data>
    <wb:indicator id="SP.POP.TOTL">Population, total</wb:indicator>
    <wb:country id="S1">Small states</wb:country>
    <wb:countryiso3code>SST</wb:countryiso3code>
    <wb:date>2020</wb:date>
    <wb:value>19572194</wb:value>
    <wb:unit />
    <wb:obs_status />
    <wb:decimal>0</wb:decimal>
  </wb:data>
  <wb:data>
    <wb:indicator id="SP.POP.TOTL">Population, total</wb:indicator>
    <wb:country id="8S">South Asia</wb:country>
    <wb:countryiso3code>SAS</wb:countryiso3code>
    <wb:date>2020</wb:date>
    <wb:value>1895144142</wb:value>
    <wb:unit />
    <wb:obs_status />
    <wb:decimal>0</wb:decimal>
  </wb:data>
  <wb:data>
    <wb:indicator id="SP.POP.TOTL">Population, total</wb:indicator>
    <wb:country id="T5">South Asia (IDA &amp; IBRD)</wb:country>
    <wb:countryiso3code>TSA</wb:countryiso3code>
    <wb:date>2020</wb:date>
    <wb:value>1895144142</wb:value>
    <wb:unit />
    <wb:obs_status />
    <wb:decimal>0</wb:decimal>
  </wb:data>
  <wb:data>
    <wb:indicator id="SP.POP.TOTL">Population, total</wb:indicator>
    <wb:country id="ZG">Sub-Saharan Africa</wb:country>
    <wb:countryiso3code>SSF</wb:countryiso3code>
    <wb:date>2020</wb:date>
    <wb:value>1169015451</wb:value>
    <wb:unit />
    <wb:obs_status />
    <wb:decimal>0</wb:decimal>
  </wb:data>
  <wb:data>
    <wb:indicator id="SP.POP.TOTL">Population, total</wb:indicator>
    <wb:country id="ZF">Sub-Saharan Africa (excluding high income)</wb:country>
    <wb:countryiso3code>SSA</wb:countryiso3code>
    <wb:date>2020</wb:date>
    <wb:value>1168916989</wb:value>
    <wb:unit />
    <wb:obs_status />
    <wb:decimal>0</wb:decimal>
  </wb:data>
  <wb:data>
    <wb:indicator id="SP.POP.TOTL">Population, total</wb:indicator>
    <wb:country id="T6">Sub-Saharan Africa (IDA &amp; IBRD countries)</wb:country>
    <wb:countryiso3code>TSS</wb:countryiso3code>
    <wb:date>2020</wb:date>
    <wb:value>1169015451</wb:value>
    <wb:unit />
    <wb:obs_status />
    <wb:decimal>0</wb:decimal>
  </wb:data>
  <wb:data>
    <wb:indicator id="SP.POP.TOTL">Population, total</wb:indicator>
    <wb:country id="XT">Upper middle income</wb:country>
    <wb:countryiso3code />
    <wb:date>2020</wb:date>
    <wb:value>2792212417</wb:value>
    <wb:unit />
    <wb:obs_status />
    <wb:decimal>0</wb:decimal>
  </wb:data>
  <wb:data>
    <wb:indicator id="SP.POP.TOTL">Population, total</wb:indicator>
    <wb:country id="1W">World</wb:country>
    <wb:countryiso3code>WLD</wb:countryiso3code>
    <wb:date>2020</wb:date>
    <wb:value>7856138789.5</wb:value>
    <wb:unit />
    <wb:obs_status />
    <wb:decimal>0</wb:decimal>
  </wb:data>
  <wb:data>
    <wb:indicator id="SP.POP.TOTL">Population, total</wb:indicator>
    <wb:country id="AF">Afghanistan</wb:country>
    <wb:countryiso3code>AFG</wb:countryiso3code>
    <wb:date>2020</wb:date>
    <wb:value>39068979</wb:value>
    <wb:unit />
    <wb:obs_status />
    <wb:decimal>0</wb:decimal>
  </wb:data>
  <wb:data>
    <wb:indicator id="SP.POP.TOTL">Population, total</wb:indicator>
    <wb:country id="AL">Albania</wb:country>
    <wb:countryiso3code>ALB</wb:countryiso3code>
    <wb:date>2020</wb:date>
    <wb:value>2837849</wb:value>
    <wb:unit />
    <wb:obs_status />
    <wb:decimal>0</wb:decimal>
  </wb:data>
  <wb:data>
    <wb:indicator id="SP.POP.TOTL">Population, total</wb:indicator>
    <wb:country id="DZ">Algeria</wb:country>
    <wb:countryiso3code>DZA</wb:countryiso3code>
    <wb:date>2020</wb:date>
    <wb:value>44042091</wb:value>
    <wb:unit />
    <wb:obs_status />
    <wb:decimal>0</wb:decimal>
  </wb:data>
  <wb:data>
    <wb:indicator id="SP.POP.TOTL">Population, total</wb:indicator>
    <wb:country id="AS">American Samoa</wb:country>
    <wb:countryiso3code>ASM</wb:countryiso3code>
    <wb:date>2020</wb:date>
    <wb:value>49761</wb:value>
    <wb:unit />
    <wb:obs_status />
    <wb:decimal>0</wb:decimal>
  </wb:data>
  <wb:data>
    <wb:indicator id="SP.POP.TOTL">Population, total</wb:indicator>
    <wb:country id="AD">Andorra</wb:country>
    <wb:countryiso3code>AND</wb:countryiso3code>
    <wb:date>2020</wb:date>
    <wb:value>77380</wb:value>
    <wb:unit />
    <wb:obs_status />
    <wb:decimal>0</wb:decimal>
  </wb:data>
  <wb:data>
    <wb:indicator id="SP.POP.TOTL">Population, total</wb:indicator>
    <wb:country id="AO">Angola</wb:country>
    <wb:countryiso3code>AGO</wb:countryiso3code>
    <wb:date>2020</wb:date>
    <wb:value>33451132</wb:value>
    <wb:unit />
    <wb:obs_status />
    <wb:decimal>0</wb:decimal>
  </wb:data>
  <wb:data>
    <wb:indicator id="SP.POP.TOTL">Population, total</wb:indicator>
    <wb:country id="AG">Antigua and Barbuda</wb:country>
    <wb:countryiso3code>ATG</wb:countryiso3code>
    <wb:date>2020</wb:date>
    <wb:value>91846</wb:value>
    <wb:unit />
    <wb:obs_status />
    <wb:decimal>0</wb:decimal>
  </wb:data>
  <wb:data>
    <wb:indicator id="SP.POP.TOTL">Population, total</wb:indicator>
    <wb:country id="AR">Argentina</wb:country>
    <wb:countryiso3code>ARG</wb:countryiso3code>
    <wb:date>2020</wb:date>
    <wb:value>45191965</wb:value>
    <wb:unit />
    <wb:obs_status />
    <wb:decimal>0</wb:decimal>
  </wb:data>
  <wb:data>
    <wb:indicator id="SP.POP.TOTL">Population, total</wb:indicator>
    <wb:country id="AM">Armenia</wb:country>
    <wb:countryiso3code>ARM</wb:countryiso3code>
    <wb:date>2020</wb:date>
    <wb:value>2961500</wb:value>
    <wb:unit />
    <wb:obs_status />
    <wb:decimal>0</wb:decimal>
  </wb:data>
  <wb:data>
    <wb:indicator id="SP.POP.TOTL">Population, total</wb:indicator>
    <wb:country id="AW">Aruba</wb:country>
    <wb:countryiso3code>ABW</wb:countryiso3code>
    <wb:date>2020</wb:date>
    <wb:value>108587</wb:value>
    <wb:unit />
    <wb:obs_status />
    <wb:decimal>0</wb:decimal>
  </wb:data>
  <wb:data>
    <wb:indicator id="SP.POP.TOTL">Population, total</wb:indicator>
    <wb:country id="AU">Australia</wb:country>
    <wb:countryiso3code>AUS</wb:countryiso3code>
    <wb:date>2020</wb:date>
    <wb:value>25649248</wb:value>
    <wb:unit />
    <wb:obs_status />
    <wb:decimal>0</wb:decimal>
  </wb:data>
  <wb:data>
    <wb:indicator id="SP.POP.TOTL">Population, total</wb:indicator>
    <wb:country id="AT">Austria</wb:country>
    <wb:countryiso3code>AUT</wb:countryiso3code>
    <wb:date>2020</wb:date>
    <wb:value>8916864</wb:value>
    <wb:unit />
    <wb:obs_status />
    <wb:decimal>0</wb:decimal>
  </wb:data>
  <wb:data>
    <wb:indicator id="SP.POP.TOTL">Population, total</wb:indicator>
    <wb:country id="AZ">Azerbaijan</wb:country>
    <wb:countryiso3code>AZE</wb:countryiso3code>
    <wb:date>2020</wb:date>
    <wb:value>10093121</wb:value>
    <wb:unit />
    <wb:obs_status />
    <wb:decimal>0</wb:decimal>
  </wb:data>
  <wb:data>
    <wb:indicator id="SP.POP.TOTL">Population, total</wb:indicator>
    <wb:country id="BS">Bahamas, The</wb:country>
    <wb:countryiso3code>BHS</wb:countryiso3code>
    <wb:date>2020</wb:date>
    <wb:value>395863</wb:value>
    <wb:unit />
    <wb:obs_status />
    <wb:decimal>0</wb:decimal>
  </wb:data>
  <wb:data>
    <wb:indicator id="SP.POP.TOTL">Population, total</wb:indicator>
    <wb:country id="BH">Bahrain</wb:country>
    <wb:countryiso3code>BHR</wb:countryiso3code>
    <wb:date>2020</wb:date>
    <wb:value>1472204</wb:value>
    <wb:unit />
    <wb:obs_status />
    <wb:decimal>0</wb:decimal>
  </wb:data>
  <wb:data>
    <wb:indicator id="SP.POP.TOTL">Population, total</wb:indicator>
    <wb:country id="BD">Bangladesh</wb:country>
    <wb:countryiso3code>BGD</wb:countryiso3code>
    <wb:date>2020</wb:date>
    <wb:value>166298024</wb:value>
    <wb:unit />
    <wb:obs_status />
    <wb:decimal>0</wb:decimal>
  </wb:data>
  <wb:data>
    <wb:indicator id="SP.POP.TOTL">Population, total</wb:indicator>
    <wb:country id="BB">Barbados</wb:country>
    <wb:countryiso3code>BRB</wb:countryiso3code>
    <wb:date>2020</wb:date>
    <wb:value>281698</wb:value>
    <wb:unit />
    <wb:obs_status />
    <wb:decimal>0</wb:decimal>
  </wb:data>
  <wb:data>
    <wb:indicator id="SP.POP.TOTL">Population, total</wb:indicator>
    <wb:country id="BY">Belarus</wb:country>
    <wb:countryiso3code>BLR</wb:countryiso3code>
    <wb:date>2020</wb:date>
    <wb:value>9379952</wb:value>
    <wb:unit />
    <wb:obs_status />
    <wb:decimal>0</wb:decimal>
  </wb:data>
  <wb:data>
    <wb:indicator id="SP.POP.TOTL">Population, total</wb:indicator>
    <wb:country id="BE">Belgium</wb:country>
    <wb:countryiso3code>BEL</wb:countryiso3code>
    <wb:date>2020</wb:date>
    <wb:value>11538604</wb:value>
    <wb:unit />
    <wb:obs_status />
    <wb:decimal>0</wb:decimal>
  </wb:data>
  <wb:data>
    <wb:indicator id="SP.POP.TOTL">Population, total</wb:indicator>
    <wb:country id="BZ">Belize</wb:country>
    <wb:countryiso3code>BLZ</wb:countryiso3code>
    <wb:date>2020</wb:date>
    <wb:value>390812</wb:value>
    <wb:unit />
    <wb:obs_status />
    <wb:decimal>0</wb:decimal>
  </wb:data>
  <wb:data>
    <wb:indicator id="SP.POP.TOTL">Population, total</wb:indicator>
    <wb:country id="BJ">Benin</wb:country>
    <wb:countryiso3code>BEN</wb:countryiso3code>
    <wb:date>2020</wb:date>
    <wb:value>13070169</wb:value>
    <wb:unit />
    <wb:obs_status />
    <wb:decimal>0</wb:decimal>
  </wb:data>
  <wb:data>
    <wb:indicator id="SP.POP.TOTL">Population, total</wb:indicator>
    <wb:country id="BM">Bermuda</wb:country>
    <wb:countryiso3code>BMU</wb:countryiso3code>
    <wb:date>2020</wb:date>
    <wb:value>64382</wb:value>
    <wb:unit />
    <wb:obs_status />
    <wb:decimal>0</wb:decimal>
  </wb:data>
  <wb:data>
    <wb:indicator id="SP.POP.TOTL">Population, total</wb:indicator>
    <wb:country id="BT">Bhutan</wb:country>
    <wb:countryiso3code>BTN</wb:countryiso3code>
    <wb:date>2020</wb:date>
    <wb:value>770006</wb:value>
    <wb:unit />
    <wb:obs_status />
    <wb:decimal>0</wb:decimal>
  </wb:data>
  <wb:data>
    <wb:indicator id="SP.POP.TOTL">Population, total</wb:indicator>
    <wb:country id="BO">Bolivia</wb:country>
    <wb:countryiso3code>BOL</wb:countryiso3code>
    <wb:date>2020</wb:date>
    <wb:value>11816299</wb:value>
    <wb:unit />
    <wb:obs_status />
    <wb:decimal>0</wb:decimal>
  </wb:data>
  <wb:data>
    <wb:indicator id="SP.POP.TOTL">Population, total</wb:indicator>
    <wb:country id="BA">Bosnia and Herzegovina</wb:country>
    <wb:countryiso3code>BIH</wb:countryiso3code>
    <wb:date>2020</wb:date>
    <wb:value>3299349</wb:value>
    <wb:unit />
    <wb:obs_status />
    <wb:decimal>0</wb:decimal>
  </wb:data>
  <wb:data>
    <wb:indicator id="SP.POP.TOTL">Population, total</wb:indicator>
    <wb:country id="BW">Botswana</wb:country>
    <wb:countryiso3code>BWA</wb:countryiso3code>
    <wb:date>2020</wb:date>
    <wb:value>2365894</wb:value>
    <wb:unit />
    <wb:obs_status />
    <wb:decimal>0</wb:decimal>
  </wb:data>
  <wb:data>
    <wb:indicator id="SP.POP.TOTL">Population, total</wb:indicator>
    <wb:country id="BR">Brazil</wb:country>
    <wb:countryiso3code>BRA</wb:countryiso3code>
    <wb:date>2020</wb:date>
    <wb:value>208660842</wb:value>
    <wb:unit />
    <wb:obs_status />
    <wb:decimal>0</wb:decimal>
  </wb:data>
  <wb:data>
    <wb:indicator id="SP.POP.TOTL">Population, total</wb:indicator>
    <wb:country id="VG">British Virgin Islands</wb:country>
    <wb:countryiso3code>VGB</wb:countryiso3code>
    <wb:date>2020</wb:date>
    <wb:value>37135</wb:value>
    <wb:unit />
    <wb:obs_status />
    <wb:decimal>0</wb:decimal>
  </wb:data>
  <wb:data>
    <wb:indicator id="SP.POP.TOTL">Population, total</wb:indicator>
    <wb:country id="BN">Brunei Darussalam</wb:country>
    <wb:countryiso3code>BRN</wb:countryiso3code>
    <wb:date>2020</wb:date>
    <wb:value>447404</wb:value>
    <wb:unit />
    <wb:obs_status />
    <wb:decimal>0</wb:decimal>
  </wb:data>
  <wb:data>
    <wb:indicator id="SP.POP.TOTL">Population, total</wb:indicator>
    <wb:country id="BG">Bulgaria</wb:country>
    <wb:countryiso3code>BGR</wb:countryiso3code>
    <wb:date>2020</wb:date>
    <wb:value>6934015</wb:value>
    <wb:unit />
    <wb:obs_status />
    <wb:decimal>0</wb:decimal>
  </wb:data>
  <wb:data>
    <wb:indicator id="SP.POP.TOTL">Population, total</wb:indicator>
    <wb:country id="BF">Burkina Faso</wb:country>
    <wb:countryiso3code>BFA</wb:countryiso3code>
    <wb:date>2020</wb:date>
    <wb:value>21478690</wb:value>
    <wb:unit />
    <wb:obs_status />
    <wb:decimal>0</wb:decimal>
  </wb:data>
  <wb:data>
    <wb:indicator id="SP.POP.TOTL">Population, total</wb:indicator>
    <wb:country id="BI">Burundi</wb:country>
    <wb:countryiso3code>BDI</wb:countryiso3code>
    <wb:date>2020</wb:date>
    <wb:value>12617036</wb:value>
    <wb:unit />
    <wb:obs_status />
    <wb:decimal>0</wb:decimal>
  </wb:data>
  <wb:data>
    <wb:indicator id="SP.POP.TOTL">Population, total</wb:indicator>
    <wb:country id="CV">Cabo Verde</wb:country>
    <wb:countryiso3code>CPV</wb:countryiso3code>
    <wb:date>2020</wb:date>
    <wb:value>514679</wb:value>
    <wb:unit />
    <wb:obs_status />
    <wb:decimal>0</wb:decimal>
  </wb:data>
  <wb:data>
    <wb:indicator id="SP.POP.TOTL">Population, total</wb:indicator>
    <wb:country id="KH">Cambodia</wb:country>
    <wb:countryiso3code>KHM</wb:countryiso3code>
    <wb:date>2020</wb:date>
    <wb:value>16725474</wb:value>
    <wb:unit />
    <wb:obs_status />
    <wb:decimal>0</wb:decimal>
  </wb:data>
  <wb:data>
    <wb:indicator id="SP.POP.TOTL">Population, total</wb:indicator>
    <wb:country id="CM">Cameroon</wb:country>
    <wb:countryiso3code>CMR</wb:countryiso3code>
    <wb:date>2020</wb:date>
    <wb:value>26210558</wb:value>
    <wb:unit />
    <wb:obs_status />
    <wb:decimal>0</wb:decimal>
  </wb:data>
  <wb:data>
    <wb:indicator id="SP.POP.TOTL">Population, total</wb:indicator>
    <wb:country id="CA">Canada</wb:country>
    <wb:countryiso3code>CAN</wb:countryiso3code>
    <wb:date>2020</wb:date>
    <wb:value>38028638</wb:value>
    <wb:unit />
    <wb:obs_status />
    <wb:decimal>0</wb:decimal>
  </wb:data>
  <wb:data>
    <wb:indicator id="SP.POP.TOTL">Population, total</wb:indicator>
    <wb:country id="KY">Cayman Islands</wb:country>
    <wb:countryiso3code>CYM</wb:countryiso3code>
    <wb:date>2020</wb:date>
    <wb:value>68684</wb:value>
    <wb:unit />
    <wb:obs_status />
    <wb:decimal>0</wb:decimal>
  </wb:data>
  <wb:data>
    <wb:indicator id="SP.POP.TOTL">Population, total</wb:indicator>
    <wb:country id="CF">Central African Republic</wb:country>
    <wb:countryiso3code>CAF</wb:countryiso3code>
    <wb:date>2020</wb:date>
    <wb:value>5026628</wb:value>
    <wb:unit />
    <wb:obs_status />
    <wb:decimal>0</wb:decimal>
  </wb:data>
  <wb:data>
    <wb:indicator id="SP.POP.TOTL">Population, total</wb:indicator>
    <wb:country id="TD">Chad</wb:country>
    <wb:countryiso3code>TCD</wb:countryiso3code>
    <wb:date>2020</wb:date>
    <wb:value>17224679</wb:value>
    <wb:unit />
    <wb:obs_status />
    <wb:decimal>0</wb:decimal>
  </wb:data>
  <wb:data>
    <wb:indicator id="SP.POP.TOTL">Population, total</wb:indicator>
    <wb:country id="JG">Channel Islands</wb:country>
    <wb:countryiso3code>CHI</wb:countryiso3code>
    <wb:date>2020</wb:date>
    <wb:value>166235</wb:value>
    <wb:unit />
    <wb:obs_status />
    <wb:decimal>0</wb:decimal>
  </wb:data>
  <wb:data>
    <wb:indicator id="SP.POP.TOTL">Population, total</wb:indicator>
    <wb:country id="CL">Chile</wb:country>
    <wb:countryiso3code>CHL</wb:countryiso3code>
    <wb:date>2020</wb:date>
    <wb:value>19370624</wb:value>
    <wb:unit />
    <wb:obs_status />
    <wb:decimal>0</wb:decimal>
  </wb:data>
  <wb:data>
    <wb:indicator id="SP.POP.TOTL">Population, total</wb:indicator>
    <wb:country id="CN">China</wb:country>
    <wb:countryiso3code>CHN</wb:countryiso3code>
    <wb:date>2020</wb:date>
    <wb:value>1411100000</wb:value>
    <wb:unit />
    <wb:obs_status />
    <wb:decimal>0</wb:decimal>
  </wb:data>
  <wb:data>
    <wb:indicator id="SP.POP.TOTL">Population, total</wb:indicator>
    <wb:country id="CO">Colombia</wb:country>
    <wb:countryiso3code>COL</wb:countryiso3code>
    <wb:date>2020</wb:date>
    <wb:value>50629997</wb:value>
    <wb:unit />
    <wb:obs_status />
    <wb:decimal>0</wb:decimal>
  </wb:data>
  <wb:data>
    <wb:indicator id="SP.POP.TOTL">Population, total</wb:indicator>
    <wb:country id="KM">Comoros</wb:country>
    <wb:countryiso3code>COM</wb:countryiso3code>
    <wb:date>2020</wb:date>
    <wb:value>802163</wb:value>
    <wb:unit />
    <wb:obs_status />
    <wb:decimal>0</wb:decimal>
  </wb:data>
  <wb:data>
    <wb:indicator id="SP.POP.TOTL">Population, total</wb:indicator>
    <wb:country id="CD">Congo, Dem. Rep.</wb:country>
    <wb:countryiso3code>COD</wb:countryiso3code>
    <wb:date>2020</wb:date>
    <wb:value>95989998</wb:value>
    <wb:unit />
    <wb:obs_status />
    <wb:decimal>0</wb:decimal>
  </wb:data>
  <wb:data>
    <wb:indicator id="SP.POP.TOTL">Population, total</wb:indicator>
    <wb:country id="CG">Congo, Rep.</wb:country>
    <wb:countryiso3code>COG</wb:countryiso3code>
    <wb:date>2020</wb:date>
    <wb:value>5752791</wb:value>
    <wb:unit />
    <wb:obs_status />
    <wb:decimal>0</wb:decimal>
  </wb:data>
  <wb:data>
    <wb:indicator id="SP.POP.TOTL">Population, total</wb:indicator>
    <wb:country id="CR">Costa Rica</wb:country>
    <wb:countryiso3code>CRI</wb:countryiso3code>
    <wb:date>2020</wb:date>
    <wb:value>5034320</wb:value>
    <wb:unit />
    <wb:obs_status />
    <wb:decimal>0</wb:decimal>
  </wb:data>
  <wb:data>
    <wb:indicator id="SP.POP.TOTL">Population, total</wb:indicator>
    <wb:country id="CI">Cote d'Ivoire</wb:country>
    <wb:countryiso3code>CIV</wb:countryiso3code>
    <wb:date>2020</wb:date>
    <wb:value>28915449</wb:value>
    <wb:unit />
    <wb:obs_status />
    <wb:decimal>0</wb:decimal>
  </wb:data>
  <wb:data>
    <wb:indicator id="SP.POP.TOTL">Population, total</wb:indicator>
    <wb:country id="HR">Croatia</wb:country>
    <wb:countryiso3code>HRV</wb:countryiso3code>
    <wb:date>2020</wb:date>
    <wb:value>3914206</wb:value>
    <wb:unit />
    <wb:obs_status />
    <wb:decimal>0</wb:decimal>
  </wb:data>
  <wb:data>
    <wb:indicator id="SP.POP.TOTL">Population, total</wb:indicator>
    <wb:country id="CU">Cuba</wb:country>
    <wb:countryiso3code>CUB</wb:countryiso3code>
    <wb:date>2020</wb:date>
    <wb:value>11176354</wb:value>
    <wb:unit />
    <wb:obs_status />
    <wb:decimal>0</wb:decimal>
  </wb:data>
  <wb:data>
    <wb:indicator id="SP.POP.TOTL">Population, total</wb:indicator>
    <wb:country id="CW">Curacao</wb:country>
    <wb:countryiso3code>CUW</wb:countryiso3code>
    <wb:date>2020</wb:date>
    <wb:value>154947</wb:value>
    <wb:unit />
    <wb:obs_status />
    <wb:decimal>0</wb:decimal>
  </wb:data>
  <wb:data>
    <wb:indicator id="SP.POP.TOTL">Population, total</wb:indicator>
    <wb:country id="CY">Cyprus</wb:country>
    <wb:countryiso3code>CYP</wb:countryiso3code>
    <wb:date>2020</wb:date>
    <wb:value>1302247</wb:value>
    <wb:unit />
    <wb:obs_status />
    <wb:decimal>0</wb:decimal>
  </wb:data>
  <wb:data>
    <wb:indicator id="SP.POP.TOTL">Population, total</wb:indicator>
    <wb:country id="CZ">Czechia</wb:country>
    <wb:countryiso3code>CZE</wb:countryiso3code>
    <wb:date>2020</wb:date>
    <wb:value>10697858</wb:value>
    <wb:unit />
    <wb:obs_status />
    <wb:decimal>0</wb:decimal>
  </wb:data>
  <wb:data>
    <wb:indicator id="SP.POP.TOTL">Population, total</wb:indicator>
    <wb:country id="DK">Denmark</wb:country>
    <wb:countryiso3code>DNK</wb:countryiso3code>
    <wb:date>2020</wb:date>
    <wb:value>5831404</wb:value>
    <wb:unit />
    <wb:obs_status />
    <wb:decimal>0</wb:decimal>
  </wb:data>
  <wb:data>
    <wb:indicator id="SP.POP.TOTL">Population, total</wb:indicator>
    <wb:country id="DJ">Djibouti</wb:country>
    <wb:countryiso3code>DJI</wb:countryiso3code>
    <wb:date>2020</wb:date>
    <wb:value>1105188</wb:value>
    <wb:unit />
    <wb:obs_status />
    <wb:decimal>0</wb:decimal>
  </wb:data>
  <wb:data>
    <wb:indicator id="SP.POP.TOTL">Population, total</wb:indicator>
    <wb:country id="DM">Dominica</wb:country>
    <wb:countryiso3code>DMA</wb:countryiso3code>
    <wb:date>2020</wb:date>
    <wb:value>67573</wb:value>
    <wb:unit />
    <wb:obs_status />
    <wb:decimal>0</wb:decimal>
  </wb:data>
  <wb:data>
    <wb:indicator id="SP.POP.TOTL">Population, total</wb:indicator>
    <wb:country id="DO">Dominican Republic</wb:country>
    <wb:countryiso3code>DOM</wb:countryiso3code>
    <wb:date>2020</wb:date>
    <wb:value>11008300</wb:value>
    <wb:unit />
    <wb:obs_status />
    <wb:decimal>0</wb:decimal>
  </wb:data>
  <wb:data>
    <wb:indicator id="SP.POP.TOTL">Population, total</wb:indicator>
    <wb:country id="EC">Ecuador</wb:country>
    <wb:countryiso3code>ECU</wb:countryiso3code>
    <wb:date>2020</wb:date>
    <wb:value>17546065</wb:value>
    <wb:unit />
    <wb:obs_status />
    <wb:decimal>0</wb:decimal>
  </wb:data>
  <wb:data>
    <wb:indicator id="SP.POP.TOTL">Population, total</wb:indicator>
    <wb:country id="EG">Egypt, Arab Rep.</wb:country>
    <wb:countryiso3code>EGY</wb:countryiso3code>
    <wb:date>2020</wb:date>
    <wb:value>109315124</wb:value>
    <wb:unit />
    <wb:obs_status />
    <wb:decimal>0</wb:decimal>
  </wb:data>
  <wb:data>
    <wb:indicator id="SP.POP.TOTL">Population, total</wb:indicator>
    <wb:country id="SV">El Salvador</wb:country>
    <wb:countryiso3code>SLV</wb:countryiso3code>
    <wb:date>2020</wb:date>
    <wb:value>6234673</wb:value>
    <wb:unit />
    <wb:obs_status />
    <wb:decimal>0</wb:decimal>
  </wb:data>
  <wb:data>
    <wb:indicator id="SP.POP.TOTL">Population, total</wb:indicator>
    <wb:country id="GQ">Equatorial Guinea</wb:country>
    <wb:countryiso3code>GNQ</wb:countryiso3code>
    <wb:date>2020</wb:date>
    <wb:value>1716468</wb:value>
    <wb:unit />
    <wb:obs_status />
    <wb:decimal>0</wb:decimal>
  </wb:data>
  <wb:data>
    <wb:indicator id="SP.POP.TOTL">Population, total</wb:indicator>
    <wb:country id="ER">Eritrea</wb:country>
    <wb:countryiso3code>ERI</wb:countryiso3code>
    <wb:date>2020</wb:date>
    <wb:value>3291271</wb:value>
    <wb:unit />
    <wb:obs_status />
    <wb:decimal>0</wb:decimal>
  </wb:data>
  <wb:data>
    <wb:indicator id="SP.POP.TOTL">Population, total</wb:indicator>
    <wb:country id="EE">Estonia</wb:country>
    <wb:countryiso3code>EST</wb:countryiso3code>
    <wb:date>2020</wb:date>
    <wb:value>1329522</wb:value>
    <wb:unit />
    <wb:obs_status />
    <wb:decimal>0</wb:decimal>
  </wb:data>
  <wb:data>
    <wb:indicator id="SP.POP.TOTL">Population, total</wb:indicator>
    <wb:country id="SZ">Eswatini</wb:country>
    <wb:countryiso3code>SWZ</wb:countryiso3code>
    <wb:date>2020</wb:date>
    <wb:value>1192729</wb:value>
    <wb:unit />
    <wb:obs_status />
    <wb:decimal>0</wb:decimal>
  </wb:data>
  <wb:data>
    <wb:indicator id="SP.POP.TOTL">Population, total</wb:indicator>
    <wb:country id="ET">Ethiopia</wb:country>
    <wb:countryiso3code>ETH</wb:countryiso3code>
    <wb:date>2020</wb:date>
    <wb:value>118917671</wb:value>
    <wb:unit />
    <wb:obs_status />
    <wb:decimal>0</wb:decimal>
  </wb:data>
  <wb:data>
    <wb:indicator id="SP.POP.TOTL">Population, total</wb:indicator>
    <wb:country id="FO">Faroe Islands</wb:country>
    <wb:countryiso3code>FRO</wb:countryiso3code>
    <wb:date>2020</wb:date>
    <wb:value>52571</wb:value>
    <wb:unit />
    <wb:obs_status />
    <wb:decimal>0</wb:decimal>
  </wb:data>
  <wb:data>
    <wb:indicator id="SP.POP.TOTL">Population, total</wb:indicator>
    <wb:country id="FJ">Fiji</wb:country>
    <wb:countryiso3code>FJI</wb:countryiso3code>
    <wb:date>2020</wb:date>
    <wb:value>914963</wb:value>
    <wb:unit />
    <wb:obs_status />
    <wb:decimal>0</wb:decimal>
  </wb:data>
  <wb:data>
    <wb:indicator id="SP.POP.TOTL">Population, total</wb:indicator>
    <wb:country id="FI">Finland</wb:country>
    <wb:countryiso3code>FIN</wb:countryiso3code>
    <wb:date>2020</wb:date>
    <wb:value>5529543</wb:value>
    <wb:unit />
    <wb:obs_status />
    <wb:decimal>0</wb:decimal>
  </wb:data>
  <wb:data>
    <wb:indicator id="SP.POP.TOTL">Population, total</wb:indicator>
    <wb:country id="FR">France</wb:country>
    <wb:countryiso3code>FRA</wb:countryiso3code>
    <wb:date>2020</wb:date>
    <wb:value>67601110</wb:value>
    <wb:unit />
    <wb:obs_status />
    <wb:decimal>0</wb:decimal>
  </wb:data>
  <wb:data>
    <wb:indicator id="SP.POP.TOTL">Population, total</wb:indicator>
    <wb:country id="PF">French Polynesia</wb:country>
    <wb:countryiso3code>PYF</wb:countryiso3code>
    <wb:date>2020</wb:date>
    <wb:value>279209</wb:value>
    <wb:unit />
    <wb:obs_status />
    <wb:decimal>0</wb:decimal>
  </wb:data>
  <wb:data>
    <wb:indicator id="SP.POP.TOTL">Population, total</wb:indicator>
    <wb:country id="GA">Gabon</wb:country>
    <wb:countryiso3code>GAB</wb:countryiso3code>
    <wb:date>2020</wb:date>
    <wb:value>2322539</wb:value>
    <wb:unit />
    <wb:obs_status />
    <wb:decimal>0</wb:decimal>
  </wb:data>
  <wb:data>
    <wb:indicator id="SP.POP.TOTL">Population, total</wb:indicator>
    <wb:country id="GM">Gambia, The</wb:country>
    <wb:countryiso3code>GMB</wb:countryiso3code>
    <wb:date>2020</wb:date>
    <wb:value>2515733</wb:value>
    <wb:unit />
    <wb:obs_status />
    <wb:decimal>0</wb:decimal>
  </wb:data>
  <wb:data>
    <wb:indicator id="SP.POP.TOTL">Population, total</wb:indicator>
    <wb:country id="GE">Georgia</wb:country>
    <wb:countryiso3code>GEO</wb:countryiso3code>
    <wb:date>2020</wb:date>
    <wb:value>3722716</wb:value>
    <wb:unit />
    <wb:obs_status />
    <wb:decimal>0</wb:decimal>
  </wb:data>
  <wb:data>
    <wb:indicator id="SP.POP.TOTL">Population, total</wb:indicator>
    <wb:country id="DE">Germany</wb:country>
    <wb:countryiso3code>DEU</wb:countryiso3code>
    <wb:date>2020</wb:date>
    <wb:value>83160871</wb:value>
    <wb:unit />
    <wb:obs_status />
    <wb:decimal>0</wb:decimal>
  </wb:data>
  <wb:data>
    <wb:indicator id="SP.POP.TOTL">Population, total</wb:indicator>
    <wb:country id="GH">Ghana</wb:country>
    <wb:countryiso3code>GHA</wb:countryiso3code>
    <wb:date>2020</wb:date>
    <wb:value>31887809</wb:value>
    <wb:unit />
    <wb:obs_status />
    <wb:decimal>0</wb:decimal>
  </wb:data>
  <wb:data>
    <wb:indicator id="SP.POP.TOTL">Population, total</wb:indicator>
    <wb:country id="GI">Gibraltar</wb:country>
    <wb:countryiso3code>GIB</wb:countryiso3code>
    <wb:date>2020</wb:date>
    <wb:value>36173</wb:value>
    <wb:unit />
    <wb:obs_status />
    <wb:decimal>0</wb:decimal>
  </wb:data>
  <wb:data>
    <wb:indicator id="SP.POP.TOTL">Population, total</wb:indicator>
    <wb:country id="GR">Greece</wb:country>
    <wb:countryiso3code>GRC</wb:countryiso3code>
    <wb:date>2020</wb:date>
    <wb:value>10698599</wb:value>
    <wb:unit />
    <wb:obs_status />
    <wb:decimal>0</wb:decimal>
  </wb:data>
  <wb:data>
    <wb:indicator id="SP.POP.TOTL">Population, total</wb:indicator>
    <wb:country id="GL">Greenland</wb:country>
    <wb:countryiso3code>GRL</wb:countryiso3code>
    <wb:date>2020</wb:date>
    <wb:value>56367</wb:value>
    <wb:unit />
    <wb:obs_status />
    <wb:decimal>0</wb:decimal>
  </wb:data>
  <wb:data>
    <wb:indicator id="SP.POP.TOTL">Population, total</wb:indicator>
    <wb:country id="GD">Grenada</wb:country>
    <wb:countryiso3code>GRD</wb:countryiso3code>
    <wb:date>2020</wb:date>
    <wb:value>116341</wb:value>
    <wb:unit />
    <wb:obs_status />
    <wb:decimal>0</wb:decimal>
  </wb:data>
  <wb:data>
    <wb:indicator id="SP.POP.TOTL">Population, total</wb:indicator>
    <wb:country id="GU">Guam</wb:country>
    <wb:countryiso3code>GUM</wb:countryiso3code>
    <wb:date>2020</wb:date>
    <wb:value>162158</wb:value>
    <wb:unit />
    <wb:obs_status />
    <wb:decimal>0</wb:decimal>
  </wb:data>
  <wb:data>
    <wb:indicator id="SP.POP.TOTL">Population, total</wb:indicator>
    <wb:country id="GT">Guatemala</wb:country>
    <wb:countryiso3code>GTM</wb:countryiso3code>
    <wb:date>2020</wb:date>
    <wb:value>17357325</wb:value>
    <wb:unit />
    <wb:obs_status />
    <wb:decimal>0</wb:decimal>
  </wb:data>
  <wb:data>
    <wb:indicator id="SP.POP.TOTL">Population, total</wb:indicator>
    <wb:country id="GN">Guinea</wb:country>
    <wb:countryiso3code>GIN</wb:countryiso3code>
    <wb:date>2020</wb:date>
    <wb:value>13371183</wb:value>
    <wb:unit />
    <wb:obs_status />
    <wb:decimal>0</wb:decimal>
  </wb:data>
  <wb:data>
    <wb:indicator id="SP.POP.TOTL">Population, total</wb:indicator>
    <wb:country id="GW">Guinea-Bissau</wb:country>
    <wb:countryiso3code>GNB</wb:countryiso3code>
    <wb:date>2020</wb:date>
    <wb:value>2013255</wb:value>
    <wb:unit />
    <wb:obs_status />
    <wb:decimal>0</wb:decimal>
  </wb:data>
  <wb:data>
    <wb:indicator id="SP.POP.TOTL">Population, total</wb:indicator>
    <wb:country id="GY">Guyana</wb:country>
    <wb:countryiso3code>GUY</wb:countryiso3code>
    <wb:date>2020</wb:date>
    <wb:value>807481</wb:value>
    <wb:unit />
    <wb:obs_status />
    <wb:decimal>0</wb:decimal>
  </wb:data>
  <wb:data>
    <wb:indicator id="SP.POP.TOTL">Population, total</wb:indicator>
    <wb:country id="HT">Haiti</wb:country>
    <wb:countryiso3code>HTI</wb:countryiso3code>
    <wb:date>2020</wb:date>
    <wb:value>11243848</wb:value>
    <wb:unit />
    <wb:obs_status />
    <wb:decimal>0</wb:decimal>
  </wb:data>
  <wb:data>
    <wb:indicator id="SP.POP.TOTL">Population, total</wb:indicator>
    <wb:country id="HN">Honduras</wb:country>
    <wb:countryiso3code>HND</wb:countryiso3code>
    <wb:date>2020</wb:date>
    <wb:value>10119640</wb:value>
    <wb:unit />
    <wb:obs_status />
    <wb:decimal>0</wb:decimal>
  </wb:data>
  <wb:data>
    <wb:indicator id="SP.POP.TOTL">Population, total</wb:indicator>
    <wb:country id="HK">Hong Kong SAR, China</wb:country>
    <wb:countryiso3code>HKG</wb:countryiso3code>
    <wb:date>2020</wb:date>
    <wb:value>7481000</wb:value>
    <wb:unit />
    <wb:obs_status />
    <wb:decimal>0</wb:decimal>
  </wb:data>
  <wb:data>
    <wb:indicator id="SP.POP.TOTL">Population, total</wb:indicator>
    <wb:country id="HU">Hungary</wb:country>
    <wb:countryiso3code>HUN</wb:countryiso3code>
    <wb:date>2020</wb:date>
    <wb:value>9750149</wb:value>
    <wb:unit />
    <wb:obs_status />
    <wb:decimal>0</wb:decimal>
  </wb:data>
  <wb:data>
    <wb:indicator id="SP.POP.TOTL">Population, total</wb:indicator>
    <wb:country id="IS">Iceland</wb:country>
    <wb:countryiso3code>ISL</wb:countryiso3code>
    <wb:date>2020</wb:date>
    <wb:value>366463</wb:value>
    <wb:unit />
    <wb:obs_status />
    <wb:decimal>0</wb:decimal>
  </wb:data>
  <wb:data>
    <wb:indicator id="SP.POP.TOTL">Population, total</wb:indicator>
    <wb:country id="IN">India</wb:country>
    <wb:countryiso3code>IND</wb:countryiso3code>
    <wb:date>2020</wb:date>
    <wb:value>1402617695</wb:value>
    <wb:unit />
    <wb:obs_status />
    <wb:decimal>0</wb:decimal>
  </wb:data>
  <wb:data>
    <wb:indicator id="SP.POP.TOTL">Population, total</wb:indicator>
    <wb:country id="ID">Indonesia</wb:country>
    <wb:countryiso3code>IDN</wb:countryiso3code>
    <wb:date>2020</wb:date>
    <wb:value>274814866</wb:value>
    <wb:unit />
    <wb:obs_status />
    <wb:decimal>0</wb:decimal>
  </wb:data>
  <wb:data>
    <wb:indicator id="SP.POP.TOTL">Population, total</wb:indicator>
    <wb:country id="IR">Iran, Islamic Rep.</wb:country>
    <wb:countryiso3code>IRN</wb:countryiso3code>
    <wb:date>2020</wb:date>
    <wb:value>87723443</wb:value>
    <wb:unit />
    <wb:obs_status />
    <wb:decimal>0</wb:decimal>
  </wb:data>
  <wb:data>
    <wb:indicator id="SP.POP.TOTL">Population, total</wb:indicator>
    <wb:country id="IQ">Iraq</wb:country>
    <wb:countryiso3code>IRQ</wb:countryiso3code>
    <wb:date>2020</wb:date>
    <wb:value>42116605</wb:value>
    <wb:unit />
    <wb:obs_status />
    <wb:decimal>0</wb:decimal>
  </wb:data>
  <wb:data>
    <wb:indicator id="SP.POP.TOTL">Population, total</wb:indicator>
    <wb:country id="IE">Ireland</wb:country>
    <wb:countryiso3code>IRL</wb:countryiso3code>
    <wb:date>2020</wb:date>
    <wb:value>4985382</wb:value>
    <wb:unit />
    <wb:obs_status />
    <wb:decimal>0</wb:decimal>
  </wb:data>
  <wb:data>
    <wb:indicator id="SP.POP.TOTL">Population, total</wb:indicator>
    <wb:country id="IM">Isle of Man</wb:country>
    <wb:countryiso3code>IMN</wb:countryiso3code>
    <wb:date>2020</wb:date>
    <wb:value>84064</wb:value>
    <wb:unit />
    <wb:obs_status />
    <wb:decimal>0</wb:decimal>
  </wb:data>
  <wb:data>
    <wb:indicator id="SP.POP.TOTL">Population, total</wb:indicator>
    <wb:country id="IL">Israel</wb:country>
    <wb:countryiso3code>ISR</wb:countryiso3code>
    <wb:date>2020</wb:date>
    <wb:value>9215100</wb:value>
    <wb:unit />
    <wb:obs_status />
    <wb:decimal>0</wb:decimal>
  </wb:data>
  <wb:data>
    <wb:indicator id="SP.POP.TOTL">Population, total</wb:indicator>
    <wb:country id="IT">Italy</wb:country>
    <wb:countryiso3code>ITA</wb:countryiso3code>
    <wb:date>2020</wb:date>
    <wb:value>59438851</wb:value>
    <wb:unit />
    <wb:obs_status />
    <wb:decimal>0</wb:decimal>
  </wb:data>
  <wb:data>
    <wb:indicator id="SP.POP.TOTL">Population, total</wb:indicator>
    <wb:country id="JM">Jamaica</wb:country>
    <wb:countryiso3code>JAM</wb:countryiso3code>
    <wb:date>2020</wb:date>
    <wb:value>2830739</wb:value>
    <wb:unit />
    <wb:obs_status />
    <wb:decimal>0</wb:decimal>
  </wb:data>
  <wb:data>
    <wb:indicator id="SP.POP.TOTL">Population, total</wb:indicator>
    <wb:country id="JP">Japan</wb:country>
    <wb:countryiso3code>JPN</wb:countryiso3code>
    <wb:date>2020</wb:date>
    <wb:value>126261000</wb:value>
    <wb:unit />
    <wb:obs_status />
    <wb:decimal>0</wb:decimal>
  </wb:data>
  <wb:data>
    <wb:indicator id="SP.POP.TOTL">Population, total</wb:indicator>
    <wb:country id="JO">Jordan</wb:country>
    <wb:countryiso3code>JOR</wb:countryiso3code>
    <wb:date>2020</wb:date>
    <wb:value>10865228</wb:value>
    <wb:unit />
    <wb:obs_status />
    <wb:decimal>0</wb:decimal>
  </wb:data>
  <wb:data>
    <wb:indicator id="SP.POP.TOTL">Population, total</wb:indicator>
    <wb:country id="KZ">Kazakhstan</wb:country>
    <wb:countryiso3code>KAZ</wb:countryiso3code>
    <wb:date>2020</wb:date>
    <wb:value>19482117</wb:value>
    <wb:unit />
    <wb:obs_status />
    <wb:decimal>0</wb:decimal>
  </wb:data>
  <wb:data>
    <wb:indicator id="SP.POP.TOTL">Population, total</wb:indicator>
    <wb:country id="KE">Kenya</wb:country>
    <wb:countryiso3code>KEN</wb:countryiso3code>
    <wb:date>2020</wb:date>
    <wb:value>52217334</wb:value>
    <wb:unit />
    <wb:obs_status />
    <wb:decimal>0</wb:decimal>
  </wb:data>
  <wb:data>
    <wb:indicator id="SP.POP.TOTL">Population, total</wb:indicator>
    <wb:country id="KI">Kiribati</wb:country>
    <wb:countryiso3code>KIR</wb:countryiso3code>
    <wb:date>2020</wb:date>
    <wb:value>126099</wb:value>
    <wb:unit />
    <wb:obs_status />
    <wb:decimal>0</wb:decimal>
  </wb:data>
  <wb:data>
    <wb:indicator id="SP.POP.TOTL">Population, total</wb:indicator>
    <wb:country id="KP">Korea, Dem. People's Rep.</wb:country>
    <wb:countryiso3code>PRK</wb:countryiso3code>
    <wb:date>2020</wb:date>
    <wb:value>26136312</wb:value>
    <wb:unit />
    <wb:obs_status />
    <wb:decimal>0</wb:decimal>
  </wb:data>
  <wb:data>
    <wb:indicator id="SP.POP.TOTL">Population, total</wb:indicator>
    <wb:country id="KR">Korea, Rep.</wb:country>
    <wb:countryiso3code>KOR</wb:countryiso3code>
    <wb:date>2020</wb:date>
    <wb:value>51836239</wb:value>
    <wb:unit />
    <wb:obs_status />
    <wb:decimal>0</wb:decimal>
  </wb:data>
  <wb:data>
    <wb:indicator id="SP.POP.TOTL">Population, total</wb:indicator>
    <wb:country id="XK">Kosovo</wb:country>
    <wb:countryiso3code>XKX</wb:countryiso3code>
    <wb:date>2020</wb:date>
    <wb:value>1790152</wb:value>
    <wb:unit />
    <wb:obs_status />
    <wb:decimal>0</wb:decimal>
  </wb:data>
  <wb:data>
    <wb:indicator id="SP.POP.TOTL">Population, total</wb:indicator>
    <wb:country id="KW">Kuwait</wb:country>
    <wb:countryiso3code>KWT</wb:countryiso3code>
    <wb:date>2020</wb:date>
    <wb:value>4400267</wb:value>
    <wb:unit />
    <wb:obs_status />
    <wb:decimal>0</wb:decimal>
  </wb:data>
  <wb:data>
    <wb:indicator id="SP.POP.TOTL">Population, total</wb:indicator>
    <wb:country id="KG">Kyrgyz Republic</wb:country>
    <wb:countryiso3code>KGZ</wb:countryiso3code>
    <wb:date>2020</wb:date>
    <wb:value>6726595.5</wb:value>
    <wb:unit />
    <wb:obs_status />
    <wb:decimal>0</wb:decimal>
  </wb:data>
  <wb:data>
    <wb:indicator id="SP.POP.TOTL">Population, total</wb:indicator>
    <wb:country id="LA">Lao PDR</wb:country>
    <wb:countryiso3code>LAO</wb:countryiso3code>
    <wb:date>2020</wb:date>
    <wb:value>7346533</wb:value>
    <wb:unit />
    <wb:obs_status />
    <wb:decimal>0</wb:decimal>
  </wb:data>
  <wb:data>
    <wb:indicator id="SP.POP.TOTL">Population, total</wb:indicator>
    <wb:country id="LV">Latvia</wb:country>
    <wb:countryiso3code>LVA</wb:countryiso3code>
    <wb:date>2020</wb:date>
    <wb:value>1900449</wb:value>
    <wb:unit />
    <wb:obs_status />
    <wb:decimal>0</wb:decimal>
  </wb:data>
  <wb:data>
    <wb:indicator id="SP.POP.TOTL">Population, total</wb:indicator>
    <wb:country id="LB">Lebanon</wb:country>
    <wb:countryiso3code>LBN</wb:countryiso3code>
    <wb:date>2020</wb:date>
    <wb:value>5702398</wb:value>
    <wb:unit />
    <wb:obs_status />
    <wb:decimal>0</wb:decimal>
  </wb:data>
  <wb:data>
    <wb:indicator id="SP.POP.TOTL">Population, total</wb:indicator>
    <wb:country id="LS">Lesotho</wb:country>
    <wb:countryiso3code>LSO</wb:countryiso3code>
    <wb:date>2020</wb:date>
    <wb:value>2235727</wb:value>
    <wb:unit />
    <wb:obs_status />
    <wb:decimal>0</wb:decimal>
  </wb:data>
  <wb:data>
    <wb:indicator id="SP.POP.TOTL">Population, total</wb:indicator>
    <wb:country id="LR">Liberia</wb:country>
    <wb:countryiso3code>LBR</wb:countryiso3code>
    <wb:date>2020</wb:date>
    <wb:value>5149463</wb:value>
    <wb:unit />
    <wb:obs_status />
    <wb:decimal>0</wb:decimal>
  </wb:data>
  <wb:data>
    <wb:indicator id="SP.POP.TOTL">Population, total</wb:indicator>
    <wb:country id="LY">Libya</wb:country>
    <wb:countryiso3code>LBY</wb:countryiso3code>
    <wb:date>2020</wb:date>
    <wb:value>7045399</wb:value>
    <wb:unit />
    <wb:obs_status />
    <wb:decimal>0</wb:decimal>
  </wb:data>
  <wb:data>
    <wb:indicator id="SP.POP.TOTL">Population, total</wb:indicator>
    <wb:country id="LI">Liechtenstein</wb:country>
    <wb:countryiso3code>LIE</wb:countryiso3code>
    <wb:date>2020</wb:date>
    <wb:value>38901</wb:value>
    <wb:unit />
    <wb:obs_status />
    <wb:decimal>0</wb:decimal>
  </wb:data>
  <wb:data>
    <wb:indicator id="SP.POP.TOTL">Population, total</wb:indicator>
    <wb:country id="LT">Lithuania</wb:country>
    <wb:countryiso3code>LTU</wb:countryiso3code>
    <wb:date>2020</wb:date>
    <wb:value>2794885</wb:value>
    <wb:unit />
    <wb:obs_status />
    <wb:decimal>0</wb:decimal>
  </wb:data>
  <wb:data>
    <wb:indicator id="SP.POP.TOTL">Population, total</wb:indicator>
    <wb:country id="LU">Luxembourg</wb:country>
    <wb:countryiso3code>LUX</wb:countryiso3code>
    <wb:date>2020</wb:date>
    <wb:value>630419</wb:value>
    <wb:unit />
    <wb:obs_status />
    <wb:decimal>0</wb:decimal>
  </wb:data>
  <wb:data>
    <wb:indicator id="SP.POP.TOTL">Population, total</wb:indicator>
    <wb:country id="MO">Macao SAR, China</wb:country>
    <wb:countryiso3code>MAC</wb:countryiso3code>
    <wb:date>2020</wb:date>
    <wb:value>685400</wb:value>
    <wb:unit />
    <wb:obs_status />
    <wb:decimal>0</wb:decimal>
  </wb:data>
  <wb:data>
    <wb:indicator id="SP.POP.TOTL">Population, total</wb:indicator>
    <wb:country id="MG">Madagascar</wb:country>
    <wb:countryiso3code>MDG</wb:countryiso3code>
    <wb:date>2020</wb:date>
    <wb:value>28953556</wb:value>
    <wb:unit />
    <wb:obs_status />
    <wb:decimal>0</wb:decimal>
  </wb:data>
  <wb:data>
    <wb:indicator id="SP.POP.TOTL">Population, total</wb:indicator>
    <wb:country id="MW">Malawi</wb:country>
    <wb:countryiso3code>MWI</wb:countryiso3code>
    <wb:date>2020</wb:date>
    <wb:value>19533888</wb:value>
    <wb:unit />
    <wb:obs_status />
    <wb:decimal>0</wb:decimal>
  </wb:data>
  <wb:data>
    <wb:indicator id="SP.POP.TOTL">Population, total</wb:indicator>
    <wb:country id="MY">Malaysia</wb:country>
    <wb:countryiso3code>MYS</wb:countryiso3code>
    <wb:date>2020</wb:date>
    <wb:value>33889558</wb:value>
    <wb:unit />
    <wb:obs_status />
    <wb:decimal>0</wb:decimal>
  </wb:data>
  <wb:data>
    <wb:indicator id="SP.POP.TOTL">Population, total</wb:indicator>
    <wb:country id="MV">Maldives</wb:country>
    <wb:countryiso3code>MDV</wb:countryiso3code>
    <wb:date>2020</wb:date>
    <wb:value>502118</wb:value>
    <wb:unit />
    <wb:obs_status />
    <wb:decimal>0</wb:decimal>
  </wb:data>
  <wb:data>
    <wb:indicator id="SP.POP.TOTL">Population, total</wb:indicator>
    <wb:country id="ML">Mali</wb:country>
    <wb:countryiso3code>MLI</wb:countryiso3code>
    <wb:date>2020</wb:date>
    <wb:value>21713836</wb:value>
    <wb:unit />
    <wb:obs_status />
    <wb:decimal>0</wb:decimal>
  </wb:data>
  <wb:data>
    <wb:indicator id="SP.POP.TOTL">Population, total</wb:indicator>
    <wb:country id="MT">Malta</wb:country>
    <wb:countryiso3code>MLT</wb:countryiso3code>
    <wb:date>2020</wb:date>
    <wb:value>515332</wb:value>
    <wb:unit />
    <wb:obs_status />
    <wb:decimal>0</wb:decimal>
  </wb:data>
  <wb:data>
    <wb:indicator id="SP.POP.TOTL">Population, total</wb:indicator>
    <wb:country id="MH">Marshall Islands</wb:country>
    <wb:countryiso3code>MHL</wb:countryiso3code>
    <wb:date>2020</wb:date>
    <wb:value>42706</wb:value>
    <wb:unit />
    <wb:obs_status />
    <wb:decimal>0</wb:decimal>
  </wb:data>
  <wb:data>
    <wb:indicator id="SP.POP.TOTL">Population, total</wb:indicator>
    <wb:country id="MR">Mauritania</wb:country>
    <wb:countryiso3code>MRT</wb:countryiso3code>
    <wb:date>2020</wb:date>
    <wb:value>4600131</wb:value>
    <wb:unit />
    <wb:obs_status />
    <wb:decimal>0</wb:decimal>
  </wb:data>
  <wb:data>
    <wb:indicator id="SP.POP.TOTL">Population, total</wb:indicator>
    <wb:country id="MU">Mauritius</wb:country>
    <wb:countryiso3code>MUS</wb:countryiso3code>
    <wb:date>2020</wb:date>
    <wb:value>1266014</wb:value>
    <wb:unit />
    <wb:obs_status />
    <wb:decimal>0</wb:decimal>
  </wb:data>
  <wb:data>
    <wb:indicator id="SP.POP.TOTL">Population, total</wb:indicator>
    <wb:country id="MX">Mexico</wb:country>
    <wb:countryiso3code>MEX</wb:countryiso3code>
    <wb:date>2020</wb:date>
    <wb:value>126799054</wb:value>
    <wb:unit />
    <wb:obs_status />
    <wb:decimal>0</wb:decimal>
  </wb:data>
  <wb:data>
    <wb:indicator id="SP.POP.TOTL">Population, total</wb:indicator>
    <wb:country id="FM">Micronesia, Fed. Sts.</wb:country>
    <wb:countryiso3code>FSM</wb:countryiso3code>
    <wb:date>2020</wb:date>
    <wb:value>110916</wb:value>
    <wb:unit />
    <wb:obs_status />
    <wb:decimal>0</wb:decimal>
  </wb:data>
  <wb:data>
    <wb:indicator id="SP.POP.TOTL">Population, total</wb:indicator>
    <wb:country id="MD">Moldova</wb:country>
    <wb:countryiso3code>MDA</wb:countryiso3code>
    <wb:date>2020</wb:date>
    <wb:value>2635130</wb:value>
    <wb:unit />
    <wb:obs_status />
    <wb:decimal>0</wb:decimal>
  </wb:data>
  <wb:data>
    <wb:indicator id="SP.POP.TOTL">Population, total</wb:indicator>
    <wb:country id="MC">Monaco</wb:country>
    <wb:countryiso3code>MCO</wb:countryiso3code>
    <wb:date>2020</wb:date>
    <wb:value>38050</wb:value>
    <wb:unit />
    <wb:obs_status />
    <wb:decimal>0</wb:decimal>
  </wb:data>
  <wb:data>
    <wb:indicator id="SP.POP.TOTL">Population, total</wb:indicator>
    <wb:country id="MN">Mongolia</wb:country>
    <wb:countryiso3code>MNG</wb:countryiso3code>
    <wb:date>2020</wb:date>
    <wb:value>3327204</wb:value>
    <wb:unit />
    <wb:obs_status />
    <wb:decimal>0</wb:decimal>
  </wb:data>
  <wb:data>
    <wb:indicator id="SP.POP.TOTL">Population, total</wb:indicator>
    <wb:country id="ME">Montenegro</wb:country>
    <wb:countryiso3code>MNE</wb:countryiso3code>
    <wb:date>2020</wb:date>
    <wb:value>621306</wb:value>
    <wb:unit />
    <wb:obs_status />
    <wb:decimal>0</wb:decimal>
  </wb:data>
  <wb:data>
    <wb:indicator id="SP.POP.TOTL">Population, total</wb:indicator>
    <wb:country id="MA">Morocco</wb:country>
    <wb:countryiso3code>MAR</wb:countryiso3code>
    <wb:date>2020</wb:date>
    <wb:value>36584208</wb:value>
    <wb:unit />
    <wb:obs_status />
    <wb:decimal>0</wb:decimal>
  </wb:data>
  <wb:data>
    <wb:indicator id="SP.POP.TOTL">Population, total</wb:indicator>
    <wb:country id="MZ">Mozambique</wb:country>
    <wb:countryiso3code>MOZ</wb:countryiso3code>
    <wb:date>2020</wb:date>
    <wb:value>30783688</wb:value>
    <wb:unit />
    <wb:obs_status />
    <wb:decimal>0</wb:decimal>
  </wb:data>
  <wb:data>
    <wb:indicator id="SP.POP.TOTL">Population, total</wb:indicator>
    <wb:country id="MM">Myanmar</wb:country>
    <wb:countryiso3code>MMR</wb:countryiso3code>
    <wb:date>2020</wb:date>
    <wb:value>53016522</wb:value>
    <wb:unit />
    <wb:obs_status />
    <wb:decimal>0</wb:decimal>
  </wb:data>
  <wb:data>
    <wb:indicator id="SP.POP.TOTL">Population, total</wb:indicator>
    <wb:country id="NA">Namibia</wb:country>
    <wb:countryiso3code>NAM</wb:countryiso3code>
    <wb:date>2020</wb:date>
    <wb:value>2728762</wb:value>
    <wb:unit />
    <wb:obs_status />
    <wb:decimal>0</wb:decimal>
  </wb:data>
  <wb:data>
    <wb:indicator id="SP.POP.TOTL">Population, total</wb:indicator>
    <wb:country id="NR">Nauru</wb:country>
    <wb:countryiso3code>NRU</wb:countryiso3code>
    <wb:date>2020</wb:date>
    <wb:value>11643</wb:value>
    <wb:unit />
    <wb:obs_status />
    <wb:decimal>0</wb:decimal>
  </wb:data>
  <wb:data>
    <wb:indicator id="SP.POP.TOTL">Population, total</wb:indicator>
    <wb:country id="NP">Nepal</wb:country>
    <wb:countryiso3code>NPL</wb:countryiso3code>
    <wb:date>2020</wb:date>
    <wb:value>28966574</wb:value>
    <wb:unit />
    <wb:obs_status />
    <wb:decimal>0</wb:decimal>
  </wb:data>
  <wb:data>
    <wb:indicator id="SP.POP.TOTL">Population, total</wb:indicator>
    <wb:country id="NL">Netherlands</wb:country>
    <wb:countryiso3code>NLD</wb:countryiso3code>
    <wb:date>2020</wb:date>
    <wb:value>17441500</wb:value>
    <wb:unit />
    <wb:obs_status />
    <wb:decimal>0</wb:decimal>
  </wb:data>
  <wb:data>
    <wb:indicator id="SP.POP.TOTL">Population, total</wb:indicator>
    <wb:country id="NC">New Caledonia</wb:country>
    <wb:countryiso3code>NCL</wb:countryiso3code>
    <wb:date>2020</wb:date>
    <wb:value>284176</wb:value>
    <wb:unit />
    <wb:obs_status />
    <wb:decimal>0</wb:decimal>
  </wb:data>
  <wb:data>
    <wb:indicator id="SP.POP.TOTL">Population, total</wb:indicator>
    <wb:country id="NZ">New Zealand</wb:country>
    <wb:countryiso3code>NZL</wb:countryiso3code>
    <wb:date>2020</wb:date>
    <wb:value>5090200</wb:value>
    <wb:unit />
    <wb:obs_status />
    <wb:decimal>0</wb:decimal>
  </wb:data>
  <wb:data>
    <wb:indicator id="SP.POP.TOTL">Population, total</wb:indicator>
    <wb:country id="NI">Nicaragua</wb:country>
    <wb:countryiso3code>NIC</wb:countryiso3code>
    <wb:date>2020</wb:date>
    <wb:value>6565267</wb:value>
    <wb:unit />
    <wb:obs_status />
    <wb:decimal>0</wb:decimal>
  </wb:data>
  <wb:data>
    <wb:indicator id="SP.POP.TOTL">Population, total</wb:indicator>
    <wb:country id="NE">Niger</wb:country>
    <wb:countryiso3code>NER</wb:countryiso3code>
    <wb:date>2020</wb:date>
    <wb:value>23717613</wb:value>
    <wb:unit />
    <wb:obs_status />
    <wb:decimal>0</wb:decimal>
  </wb:data>
  <wb:data>
    <wb:indicator id="SP.POP.TOTL">Population, total</wb:indicator>
    <wb:country id="NG">Nigeria</wb:country>
    <wb:countryiso3code>NGA</wb:countryiso3code>
    <wb:date>2020</wb:date>
    <wb:value>213996181</wb:value>
    <wb:unit />
    <wb:obs_status />
    <wb:decimal>0</wb:decimal>
  </wb:data>
  <wb:data>
    <wb:indicator id="SP.POP.TOTL">Population, total</wb:indicator>
    <wb:country id="MK">North Macedonia</wb:country>
    <wb:countryiso3code>MKD</wb:countryiso3code>
    <wb:date>2020</wb:date>
    <wb:value>1856124</wb:value>
    <wb:unit />
    <wb:obs_status />
    <wb:decimal>0</wb:decimal>
  </wb:data>
  <wb:data>
    <wb:indicator id="SP.POP.TOTL">Population, total</wb:indicator>
    <wb:country id="MP">Northern Mariana Islands</wb:country>
    <wb:countryiso3code>MNP</wb:countryiso3code>
    <wb:date>2020</wb:date>
    <wb:value>47528</wb:value>
    <wb:unit />
    <wb:obs_status />
    <wb:decimal>0</wb:decimal>
  </wb:data>
  <wb:data>
    <wb:indicator id="SP.POP.TOTL">Population, total</wb:indicator>
    <wb:country id="NO">Norway</wb:country>
    <wb:countryiso3code>NOR</wb:countryiso3code>
    <wb:date>2020</wb:date>
    <wb:value>5379475</wb:value>
    <wb:unit />
    <wb:obs_status />
    <wb:decimal>0</wb:decimal>
  </wb:data>
  <wb:data>
    <wb:indicator id="SP.POP.TOTL">Population, total</wb:indicator>
    <wb:country id="OM">Oman</wb:country>
    <wb:countryiso3code>OMN</wb:countryiso3code>
    <wb:date>2020</wb:date>
    <wb:value>4522497</wb:value>
    <wb:unit />
    <wb:obs_status />
    <wb:decimal>0</wb:decimal>
  </wb:data>
  <wb:data>
    <wb:indicator id="SP.POP.TOTL">Population, total</wb:indicator>
    <wb:country id="PK">Pakistan</wb:country>
    <wb:countryiso3code>PAK</wb:countryiso3code>
    <wb:date>2020</wb:date>
    <wb:value>235001746</wb:value>
    <wb:unit />
    <wb:obs_status />
    <wb:decimal>0</wb:decimal>
  </wb:data>
  <wb:data>
    <wb:indicator id="SP.POP.TOTL">Population, total</wb:indicator>
    <wb:country id="PW">Palau</wb:country>
    <wb:countryiso3code>PLW</wb:countryiso3code>
    <wb:date>2020</wb:date>
    <wb:value>17792</wb:value>
    <wb:unit />
    <wb:obs_status />
    <wb:decimal>0</wb:decimal>
  </wb:data>
  <wb:data>
    <wb:indicator id="SP.POP.TOTL">Population, total</wb:indicator>
    <wb:country id="PA">Panama</wb:country>
    <wb:countryiso3code>PAN</wb:countryiso3code>
    <wb:date>2020</wb:date>
    <wb:value>4293261</wb:value>
    <wb:unit />
    <wb:obs_status />
    <wb:decimal>0</wb:decimal>
  </wb:data>
  <wb:data>
    <wb:indicator id="SP.POP.TOTL">Population, total</wb:indicator>
    <wb:country id="PG">Papua New Guinea</wb:country>
    <wb:countryiso3code>PNG</wb:countryiso3code>
    <wb:date>2020</wb:date>
    <wb:value>9815746</wb:value>
    <wb:unit />
    <wb:obs_status />
    <wb:decimal>0</wb:decimal>
  </wb:data>
  <wb:data>
    <wb:indicator id="SP.POP.TOTL">Population, total</wb:indicator>
    <wb:country id="PY">Paraguay</wb:country>
    <wb:countryiso3code>PRY</wb:countryiso3code>
    <wb:date>2020</wb:date>
    <wb:value>6603739</wb:value>
    <wb:unit />
    <wb:obs_status />
    <wb:decimal>0</wb:decimal>
  </wb:data>
  <wb:data>
    <wb:indicator id="SP.POP.TOTL">Population, total</wb:indicator>
    <wb:country id="PE">Peru</wb:country>
    <wb:countryiso3code>PER</wb:countryiso3code>
    <wb:date>2020</wb:date>
    <wb:value>32838579</wb:value>
    <wb:unit />
    <wb:obs_status />
    <wb:decimal>0</wb:decimal>
  </wb:data>
  <wb:data>
    <wb:indicator id="SP.POP.TOTL">Population, total</wb:indicator>
    <wb:country id="PH">Philippines</wb:country>
    <wb:countryiso3code>PHL</wb:countryiso3code>
    <wb:date>2020</wb:date>
    <wb:value>112081264</wb:value>
    <wb:unit />
    <wb:obs_status />
    <wb:decimal>0</wb:decimal>
  </wb:data>
  <wb:data>
    <wb:indicator id="SP.POP.TOTL">Population, total</wb:indicator>
    <wb:country id="PL">Poland</wb:country>
    <wb:countryiso3code>POL</wb:countryiso3code>
    <wb:date>2020</wb:date>
    <wb:value>37899070</wb:value>
    <wb:unit />
    <wb:obs_status />
    <wb:decimal>0</wb:decimal>
  </wb:data>
  <wb:data>
    <wb:indicator id="SP.POP.TOTL">Population, total</wb:indicator>
    <wb:country id="PT">Portugal</wb:country>
    <wb:countryiso3code>PRT</wb:countryiso3code>
    <wb:date>2020</wb:date>
    <wb:value>10297081</wb:value>
    <wb:unit />
    <wb:obs_status />
    <wb:decimal>0</wb:decimal>
  </wb:data>
  <wb:data>
    <wb:indicator id="SP.POP.TOTL">Population, total</wb:indicator>
    <wb:country id="PR">Puerto Rico</wb:country>
    <wb:countryiso3code>PRI</wb:countryiso3code>
    <wb:date>2020</wb:date>
    <wb:value>3281557</wb:value>
    <wb:unit />
    <wb:obs_status />
    <wb:decimal>0</wb:decimal>
  </wb:data>
  <wb:data>
    <wb:indicator id="SP.POP.TOTL">Population, total</wb:indicator>
    <wb:country id="QA">Qatar</wb:country>
    <wb:countryiso3code>QAT</wb:countryiso3code>
    <wb:date>2020</wb:date>
    <wb:value>2794148</wb:value>
    <wb:unit />
    <wb:obs_status />
    <wb:decimal>0</wb:decimal>
  </wb:data>
  <wb:data>
    <wb:indicator id="SP.POP.TOTL">Population, total</wb:indicator>
    <wb:country id="RO">Romania</wb:country>
    <wb:countryiso3code>ROU</wb:countryiso3code>
    <wb:date>2020</wb:date>
    <wb:value>19265250</wb:value>
    <wb:unit />
    <wb:obs_status />
    <wb:decimal>0</wb:decimal>
  </wb:data>
  <wb:data>
    <wb:indicator id="SP.POP.TOTL">Population, total</wb:indicator>
    <wb:country id="RU">Russian Federation</wb:country>
    <wb:countryiso3code>RUS</wb:countryiso3code>
    <wb:date>2020</wb:date>
    <wb:value>145245148</wb:value>
    <wb:unit />
    <wb:obs_status />
    <wb:decimal>0</wb:decimal>
  </wb:data>
  <wb:data>
    <wb:indicator id="SP.POP.TOTL">Population, total</wb:indicator>
    <wb:country id="RW">Rwanda</wb:country>
    <wb:countryiso3code>RWA</wb:countryiso3code>
    <wb:date>2020</wb:date>
    <wb:value>13065837</wb:value>
    <wb:unit />
    <wb:obs_status />
    <wb:decimal>0</wb:decimal>
  </wb:data>
  <wb:data>
    <wb:indicator id="SP.POP.TOTL">Population, total</wb:indicator>
    <wb:country id="WS">Samoa</wb:country>
    <wb:countryiso3code>WSM</wb:countryiso3code>
    <wb:date>2020</wb:date>
    <wb:value>211944</wb:value>
    <wb:unit />
    <wb:obs_status />
    <wb:decimal>0</wb:decimal>
  </wb:data>
  <wb:data>
    <wb:indicator id="SP.POP.TOTL">Population, total</wb:indicator>
    <wb:country id="SM">San Marino</wb:country>
    <wb:countryiso3code>SMR</wb:countryiso3code>
    <wb:date>2020</wb:date>
    <wb:value>34770</wb:value>
    <wb:unit />
    <wb:obs_status />
    <wb:decimal>0</wb:decimal>
  </wb:data>
  <wb:data>
    <wb:indicator id="SP.POP.TOTL">Population, total</wb:indicator>
    <wb:country id="ST">Sao Tome and Principe</wb:country>
    <wb:countryiso3code>STP</wb:countryiso3code>
    <wb:date>2020</wb:date>
    <wb:value>217435</wb:value>
    <wb:unit />
    <wb:obs_status />
    <wb:decimal>0</wb:decimal>
  </wb:data>
  <wb:data>
    <wb:indicator id="SP.POP.TOTL">Population, total</wb:indicator>
    <wb:country id="SA">Saudi Arabia</wb:country>
    <wb:countryiso3code>SAU</wb:countryiso3code>
    <wb:date>2020</wb:date>
    <wb:value>31552510</wb:value>
    <wb:unit />
    <wb:obs_status />
    <wb:decimal>0</wb:decimal>
  </wb:data>
  <wb:data>
    <wb:indicator id="SP.POP.TOTL">Population, total</wb:indicator>
    <wb:country id="SN">Senegal</wb:country>
    <wb:countryiso3code>SEN</wb:countryiso3code>
    <wb:date>2020</wb:date>
    <wb:value>16789219</wb:value>
    <wb:unit />
    <wb:obs_status />
    <wb:decimal>0</wb:decimal>
  </wb:data>
  <wb:data>
    <wb:indicator id="SP.POP.TOTL">Population, total</wb:indicator>
    <wb:country id="RS">Serbia</wb:country>
    <wb:countryiso3code>SRB</wb:countryiso3code>
    <wb:date>2020</wb:date>
    <wb:value>6899126</wb:value>
    <wb:unit />
    <wb:obs_status />
    <wb:decimal>0</wb:decimal>
  </wb:data>
  <wb:data>
    <wb:indicator id="SP.POP.TOTL">Population, total</wb:indicator>
    <wb:country id="SC">Seychelles</wb:country>
    <wb:countryiso3code>SYC</wb:countryiso3code>
    <wb:date>2020</wb:date>
    <wb:value>98462</wb:value>
    <wb:unit />
    <wb:obs_status />
    <wb:decimal>0</wb:decimal>
  </wb:data>
  <wb:data>
    <wb:indicator id="SP.POP.TOTL">Population, total</wb:indicator>
    <wb:country id="SL">Sierra Leone</wb:country>
    <wb:countryiso3code>SLE</wb:countryiso3code>
    <wb:date>2020</wb:date>
    <wb:value>7912558</wb:value>
    <wb:unit />
    <wb:obs_status />
    <wb:decimal>0</wb:decimal>
  </wb:data>
  <wb:data>
    <wb:indicator id="SP.POP.TOTL">Population, total</wb:indicator>
    <wb:country id="SG">Singapore</wb:country>
    <wb:countryiso3code>SGP</wb:countryiso3code>
    <wb:date>2020</wb:date>
    <wb:value>5685807</wb:value>
    <wb:unit />
    <wb:obs_status />
    <wb:decimal>0</wb:decimal>
  </wb:data>
  <wb:data>
    <wb:indicator id="SP.POP.TOTL">Population, total</wb:indicator>
    <wb:country id="SX">Sint Maarten (Dutch part)</wb:country>
    <wb:countryiso3code>SXM</wb:countryiso3code>
    <wb:date>2020</wb:date>
    <wb:value>41008</wb:value>
    <wb:unit />
    <wb:obs_status />
    <wb:decimal>0</wb:decimal>
  </wb:data>
  <wb:data>
    <wb:indicator id="SP.POP.TOTL">Population, total</wb:indicator>
    <wb:country id="SK">Slovak Republic</wb:country>
    <wb:countryiso3code>SVK</wb:countryiso3code>
    <wb:date>2020</wb:date>
    <wb:value>5458827</wb:value>
    <wb:unit />
    <wb:obs_status />
    <wb:decimal>0</wb:decimal>
  </wb:data>
  <wb:data>
    <wb:indicator id="SP.POP.TOTL">Population, total</wb:indicator>
    <wb:country id="SI">Slovenia</wb:country>
    <wb:countryiso3code>SVN</wb:countryiso3code>
    <wb:date>2020</wb:date>
    <wb:value>2102419</wb:value>
    <wb:unit />
    <wb:obs_status />
    <wb:decimal>0</wb:decimal>
  </wb:data>
  <wb:data>
    <wb:indicator id="SP.POP.TOTL">Population, total</wb:indicator>
    <wb:country id="SB">Solomon Islands</wb:country>
    <wb:countryiso3code>SLB</wb:countryiso3code>
    <wb:date>2020</wb:date>
    <wb:value>744498</wb:value>
    <wb:unit />
    <wb:obs_status />
    <wb:decimal>0</wb:decimal>
  </wb:data>
  <wb:data>
    <wb:indicator id="SP.POP.TOTL">Population, total</wb:indicator>
    <wb:country id="SO">Somalia</wb:country>
    <wb:countryiso3code>SOM</wb:countryiso3code>
    <wb:date>2020</wb:date>
    <wb:value>16651191</wb:value>
    <wb:unit />
    <wb:obs_status />
    <wb:decimal>0</wb:decimal>
  </wb:data>
  <wb:data>
    <wb:indicator id="SP.POP.TOTL">Population, total</wb:indicator>
    <wb:country id="ZA">South Africa</wb:country>
    <wb:countryiso3code>ZAF</wb:countryiso3code>
    <wb:date>2020</wb:date>
    <wb:value>60562381</wb:value>
    <wb:unit />
    <wb:obs_status />
    <wb:decimal>0</wb:decimal>
  </wb:data>
  <wb:data>
    <wb:indicator id="SP.POP.TOTL">Population, total</wb:indicator>
    <wb:country id="SS">South Sudan</wb:country>
    <wb:countryiso3code>SSD</wb:countryiso3code>
    <wb:date>2020</wb:date>
    <wb:value>10698467</wb:value>
    <wb:unit />
    <wb:obs_status />
    <wb:decimal>0</wb:decimal>
  </wb:data>
  <wb:data>
    <wb:indicator id="SP.POP.TOTL">Population, total</wb:indicator>
    <wb:country id="ES">Spain</wb:country>
    <wb:countryiso3code>ESP</wb:countryiso3code>
    <wb:date>2020</wb:date>
    <wb:value>47365655</wb:value>
    <wb:unit />
    <wb:obs_status />
    <wb:decimal>0</wb:decimal>
  </wb:data>
  <wb:data>
    <wb:indicator id="SP.POP.TOTL">Population, total</wb:indicator>
    <wb:country id="LK">Sri Lanka</wb:country>
    <wb:countryiso3code>LKA</wb:countryiso3code>
    <wb:date>2020</wb:date>
    <wb:value>21919000</wb:value>
    <wb:unit />
    <wb:obs_status />
    <wb:decimal>0</wb:decimal>
  </wb:data>
  <wb:data>
    <wb:indicator id="SP.POP.TOTL">Population, total</wb:indicator>
    <wb:country id="KN">St. Kitts and Nevis</wb:country>
    <wb:countryiso3code>KNA</wb:countryiso3code>
    <wb:date>2020</wb:date>
    <wb:value>46870</wb:value>
    <wb:unit />
    <wb:obs_status />
    <wb:decimal>0</wb:decimal>
  </wb:data>
  <wb:data>
    <wb:indicator id="SP.POP.TOTL">Population, total</wb:indicator>
    <wb:country id="LC">St. Lucia</wb:country>
    <wb:countryiso3code>LCA</wb:countryiso3code>
    <wb:date>2020</wb:date>
    <wb:value>178250</wb:value>
    <wb:unit />
    <wb:obs_status />
    <wb:decimal>0</wb:decimal>
  </wb:data>
  <wb:data>
    <wb:indicator id="SP.POP.TOTL">Population, total</wb:indicator>
    <wb:country id="MF">St. Martin (French part)</wb:country>
    <wb:countryiso3code>MAF</wb:countryiso3code>
    <wb:date>2020</wb:date>
    <wb:value>31786</wb:value>
    <wb:unit />
    <wb:obs_status />
    <wb:decimal>0</wb:decimal>
  </wb:data>
  <wb:data>
    <wb:indicator id="SP.POP.TOTL">Population, total</wb:indicator>
    <wb:country id="VC">St. Vincent and the Grenadines</wb:country>
    <wb:countryiso3code>VCT</wb:countryiso3code>
    <wb:date>2020</wb:date>
    <wb:value>103526</wb:value>
    <wb:unit />
    <wb:obs_status />
    <wb:decimal>0</wb:decimal>
  </wb:data>
  <wb:data>
    <wb:indicator id="SP.POP.TOTL">Population, total</wb:indicator>
    <wb:country id="SD">Sudan</wb:country>
    <wb:countryiso3code>SDN</wb:countryiso3code>
    <wb:date>2020</wb:date>
    <wb:value>46789231</wb:value>
    <wb:unit />
    <wb:obs_status />
    <wb:decimal>0</wb:decimal>
  </wb:data>
  <wb:data>
    <wb:indicator id="SP.POP.TOTL">Population, total</wb:indicator>
    <wb:country id="SR">Suriname</wb:country>
    <wb:countryiso3code>SUR</wb:countryiso3code>
    <wb:date>2020</wb:date>
    <wb:value>612317</wb:value>
    <wb:unit />
    <wb:obs_status />
    <wb:decimal>0</wb:decimal>
  </wb:data>
  <wb:data>
    <wb:indicator id="SP.POP.TOTL">Population, total</wb:indicator>
    <wb:country id="SE">Sweden</wb:country>
    <wb:countryiso3code>SWE</wb:countryiso3code>
    <wb:date>2020</wb:date>
    <wb:value>10353442</wb:value>
    <wb:unit />
    <wb:obs_status />
    <wb:decimal>0</wb:decimal>
  </wb:data>
  <wb:data>
    <wb:indicator id="SP.POP.TOTL">Population, total</wb:indicator>
    <wb:country id="CH">Switzerland</wb:country>
    <wb:countryiso3code>CHE</wb:countryiso3code>
    <wb:date>2020</wb:date>
    <wb:value>8638167</wb:value>
    <wb:unit />
    <wb:obs_status />
    <wb:decimal>0</wb:decimal>
  </wb:data>
  <wb:data>
    <wb:indicator id="SP.POP.TOTL">Population, total</wb:indicator>
    <wb:country id="SY">Syrian Arab Republic</wb:country>
    <wb:countryiso3code>SYR</wb:countryiso3code>
    <wb:date>2020</wb:date>
    <wb:value>21049429</wb:value>
    <wb:unit />
    <wb:obs_status />
    <wb:decimal>0</wb:decimal>
  </wb:data>
  <wb:data>
    <wb:indicator id="SP.POP.TOTL">Population, total</wb:indicator>
    <wb:country id="TJ">Tajikistan</wb:country>
    <wb:countryiso3code>TJK</wb:countryiso3code>
    <wb:date>2020</wb:date>
    <wb:value>9749310</wb:value>
    <wb:unit />
    <wb:obs_status />
    <wb:decimal>0</wb:decimal>
  </wb:data>
  <wb:data>
    <wb:indicator id="SP.POP.TOTL">Population, total</wb:indicator>
    <wb:country id="TZ">Tanzania</wb:country>
    <wb:countryiso3code>TZA</wb:countryiso3code>
    <wb:date>2020</wb:date>
    <wb:value>60972798</wb:value>
    <wb:unit />
    <wb:obs_status />
    <wb:decimal>0</wb:decimal>
  </wb:data>
  <wb:data>
    <wb:indicator id="SP.POP.TOTL">Population, total</wb:indicator>
    <wb:country id="TH">Thailand</wb:country>
    <wb:countryiso3code>THA</wb:countryiso3code>
    <wb:date>2020</wb:date>
    <wb:value>71641484</wb:value>
    <wb:unit />
    <wb:obs_status />
    <wb:decimal>0</wb:decimal>
  </wb:data>
  <wb:data>
    <wb:indicator id="SP.POP.TOTL">Population, total</wb:indicator>
    <wb:country id="TL">Timor-Leste</wb:country>
    <wb:countryiso3code>TLS</wb:countryiso3code>
    <wb:date>2020</wb:date>
    <wb:value>1326053</wb:value>
    <wb:unit />
    <wb:obs_status />
    <wb:decimal>0</wb:decimal>
  </wb:data>
  <wb:data>
    <wb:indicator id="SP.POP.TOTL">Population, total</wb:indicator>
    <wb:country id="TG">Togo</wb:country>
    <wb:countryiso3code>TGO</wb:countryiso3code>
    <wb:date>2020</wb:date>
    <wb:value>8669720</wb:value>
    <wb:unit />
    <wb:obs_status />
    <wb:decimal>0</wb:decimal>
  </wb:data>
  <wb:data>
    <wb:indicator id="SP.POP.TOTL">Population, total</wb:indicator>
    <wb:country id="TO">Tonga</wb:country>
    <wb:countryiso3code>TON</wb:countryiso3code>
    <wb:date>2020</wb:date>
    <wb:value>105704</wb:value>
    <wb:unit />
    <wb:obs_status />
    <wb:decimal>0</wb:decimal>
  </wb:data>
  <wb:data>
    <wb:indicator id="SP.POP.TOTL">Population, total</wb:indicator>
    <wb:country id="TT">Trinidad and Tobago</wb:country>
    <wb:countryiso3code>TTO</wb:countryiso3code>
    <wb:date>2020</wb:date>
    <wb:value>1366725</wb:value>
    <wb:unit />
    <wb:obs_status />
    <wb:decimal>0</wb:decimal>
  </wb:data>
  <wb:data>
    <wb:indicator id="SP.POP.TOTL">Population, total</wb:indicator>
    <wb:country id="TN">Tunisia</wb:country>
    <wb:countryiso3code>TUN</wb:countryiso3code>
    <wb:date>2020</wb:date>
    <wb:value>11974057</wb:value>
    <wb:unit />
    <wb:obs_status />
    <wb:decimal>0</wb:decimal>
  </wb:data>
  <wb:data>
    <wb:indicator id="SP.POP.TOTL">Population, total</wb:indicator>
    <wb:country id="TR">Turkiye</wb:country>
    <wb:countryiso3code>TUR</wb:countryiso3code>
    <wb:date>2020</wb:date>
    <wb:value>83384680</wb:value>
    <wb:unit />
    <wb:obs_status />
    <wb:decimal>0</wb:decimal>
  </wb:data>
  <wb:data>
    <wb:indicator id="SP.POP.TOTL">Population, total</wb:indicator>
    <wb:country id="TM">Turkmenistan</wb:country>
    <wb:countryiso3code>TKM</wb:countryiso3code>
    <wb:date>2020</wb:date>
    <wb:value>6949912</wb:value>
    <wb:unit />
    <wb:obs_status />
    <wb:decimal>0</wb:decimal>
  </wb:data>
  <wb:data>
    <wb:indicator id="SP.POP.TOTL">Population, total</wb:indicator>
    <wb:country id="TC">Turks and Caicos Islands</wb:country>
    <wb:countryiso3code>TCA</wb:countryiso3code>
    <wb:date>2020</wb:date>
    <wb:value>44386</wb:value>
    <wb:unit />
    <wb:obs_status />
    <wb:decimal>0</wb:decimal>
  </wb:data>
  <wb:data>
    <wb:indicator id="SP.POP.TOTL">Population, total</wb:indicator>
    <wb:country id="TV">Tuvalu</wb:country>
    <wb:countryiso3code>TUV</wb:countryiso3code>
    <wb:date>2020</wb:date>
    <wb:value>10399</wb:value>
    <wb:unit />
    <wb:obs_status />
    <wb:decimal>0</wb:decimal>
  </wb:data>
  <wb:data>
    <wb:indicator id="SP.POP.TOTL">Population, total</wb:indicator>
    <wb:country id="UG">Uganda</wb:country>
    <wb:countryiso3code>UGA</wb:countryiso3code>
    <wb:date>2020</wb:date>
    <wb:value>44457152</wb:value>
    <wb:unit />
    <wb:obs_status />
    <wb:decimal>0</wb:decimal>
  </wb:data>
  <wb:data>
    <wb:indicator id="SP.POP.TOTL">Population, total</wb:indicator>
    <wb:country id="UA">Ukraine</wb:country>
    <wb:countryiso3code>UKR</wb:countryiso3code>
    <wb:date>2020</wb:date>
    <wb:value>44680014</wb:value>
    <wb:unit />
    <wb:obs_status />
    <wb:decimal>0</wb:decimal>
  </wb:data>
  <wb:data>
    <wb:indicator id="SP.POP.TOTL">Population, total</wb:indicator>
    <wb:country id="AE">United Arab Emirates</wb:country>
    <wb:countryiso3code>ARE</wb:countryiso3code>
    <wb:date>2020</wb:date>
    <wb:value>9401038</wb:value>
    <wb:unit />
    <wb:obs_status />
    <wb:decimal>0</wb:decimal>
  </wb:data>
  <wb:data>
    <wb:indicator id="SP.POP.TOTL">Population, total</wb:indicator>
    <wb:country id="GB">United Kingdom</wb:country>
    <wb:countryiso3code>GBR</wb:countryiso3code>
    <wb:date>2020</wb:date>
    <wb:value>67081234</wb:value>
    <wb:unit />
    <wb:obs_status />
    <wb:decimal>0</wb:decimal>
  </wb:data>
  <wb:data>
    <wb:indicator id="SP.POP.TOTL">Population, total</wb:indicator>
    <wb:country id="US">United States</wb:country>
    <wb:countryiso3code>USA</wb:countryiso3code>
    <wb:date>2020</wb:date>
    <wb:value>331526933</wb:value>
    <wb:unit />
    <wb:obs_status />
    <wb:decimal>0</wb:decimal>
  </wb:data>
  <wb:data>
    <wb:indicator id="SP.POP.TOTL">Population, total</wb:indicator>
    <wb:country id="UY">Uruguay</wb:country>
    <wb:countryiso3code>URY</wb:countryiso3code>
    <wb:date>2020</wb:date>
    <wb:value>3398968</wb:value>
    <wb:unit />
    <wb:obs_status />
    <wb:decimal>0</wb:decimal>
  </wb:data>
  <wb:data>
    <wb:indicator id="SP.POP.TOTL">Population, total</wb:indicator>
    <wb:country id="UZ">Uzbekistan</wb:country>
    <wb:countryiso3code>UZB</wb:countryiso3code>
    <wb:date>2020</wb:date>
    <wb:value>33586372</wb:value>
    <wb:unit />
    <wb:obs_status />
    <wb:decimal>0</wb:decimal>
  </wb:data>
  <wb:data>
    <wb:indicator id="SP.POP.TOTL">Population, total</wb:indicator>
    <wb:country id="VU">Vanuatu</wb:country>
    <wb:countryiso3code>VUT</wb:countryiso3code>
    <wb:date>2020</wb:date>
    <wb:value>298858</wb:value>
    <wb:unit />
    <wb:obs_status />
    <wb:decimal>0</wb:decimal>
  </wb:data>
  <wb:data>
    <wb:indicator id="SP.POP.TOTL">Population, total</wb:indicator>
    <wb:country id="VE">Venezuela, RB</wb:country>
    <wb:countryiso3code>VEN</wb:countryiso3code>
    <wb:date>2020</wb:date>
    <wb:value>28444077</wb:value>
    <wb:unit />
    <wb:obs_status />
    <wb:decimal>0</wb:decimal>
  </wb:data>
  <wb:data>
    <wb:indicator id="SP.POP.TOTL">Population, total</wb:indicator>
    <wb:country id="VN">Viet Nam</wb:country>
    <wb:countryiso3code>VNM</wb:countryiso3code>
    <wb:date>2020</wb:date>
    <wb:value>98079191</wb:value>
    <wb:unit />
    <wb:obs_status />
    <wb:decimal>0</wb:decimal>
  </wb:data>
  <wb:data>
    <wb:indicator id="SP.POP.TOTL">Population, total</wb:indicator>
    <wb:country id="VI">Virgin Islands (U.S.)</wb:country>
    <wb:countryiso3code>VIR</wb:countryiso3code>
    <wb:date>2020</wb:date>
    <wb:value>106290</wb:value>
    <wb:unit />
    <wb:obs_status />
    <wb:decimal>0</wb:decimal>
  </wb:data>
  <wb:data>
    <wb:indicator id="SP.POP.TOTL">Population, total</wb:indicator>
    <wb:country id="PS">West Bank and Gaza</wb:country>
    <wb:countryiso3code>PSE</wb:countryiso3code>
    <wb:date>2020</wb:date>
    <wb:value>4803269</wb:value>
    <wb:unit />
    <wb:obs_status />
    <wb:decimal>0</wb:decimal>
  </wb:data>
  <wb:data>
    <wb:indicator id="SP.POP.TOTL">Population, total</wb:indicator>
    <wb:country id="YE">Yemen, Rep.</wb:country>
    <wb:countryiso3code>YEM</wb:countryiso3code>
    <wb:date>2020</wb:date>
    <wb:value>36134863</wb:value>
    <wb:unit />
    <wb:obs_status />
    <wb:decimal>0</wb:decimal>
  </wb:data>
  <wb:data>
    <wb:indicator id="SP.POP.TOTL">Population, total</wb:indicator>
    <wb:country id="ZM">Zambia</wb:country>
    <wb:countryiso3code>ZMB</wb:countryiso3code>
    <wb:date>2020</wb:date>
    <wb:value>19059395</wb:value>
    <wb:unit />
    <wb:obs_status />
    <wb:decimal>0</wb:decimal>
  </wb:data>
  <wb:data>
    <wb:indicator id="SP.POP.TOTL">Population, total</wb:indicator>
    <wb:country id="ZW">Zimbabwe</wb:country>
    <wb:countryiso3code>ZWE</wb:countryiso3code>
    <wb:date>2020</wb:date>
    <wb:value>15526888</wb:value>
    <wb:unit />
    <wb:obs_status />
    <wb:decimal>0</wb:decimal>
  </wb:data>
</wb:data>