﻿<?xml version="1.0" encoding="utf-8"?>
<wb:data page="1" pages="1" per_page="5000" total="266" sourceid="2" sourcename="World Development Indicators" lastupdated="2022-09-16" xmlns:wb="http://www.worldbank.org">
  <wb:data>
    <wb:indicator id="SP.POP.TOTL">Population, total</wb:indicator>
    <wb:country id="ZH">Africa Eastern and Southern</wb:country>
    <wb:countryiso3code>AFE</wb:countryiso3code>
    <wb:date>2012</wb:date>
    <wb:value>547482863</wb:value>
    <wb:unit />
    <wb:obs_status />
    <wb:decimal>0</wb:decimal>
  </wb:data>
  <wb:data>
    <wb:indicator id="SP.POP.TOTL">Population, total</wb:indicator>
    <wb:country id="ZI">Africa Western and Central</wb:country>
    <wb:countryiso3code>AFW</wb:countryiso3code>
    <wb:date>2012</wb:date>
    <wb:value>370243017</wb:value>
    <wb:unit />
    <wb:obs_status />
    <wb:decimal>0</wb:decimal>
  </wb:data>
  <wb:data>
    <wb:indicator id="SP.POP.TOTL">Population, total</wb:indicator>
    <wb:country id="1A">Arab World</wb:country>
    <wb:countryiso3code>ARB</wb:countryiso3code>
    <wb:date>2012</wb:date>
    <wb:value>371437642</wb:value>
    <wb:unit />
    <wb:obs_status />
    <wb:decimal>0</wb:decimal>
  </wb:data>
  <wb:data>
    <wb:indicator id="SP.POP.TOTL">Population, total</wb:indicator>
    <wb:country id="S3">Caribbean small states</wb:country>
    <wb:countryiso3code>CSS</wb:countryiso3code>
    <wb:date>2012</wb:date>
    <wb:value>7072640</wb:value>
    <wb:unit />
    <wb:obs_status />
    <wb:decimal>0</wb:decimal>
  </wb:data>
  <wb:data>
    <wb:indicator id="SP.POP.TOTL">Population, total</wb:indicator>
    <wb:country id="B8">Central Europe and the Baltics</wb:country>
    <wb:countryiso3code>CEB</wb:countryiso3code>
    <wb:date>2012</wb:date>
    <wb:value>103935318</wb:value>
    <wb:unit />
    <wb:obs_status />
    <wb:decimal>0</wb:decimal>
  </wb:data>
  <wb:data>
    <wb:indicator id="SP.POP.TOTL">Population, total</wb:indicator>
    <wb:country id="V2">Early-demographic dividend</wb:country>
    <wb:countryiso3code>EAR</wb:countryiso3code>
    <wb:date>2012</wb:date>
    <wb:value>2994346938</wb:value>
    <wb:unit />
    <wb:obs_status />
    <wb:decimal>0</wb:decimal>
  </wb:data>
  <wb:data>
    <wb:indicator id="SP.POP.TOTL">Population, total</wb:indicator>
    <wb:country id="Z4">East Asia &amp; Pacific</wb:country>
    <wb:countryiso3code>EAS</wb:countryiso3code>
    <wb:date>2012</wb:date>
    <wb:value>2240312711</wb:value>
    <wb:unit />
    <wb:obs_status />
    <wb:decimal>0</wb:decimal>
  </wb:data>
  <wb:data>
    <wb:indicator id="SP.POP.TOTL">Population, total</wb:indicator>
    <wb:country id="4E">East Asia &amp; Pacific (excluding high income)</wb:country>
    <wb:countryiso3code>EAP</wb:countryiso3code>
    <wb:date>2012</wb:date>
    <wb:value>1997902548</wb:value>
    <wb:unit />
    <wb:obs_status />
    <wb:decimal>0</wb:decimal>
  </wb:data>
  <wb:data>
    <wb:indicator id="SP.POP.TOTL">Population, total</wb:indicator>
    <wb:country id="T4">East Asia &amp; Pacific (IDA &amp; IBRD countries)</wb:country>
    <wb:countryiso3code>TEA</wb:countryiso3code>
    <wb:date>2012</wb:date>
    <wb:value>1973056377</wb:value>
    <wb:unit />
    <wb:obs_status />
    <wb:decimal>0</wb:decimal>
  </wb:data>
  <wb:data>
    <wb:indicator id="SP.POP.TOTL">Population, total</wb:indicator>
    <wb:country id="XC">Euro area</wb:country>
    <wb:countryiso3code>EMU</wb:countryiso3code>
    <wb:date>2012</wb:date>
    <wb:value>336159199</wb:value>
    <wb:unit />
    <wb:obs_status />
    <wb:decimal>0</wb:decimal>
  </wb:data>
  <wb:data>
    <wb:indicator id="SP.POP.TOTL">Population, total</wb:indicator>
    <wb:country id="Z7">Europe &amp; Central Asia</wb:country>
    <wb:countryiso3code>ECS</wb:countryiso3code>
    <wb:date>2012</wb:date>
    <wb:value>893755804</wb:value>
    <wb:unit />
    <wb:obs_status />
    <wb:decimal>0</wb:decimal>
  </wb:data>
  <wb:data>
    <wb:indicator id="SP.POP.TOTL">Population, total</wb:indicator>
    <wb:country id="7E">Europe &amp; Central Asia (excluding high income)</wb:country>
    <wb:countryiso3code>ECA</wb:countryiso3code>
    <wb:date>2012</wb:date>
    <wb:value>382476923</wb:value>
    <wb:unit />
    <wb:obs_status />
    <wb:decimal>0</wb:decimal>
  </wb:data>
  <wb:data>
    <wb:indicator id="SP.POP.TOTL">Population, total</wb:indicator>
    <wb:country id="T7">Europe &amp; Central Asia (IDA &amp; IBRD countries)</wb:country>
    <wb:countryiso3code>TEC</wb:countryiso3code>
    <wb:date>2012</wb:date>
    <wb:value>444865680</wb:value>
    <wb:unit />
    <wb:obs_status />
    <wb:decimal>0</wb:decimal>
  </wb:data>
  <wb:data>
    <wb:indicator id="SP.POP.TOTL">Population, total</wb:indicator>
    <wb:country id="EU">European Union</wb:country>
    <wb:countryiso3code>EUU</wb:countryiso3code>
    <wb:date>2012</wb:date>
    <wb:value>441395937</wb:value>
    <wb:unit />
    <wb:obs_status />
    <wb:decimal>0</wb:decimal>
  </wb:data>
  <wb:data>
    <wb:indicator id="SP.POP.TOTL">Population, total</wb:indicator>
    <wb:country id="F1">Fragile and conflict affected situations</wb:country>
    <wb:countryiso3code>FCS</wb:countryiso3code>
    <wb:date>2012</wb:date>
    <wb:value>806049519</wb:value>
    <wb:unit />
    <wb:obs_status />
    <wb:decimal>0</wb:decimal>
  </wb:data>
  <wb:data>
    <wb:indicator id="SP.POP.TOTL">Population, total</wb:indicator>
    <wb:country id="XE">Heavily indebted poor countries (HIPC)</wb:country>
    <wb:countryiso3code>HPC</wb:countryiso3code>
    <wb:date>2012</wb:date>
    <wb:value>660193919</wb:value>
    <wb:unit />
    <wb:obs_status />
    <wb:decimal>0</wb:decimal>
  </wb:data>
  <wb:data>
    <wb:indicator id="SP.POP.TOTL">Population, total</wb:indicator>
    <wb:country id="XD">High income</wb:country>
    <wb:countryiso3code />
    <wb:date>2012</wb:date>
    <wb:value>1190276979</wb:value>
    <wb:unit />
    <wb:obs_status />
    <wb:decimal>0</wb:decimal>
  </wb:data>
  <wb:data>
    <wb:indicator id="SP.POP.TOTL">Population, total</wb:indicator>
    <wb:country id="XF">IBRD only</wb:country>
    <wb:countryiso3code>IBD</wb:countryiso3code>
    <wb:date>2012</wb:date>
    <wb:value>4518944265</wb:value>
    <wb:unit />
    <wb:obs_status />
    <wb:decimal>0</wb:decimal>
  </wb:data>
  <wb:data>
    <wb:indicator id="SP.POP.TOTL">Population, total</wb:indicator>
    <wb:country id="ZT">IDA &amp; IBRD total</wb:country>
    <wb:countryiso3code>IBT</wb:countryiso3code>
    <wb:date>2012</wb:date>
    <wb:value>5947406419</wb:value>
    <wb:unit />
    <wb:obs_status />
    <wb:decimal>0</wb:decimal>
  </wb:data>
  <wb:data>
    <wb:indicator id="SP.POP.TOTL">Population, total</wb:indicator>
    <wb:country id="XH">IDA blend</wb:country>
    <wb:countryiso3code>IDB</wb:countryiso3code>
    <wb:date>2012</wb:date>
    <wb:value>478335316</wb:value>
    <wb:unit />
    <wb:obs_status />
    <wb:decimal>0</wb:decimal>
  </wb:data>
  <wb:data>
    <wb:indicator id="SP.POP.TOTL">Population, total</wb:indicator>
    <wb:country id="XI">IDA only</wb:country>
    <wb:countryiso3code>IDX</wb:countryiso3code>
    <wb:date>2012</wb:date>
    <wb:value>950126838</wb:value>
    <wb:unit />
    <wb:obs_status />
    <wb:decimal>0</wb:decimal>
  </wb:data>
  <wb:data>
    <wb:indicator id="SP.POP.TOTL">Population, total</wb:indicator>
    <wb:country id="XG">IDA total</wb:country>
    <wb:countryiso3code>IDA</wb:countryiso3code>
    <wb:date>2012</wb:date>
    <wb:value>1428462154</wb:value>
    <wb:unit />
    <wb:obs_status />
    <wb:decimal>0</wb:decimal>
  </wb:data>
  <wb:data>
    <wb:indicator id="SP.POP.TOTL">Population, total</wb:indicator>
    <wb:country id="V3">Late-demographic dividend</wb:country>
    <wb:countryiso3code>LTE</wb:countryiso3code>
    <wb:date>2012</wb:date>
    <wb:value>2210411890</wb:value>
    <wb:unit />
    <wb:obs_status />
    <wb:decimal>0</wb:decimal>
  </wb:data>
  <wb:data>
    <wb:indicator id="SP.POP.TOTL">Population, total</wb:indicator>
    <wb:country id="ZJ">Latin America &amp; Caribbean</wb:country>
    <wb:countryiso3code>LCN</wb:countryiso3code>
    <wb:date>2012</wb:date>
    <wb:value>603094656</wb:value>
    <wb:unit />
    <wb:obs_status />
    <wb:decimal>0</wb:decimal>
  </wb:data>
  <wb:data>
    <wb:indicator id="SP.POP.TOTL">Population, total</wb:indicator>
    <wb:country id="XJ">Latin America &amp; Caribbean (excluding high income)</wb:country>
    <wb:countryiso3code>LAC</wb:countryiso3code>
    <wb:date>2012</wb:date>
    <wb:value>542860814</wb:value>
    <wb:unit />
    <wb:obs_status />
    <wb:decimal>0</wb:decimal>
  </wb:data>
  <wb:data>
    <wb:indicator id="SP.POP.TOTL">Population, total</wb:indicator>
    <wb:country id="T2">Latin America &amp; the Caribbean (IDA &amp; IBRD countries)</wb:country>
    <wb:countryiso3code>TLA</wb:countryiso3code>
    <wb:date>2012</wb:date>
    <wb:value>586999600</wb:value>
    <wb:unit />
    <wb:obs_status />
    <wb:decimal>0</wb:decimal>
  </wb:data>
  <wb:data>
    <wb:indicator id="SP.POP.TOTL">Population, total</wb:indicator>
    <wb:country id="XL">Least developed countries: UN classification</wb:country>
    <wb:countryiso3code>LDC</wb:countryiso3code>
    <wb:date>2012</wb:date>
    <wb:value>876617729</wb:value>
    <wb:unit />
    <wb:obs_status />
    <wb:decimal>0</wb:decimal>
  </wb:data>
  <wb:data>
    <wb:indicator id="SP.POP.TOTL">Population, total</wb:indicator>
    <wb:country id="XO">Low &amp; middle income</wb:country>
    <wb:countryiso3code>LMY</wb:countryiso3code>
    <wb:date>2012</wb:date>
    <wb:value>5869616742</wb:value>
    <wb:unit />
    <wb:obs_status />
    <wb:decimal>0</wb:decimal>
  </wb:data>
  <wb:data>
    <wb:indicator id="SP.POP.TOTL">Population, total</wb:indicator>
    <wb:country id="XM">Low income</wb:country>
    <wb:countryiso3code />
    <wb:date>2012</wb:date>
    <wb:value>555670836</wb:value>
    <wb:unit />
    <wb:obs_status />
    <wb:decimal>0</wb:decimal>
  </wb:data>
  <wb:data>
    <wb:indicator id="SP.POP.TOTL">Population, total</wb:indicator>
    <wb:country id="XN">Lower middle income</wb:country>
    <wb:countryiso3code />
    <wb:date>2012</wb:date>
    <wb:value>2958978379</wb:value>
    <wb:unit />
    <wb:obs_status />
    <wb:decimal>0</wb:decimal>
  </wb:data>
  <wb:data>
    <wb:indicator id="SP.POP.TOTL">Population, total</wb:indicator>
    <wb:country id="ZQ">Middle East &amp; North Africa</wb:country>
    <wb:countryiso3code>MEA</wb:countryiso3code>
    <wb:date>2012</wb:date>
    <wb:value>401968363</wb:value>
    <wb:unit />
    <wb:obs_status />
    <wb:decimal>0</wb:decimal>
  </wb:data>
  <wb:data>
    <wb:indicator id="SP.POP.TOTL">Population, total</wb:indicator>
    <wb:country id="XQ">Middle East &amp; North Africa (excluding high income)</wb:country>
    <wb:countryiso3code>MNA</wb:countryiso3code>
    <wb:date>2012</wb:date>
    <wb:value>344998428</wb:value>
    <wb:unit />
    <wb:obs_status />
    <wb:decimal>0</wb:decimal>
  </wb:data>
  <wb:data>
    <wb:indicator id="SP.POP.TOTL">Population, total</wb:indicator>
    <wb:country id="T3">Middle East &amp; North Africa (IDA &amp; IBRD countries)</wb:country>
    <wb:countryiso3code>TMN</wb:countryiso3code>
    <wb:date>2012</wb:date>
    <wb:value>341018430</wb:value>
    <wb:unit />
    <wb:obs_status />
    <wb:decimal>0</wb:decimal>
  </wb:data>
  <wb:data>
    <wb:indicator id="SP.POP.TOTL">Population, total</wb:indicator>
    <wb:country id="XP">Middle income</wb:country>
    <wb:countryiso3code>MIC</wb:countryiso3code>
    <wb:date>2012</wb:date>
    <wb:value>5313945906</wb:value>
    <wb:unit />
    <wb:obs_status />
    <wb:decimal>0</wb:decimal>
  </wb:data>
  <wb:data>
    <wb:indicator id="SP.POP.TOTL">Population, total</wb:indicator>
    <wb:country id="XU">North America</wb:country>
    <wb:countryiso3code>NAC</wb:countryiso3code>
    <wb:date>2012</wb:date>
    <wb:value>348656682</wb:value>
    <wb:unit />
    <wb:obs_status />
    <wb:decimal>0</wb:decimal>
  </wb:data>
  <wb:data>
    <wb:indicator id="SP.POP.TOTL">Population, total</wb:indicator>
    <wb:country id="XY">Not classified</wb:country>
    <wb:countryiso3code />
    <wb:date>2012</wb:date>
    <wb:value />
    <wb:unit />
    <wb:obs_status />
    <wb:decimal>0</wb:decimal>
  </wb:data>
  <wb:data>
    <wb:indicator id="SP.POP.TOTL">Population, total</wb:indicator>
    <wb:country id="OE">OECD members</wb:country>
    <wb:countryiso3code>OED</wb:countryiso3code>
    <wb:date>2012</wb:date>
    <wb:value>1306807834</wb:value>
    <wb:unit />
    <wb:obs_status />
    <wb:decimal>0</wb:decimal>
  </wb:data>
  <wb:data>
    <wb:indicator id="SP.POP.TOTL">Population, total</wb:indicator>
    <wb:country id="S4">Other small states</wb:country>
    <wb:countryiso3code>OSS</wb:countryiso3code>
    <wb:date>2012</wb:date>
    <wb:value>27227313</wb:value>
    <wb:unit />
    <wb:obs_status />
    <wb:decimal>0</wb:decimal>
  </wb:data>
  <wb:data>
    <wb:indicator id="SP.POP.TOTL">Population, total</wb:indicator>
    <wb:country id="S2">Pacific island small states</wb:country>
    <wb:countryiso3code>PSS</wb:countryiso3code>
    <wb:date>2012</wb:date>
    <wb:value>2268553</wb:value>
    <wb:unit />
    <wb:obs_status />
    <wb:decimal>0</wb:decimal>
  </wb:data>
  <wb:data>
    <wb:indicator id="SP.POP.TOTL">Population, total</wb:indicator>
    <wb:country id="V4">Post-demographic dividend</wb:country>
    <wb:countryiso3code>PST</wb:countryiso3code>
    <wb:date>2012</wb:date>
    <wb:value>1082356457</wb:value>
    <wb:unit />
    <wb:obs_status />
    <wb:decimal>0</wb:decimal>
  </wb:data>
  <wb:data>
    <wb:indicator id="SP.POP.TOTL">Population, total</wb:indicator>
    <wb:country id="V1">Pre-demographic dividend</wb:country>
    <wb:countryiso3code>PRE</wb:countryiso3code>
    <wb:date>2012</wb:date>
    <wb:value>775573262</wb:value>
    <wb:unit />
    <wb:obs_status />
    <wb:decimal>0</wb:decimal>
  </wb:data>
  <wb:data>
    <wb:indicator id="SP.POP.TOTL">Population, total</wb:indicator>
    <wb:country id="S1">Small states</wb:country>
    <wb:countryiso3code>SST</wb:countryiso3code>
    <wb:date>2012</wb:date>
    <wb:value>36568506</wb:value>
    <wb:unit />
    <wb:obs_status />
    <wb:decimal>0</wb:decimal>
  </wb:data>
  <wb:data>
    <wb:indicator id="SP.POP.TOTL">Population, total</wb:indicator>
    <wb:country id="8S">South Asia</wb:country>
    <wb:countryiso3code>SAS</wb:countryiso3code>
    <wb:date>2012</wb:date>
    <wb:value>1683740452</wb:value>
    <wb:unit />
    <wb:obs_status />
    <wb:decimal>0</wb:decimal>
  </wb:data>
  <wb:data>
    <wb:indicator id="SP.POP.TOTL">Population, total</wb:indicator>
    <wb:country id="T5">South Asia (IDA &amp; IBRD)</wb:country>
    <wb:countryiso3code>TSA</wb:countryiso3code>
    <wb:date>2012</wb:date>
    <wb:value>1683740452</wb:value>
    <wb:unit />
    <wb:obs_status />
    <wb:decimal>0</wb:decimal>
  </wb:data>
  <wb:data>
    <wb:indicator id="SP.POP.TOTL">Population, total</wb:indicator>
    <wb:country id="ZG">Sub-Saharan Africa</wb:country>
    <wb:countryiso3code>SSF</wb:countryiso3code>
    <wb:date>2012</wb:date>
    <wb:value>917725880</wb:value>
    <wb:unit />
    <wb:obs_status />
    <wb:decimal>0</wb:decimal>
  </wb:data>
  <wb:data>
    <wb:indicator id="SP.POP.TOTL">Population, total</wb:indicator>
    <wb:country id="ZF">Sub-Saharan Africa (excluding high income)</wb:country>
    <wb:countryiso3code>SSA</wb:countryiso3code>
    <wb:date>2012</wb:date>
    <wb:value>917637577</wb:value>
    <wb:unit />
    <wb:obs_status />
    <wb:decimal>0</wb:decimal>
  </wb:data>
  <wb:data>
    <wb:indicator id="SP.POP.TOTL">Population, total</wb:indicator>
    <wb:country id="T6">Sub-Saharan Africa (IDA &amp; IBRD countries)</wb:country>
    <wb:countryiso3code>TSS</wb:countryiso3code>
    <wb:date>2012</wb:date>
    <wb:value>917725880</wb:value>
    <wb:unit />
    <wb:obs_status />
    <wb:decimal>0</wb:decimal>
  </wb:data>
  <wb:data>
    <wb:indicator id="SP.POP.TOTL">Population, total</wb:indicator>
    <wb:country id="XT">Upper middle income</wb:country>
    <wb:countryiso3code />
    <wb:date>2012</wb:date>
    <wb:value>2354967527</wb:value>
    <wb:unit />
    <wb:obs_status />
    <wb:decimal>0</wb:decimal>
  </wb:data>
  <wb:data>
    <wb:indicator id="SP.POP.TOTL">Population, total</wb:indicator>
    <wb:country id="1W">World</wb:country>
    <wb:countryiso3code>WLD</wb:countryiso3code>
    <wb:date>2012</wb:date>
    <wb:value>7089254548</wb:value>
    <wb:unit />
    <wb:obs_status />
    <wb:decimal>0</wb:decimal>
  </wb:data>
  <wb:data>
    <wb:indicator id="SP.POP.TOTL">Population, total</wb:indicator>
    <wb:country id="AF">Afghanistan</wb:country>
    <wb:countryiso3code>AFG</wb:countryiso3code>
    <wb:date>2012</wb:date>
    <wb:value>31161378</wb:value>
    <wb:unit />
    <wb:obs_status />
    <wb:decimal>0</wb:decimal>
  </wb:data>
  <wb:data>
    <wb:indicator id="SP.POP.TOTL">Population, total</wb:indicator>
    <wb:country id="AL">Albania</wb:country>
    <wb:countryiso3code>ALB</wb:countryiso3code>
    <wb:date>2012</wb:date>
    <wb:value>2900401</wb:value>
    <wb:unit />
    <wb:obs_status />
    <wb:decimal>0</wb:decimal>
  </wb:data>
  <wb:data>
    <wb:indicator id="SP.POP.TOTL">Population, total</wb:indicator>
    <wb:country id="DZ">Algeria</wb:country>
    <wb:countryiso3code>DZA</wb:countryiso3code>
    <wb:date>2012</wb:date>
    <wb:value>37383899</wb:value>
    <wb:unit />
    <wb:obs_status />
    <wb:decimal>0</wb:decimal>
  </wb:data>
  <wb:data>
    <wb:indicator id="SP.POP.TOTL">Population, total</wb:indicator>
    <wb:country id="AS">American Samoa</wb:country>
    <wb:countryiso3code>ASM</wb:countryiso3code>
    <wb:date>2012</wb:date>
    <wb:value>55669</wb:value>
    <wb:unit />
    <wb:obs_status />
    <wb:decimal>0</wb:decimal>
  </wb:data>
  <wb:data>
    <wb:indicator id="SP.POP.TOTL">Population, total</wb:indicator>
    <wb:country id="AD">Andorra</wb:country>
    <wb:countryiso3code>AND</wb:countryiso3code>
    <wb:date>2012</wb:date>
    <wb:value>82427</wb:value>
    <wb:unit />
    <wb:obs_status />
    <wb:decimal>0</wb:decimal>
  </wb:data>
  <wb:data>
    <wb:indicator id="SP.POP.TOTL">Population, total</wb:indicator>
    <wb:country id="AO">Angola</wb:country>
    <wb:countryiso3code>AGO</wb:countryiso3code>
    <wb:date>2012</wb:date>
    <wb:value>25107925</wb:value>
    <wb:unit />
    <wb:obs_status />
    <wb:decimal>0</wb:decimal>
  </wb:data>
  <wb:data>
    <wb:indicator id="SP.POP.TOTL">Population, total</wb:indicator>
    <wb:country id="AG">Antigua and Barbuda</wb:country>
    <wb:countryiso3code>ATG</wb:countryiso3code>
    <wb:date>2012</wb:date>
    <wb:value>90407</wb:value>
    <wb:unit />
    <wb:obs_status />
    <wb:decimal>0</wb:decimal>
  </wb:data>
  <wb:data>
    <wb:indicator id="SP.POP.TOTL">Population, total</wb:indicator>
    <wb:country id="AR">Argentina</wb:country>
    <wb:countryiso3code>ARG</wb:countryiso3code>
    <wb:date>2012</wb:date>
    <wb:value>41733271</wb:value>
    <wb:unit />
    <wb:obs_status />
    <wb:decimal>0</wb:decimal>
  </wb:data>
  <wb:data>
    <wb:indicator id="SP.POP.TOTL">Population, total</wb:indicator>
    <wb:country id="AM">Armenia</wb:country>
    <wb:countryiso3code>ARM</wb:countryiso3code>
    <wb:date>2012</wb:date>
    <wb:value>2884239</wb:value>
    <wb:unit />
    <wb:obs_status />
    <wb:decimal>0</wb:decimal>
  </wb:data>
  <wb:data>
    <wb:indicator id="SP.POP.TOTL">Population, total</wb:indicator>
    <wb:country id="AW">Aruba</wb:country>
    <wb:countryiso3code>ABW</wb:countryiso3code>
    <wb:date>2012</wb:date>
    <wb:value>102565</wb:value>
    <wb:unit />
    <wb:obs_status />
    <wb:decimal>0</wb:decimal>
  </wb:data>
  <wb:data>
    <wb:indicator id="SP.POP.TOTL">Population, total</wb:indicator>
    <wb:country id="AU">Australia</wb:country>
    <wb:countryiso3code>AUS</wb:countryiso3code>
    <wb:date>2012</wb:date>
    <wb:value>22733465</wb:value>
    <wb:unit />
    <wb:obs_status />
    <wb:decimal>0</wb:decimal>
  </wb:data>
  <wb:data>
    <wb:indicator id="SP.POP.TOTL">Population, total</wb:indicator>
    <wb:country id="AT">Austria</wb:country>
    <wb:countryiso3code>AUT</wb:countryiso3code>
    <wb:date>2012</wb:date>
    <wb:value>8429991</wb:value>
    <wb:unit />
    <wb:obs_status />
    <wb:decimal>0</wb:decimal>
  </wb:data>
  <wb:data>
    <wb:indicator id="SP.POP.TOTL">Population, total</wb:indicator>
    <wb:country id="AZ">Azerbaijan</wb:country>
    <wb:countryiso3code>AZE</wb:countryiso3code>
    <wb:date>2012</wb:date>
    <wb:value>9295784</wb:value>
    <wb:unit />
    <wb:obs_status />
    <wb:decimal>0</wb:decimal>
  </wb:data>
  <wb:data>
    <wb:indicator id="SP.POP.TOTL">Population, total</wb:indicator>
    <wb:country id="BS">Bahamas, The</wb:country>
    <wb:countryiso3code>BHS</wb:countryiso3code>
    <wb:date>2012</wb:date>
    <wb:value>363581</wb:value>
    <wb:unit />
    <wb:obs_status />
    <wb:decimal>0</wb:decimal>
  </wb:data>
  <wb:data>
    <wb:indicator id="SP.POP.TOTL">Population, total</wb:indicator>
    <wb:country id="BH">Bahrain</wb:country>
    <wb:countryiso3code>BHR</wb:countryiso3code>
    <wb:date>2012</wb:date>
    <wb:value>1299942</wb:value>
    <wb:unit />
    <wb:obs_status />
    <wb:decimal>0</wb:decimal>
  </wb:data>
  <wb:data>
    <wb:indicator id="SP.POP.TOTL">Population, total</wb:indicator>
    <wb:country id="BD">Bangladesh</wb:country>
    <wb:countryiso3code>BGD</wb:countryiso3code>
    <wb:date>2012</wb:date>
    <wb:value>151005733</wb:value>
    <wb:unit />
    <wb:obs_status />
    <wb:decimal>0</wb:decimal>
  </wb:data>
  <wb:data>
    <wb:indicator id="SP.POP.TOTL">Population, total</wb:indicator>
    <wb:country id="BB">Barbados</wb:country>
    <wb:countryiso3code>BRB</wb:countryiso3code>
    <wb:date>2012</wb:date>
    <wb:value>283698</wb:value>
    <wb:unit />
    <wb:obs_status />
    <wb:decimal>0</wb:decimal>
  </wb:data>
  <wb:data>
    <wb:indicator id="SP.POP.TOTL">Population, total</wb:indicator>
    <wb:country id="BY">Belarus</wb:country>
    <wb:countryiso3code>BLR</wb:countryiso3code>
    <wb:date>2012</wb:date>
    <wb:value>9446836</wb:value>
    <wb:unit />
    <wb:obs_status />
    <wb:decimal>0</wb:decimal>
  </wb:data>
  <wb:data>
    <wb:indicator id="SP.POP.TOTL">Population, total</wb:indicator>
    <wb:country id="BE">Belgium</wb:country>
    <wb:countryiso3code>BEL</wb:countryiso3code>
    <wb:date>2012</wb:date>
    <wb:value>11106932</wb:value>
    <wb:unit />
    <wb:obs_status />
    <wb:decimal>0</wb:decimal>
  </wb:data>
  <wb:data>
    <wb:indicator id="SP.POP.TOTL">Population, total</wb:indicator>
    <wb:country id="BZ">Belize</wb:country>
    <wb:countryiso3code>BLZ</wb:countryiso3code>
    <wb:date>2012</wb:date>
    <wb:value>338001</wb:value>
    <wb:unit />
    <wb:obs_status />
    <wb:decimal>0</wb:decimal>
  </wb:data>
  <wb:data>
    <wb:indicator id="SP.POP.TOTL">Population, total</wb:indicator>
    <wb:country id="BJ">Benin</wb:country>
    <wb:countryiso3code>BEN</wb:countryiso3code>
    <wb:date>2012</wb:date>
    <wb:value>9729254</wb:value>
    <wb:unit />
    <wb:obs_status />
    <wb:decimal>0</wb:decimal>
  </wb:data>
  <wb:data>
    <wb:indicator id="SP.POP.TOTL">Population, total</wb:indicator>
    <wb:country id="BM">Bermuda</wb:country>
    <wb:countryiso3code>BMU</wb:countryiso3code>
    <wb:date>2012</wb:date>
    <wb:value>64798</wb:value>
    <wb:unit />
    <wb:obs_status />
    <wb:decimal>0</wb:decimal>
  </wb:data>
  <wb:data>
    <wb:indicator id="SP.POP.TOTL">Population, total</wb:indicator>
    <wb:country id="BT">Bhutan</wb:country>
    <wb:countryiso3code>BTN</wb:countryiso3code>
    <wb:date>2012</wb:date>
    <wb:value>701582</wb:value>
    <wb:unit />
    <wb:obs_status />
    <wb:decimal>0</wb:decimal>
  </wb:data>
  <wb:data>
    <wb:indicator id="SP.POP.TOTL">Population, total</wb:indicator>
    <wb:country id="BO">Bolivia</wb:country>
    <wb:countryiso3code>BOL</wb:countryiso3code>
    <wb:date>2012</wb:date>
    <wb:value>10377677</wb:value>
    <wb:unit />
    <wb:obs_status />
    <wb:decimal>0</wb:decimal>
  </wb:data>
  <wb:data>
    <wb:indicator id="SP.POP.TOTL">Population, total</wb:indicator>
    <wb:country id="BA">Bosnia and Herzegovina</wb:country>
    <wb:countryiso3code>BIH</wb:countryiso3code>
    <wb:date>2012</wb:date>
    <wb:value>3604972</wb:value>
    <wb:unit />
    <wb:obs_status />
    <wb:decimal>0</wb:decimal>
  </wb:data>
  <wb:data>
    <wb:indicator id="SP.POP.TOTL">Population, total</wb:indicator>
    <wb:country id="BW">Botswana</wb:country>
    <wb:countryiso3code>BWA</wb:countryiso3code>
    <wb:date>2012</wb:date>
    <wb:value>2039551</wb:value>
    <wb:unit />
    <wb:obs_status />
    <wb:decimal>0</wb:decimal>
  </wb:data>
  <wb:data>
    <wb:indicator id="SP.POP.TOTL">Population, total</wb:indicator>
    <wb:country id="BR">Brazil</wb:country>
    <wb:countryiso3code>BRA</wb:countryiso3code>
    <wb:date>2012</wb:date>
    <wb:value>199287292</wb:value>
    <wb:unit />
    <wb:obs_status />
    <wb:decimal>0</wb:decimal>
  </wb:data>
  <wb:data>
    <wb:indicator id="SP.POP.TOTL">Population, total</wb:indicator>
    <wb:country id="VG">British Virgin Islands</wb:country>
    <wb:countryiso3code>VGB</wb:countryiso3code>
    <wb:date>2012</wb:date>
    <wb:value>28654</wb:value>
    <wb:unit />
    <wb:obs_status />
    <wb:decimal>0</wb:decimal>
  </wb:data>
  <wb:data>
    <wb:indicator id="SP.POP.TOTL">Population, total</wb:indicator>
    <wb:country id="BN">Brunei Darussalam</wb:country>
    <wb:countryiso3code>BRN</wb:countryiso3code>
    <wb:date>2012</wb:date>
    <wb:value>398997</wb:value>
    <wb:unit />
    <wb:obs_status />
    <wb:decimal>0</wb:decimal>
  </wb:data>
  <wb:data>
    <wb:indicator id="SP.POP.TOTL">Population, total</wb:indicator>
    <wb:country id="BG">Bulgaria</wb:country>
    <wb:countryiso3code>BGR</wb:countryiso3code>
    <wb:date>2012</wb:date>
    <wb:value>7305888</wb:value>
    <wb:unit />
    <wb:obs_status />
    <wb:decimal>0</wb:decimal>
  </wb:data>
  <wb:data>
    <wb:indicator id="SP.POP.TOTL">Population, total</wb:indicator>
    <wb:country id="BF">Burkina Faso</wb:country>
    <wb:countryiso3code>BFA</wb:countryiso3code>
    <wb:date>2012</wb:date>
    <wb:value>16571252</wb:value>
    <wb:unit />
    <wb:obs_status />
    <wb:decimal>0</wb:decimal>
  </wb:data>
  <wb:data>
    <wb:indicator id="SP.POP.TOTL">Population, total</wb:indicator>
    <wb:country id="BI">Burundi</wb:country>
    <wb:countryiso3code>BDI</wb:countryiso3code>
    <wb:date>2012</wb:date>
    <wb:value>9245992</wb:value>
    <wb:unit />
    <wb:obs_status />
    <wb:decimal>0</wb:decimal>
  </wb:data>
  <wb:data>
    <wb:indicator id="SP.POP.TOTL">Population, total</wb:indicator>
    <wb:country id="CV">Cabo Verde</wb:country>
    <wb:countryiso3code>CPV</wb:countryiso3code>
    <wb:date>2012</wb:date>
    <wb:value>505241</wb:value>
    <wb:unit />
    <wb:obs_status />
    <wb:decimal>0</wb:decimal>
  </wb:data>
  <wb:data>
    <wb:indicator id="SP.POP.TOTL">Population, total</wb:indicator>
    <wb:country id="KH">Cambodia</wb:country>
    <wb:countryiso3code>KHM</wb:countryiso3code>
    <wb:date>2012</wb:date>
    <wb:value>14780454</wb:value>
    <wb:unit />
    <wb:obs_status />
    <wb:decimal>0</wb:decimal>
  </wb:data>
  <wb:data>
    <wb:indicator id="SP.POP.TOTL">Population, total</wb:indicator>
    <wb:country id="CM">Cameroon</wb:country>
    <wb:countryiso3code>CMR</wb:countryiso3code>
    <wb:date>2012</wb:date>
    <wb:value>21485267</wb:value>
    <wb:unit />
    <wb:obs_status />
    <wb:decimal>0</wb:decimal>
  </wb:data>
  <wb:data>
    <wb:indicator id="SP.POP.TOTL">Population, total</wb:indicator>
    <wb:country id="CA">Canada</wb:country>
    <wb:countryiso3code>CAN</wb:countryiso3code>
    <wb:date>2012</wb:date>
    <wb:value>34714222</wb:value>
    <wb:unit />
    <wb:obs_status />
    <wb:decimal>0</wb:decimal>
  </wb:data>
  <wb:data>
    <wb:indicator id="SP.POP.TOTL">Population, total</wb:indicator>
    <wb:country id="KY">Cayman Islands</wb:country>
    <wb:countryiso3code>CYM</wb:countryiso3code>
    <wb:date>2012</wb:date>
    <wb:value>58963</wb:value>
    <wb:unit />
    <wb:obs_status />
    <wb:decimal>0</wb:decimal>
  </wb:data>
  <wb:data>
    <wb:indicator id="SP.POP.TOTL">Population, total</wb:indicator>
    <wb:country id="CF">Central African Republic</wb:country>
    <wb:countryiso3code>CAF</wb:countryiso3code>
    <wb:date>2012</wb:date>
    <wb:value>4436411</wb:value>
    <wb:unit />
    <wb:obs_status />
    <wb:decimal>0</wb:decimal>
  </wb:data>
  <wb:data>
    <wb:indicator id="SP.POP.TOTL">Population, total</wb:indicator>
    <wb:country id="TD">Chad</wb:country>
    <wb:countryiso3code>TCD</wb:countryiso3code>
    <wb:date>2012</wb:date>
    <wb:value>12784748</wb:value>
    <wb:unit />
    <wb:obs_status />
    <wb:decimal>0</wb:decimal>
  </wb:data>
  <wb:data>
    <wb:indicator id="SP.POP.TOTL">Population, total</wb:indicator>
    <wb:country id="JG">Channel Islands</wb:country>
    <wb:countryiso3code>CHI</wb:countryiso3code>
    <wb:date>2012</wb:date>
    <wb:value>162051</wb:value>
    <wb:unit />
    <wb:obs_status />
    <wb:decimal>0</wb:decimal>
  </wb:data>
  <wb:data>
    <wb:indicator id="SP.POP.TOTL">Population, total</wb:indicator>
    <wb:country id="CL">Chile</wb:country>
    <wb:countryiso3code>CHL</wb:countryiso3code>
    <wb:date>2012</wb:date>
    <wb:value>17400359</wb:value>
    <wb:unit />
    <wb:obs_status />
    <wb:decimal>0</wb:decimal>
  </wb:data>
  <wb:data>
    <wb:indicator id="SP.POP.TOTL">Population, total</wb:indicator>
    <wb:country id="CN">China</wb:country>
    <wb:countryiso3code>CHN</wb:countryiso3code>
    <wb:date>2012</wb:date>
    <wb:value>1354190000</wb:value>
    <wb:unit />
    <wb:obs_status />
    <wb:decimal>0</wb:decimal>
  </wb:data>
  <wb:data>
    <wb:indicator id="SP.POP.TOTL">Population, total</wb:indicator>
    <wb:country id="CO">Colombia</wb:country>
    <wb:countryiso3code>COL</wb:countryiso3code>
    <wb:date>2012</wb:date>
    <wb:value>46075721</wb:value>
    <wb:unit />
    <wb:obs_status />
    <wb:decimal>0</wb:decimal>
  </wb:data>
  <wb:data>
    <wb:indicator id="SP.POP.TOTL">Population, total</wb:indicator>
    <wb:country id="KM">Comoros</wb:country>
    <wb:countryiso3code>COM</wb:countryiso3code>
    <wb:date>2012</wb:date>
    <wb:value>723865</wb:value>
    <wb:unit />
    <wb:obs_status />
    <wb:decimal>0</wb:decimal>
  </wb:data>
  <wb:data>
    <wb:indicator id="SP.POP.TOTL">Population, total</wb:indicator>
    <wb:country id="CD">Congo, Dem. Rep.</wb:country>
    <wb:countryiso3code>COD</wb:countryiso3code>
    <wb:date>2012</wb:date>
    <wb:value>69020749</wb:value>
    <wb:unit />
    <wb:obs_status />
    <wb:decimal>0</wb:decimal>
  </wb:data>
  <wb:data>
    <wb:indicator id="SP.POP.TOTL">Population, total</wb:indicator>
    <wb:country id="CG">Congo, Rep.</wb:country>
    <wb:countryiso3code>COG</wb:countryiso3code>
    <wb:date>2012</wb:date>
    <wb:value>4510197</wb:value>
    <wb:unit />
    <wb:obs_status />
    <wb:decimal>0</wb:decimal>
  </wb:data>
  <wb:data>
    <wb:indicator id="SP.POP.TOTL">Population, total</wb:indicator>
    <wb:country id="CR">Costa Rica</wb:country>
    <wb:countryiso3code>CRI</wb:countryiso3code>
    <wb:date>2012</wb:date>
    <wb:value>4688003</wb:value>
    <wb:unit />
    <wb:obs_status />
    <wb:decimal>0</wb:decimal>
  </wb:data>
  <wb:data>
    <wb:indicator id="SP.POP.TOTL">Population, total</wb:indicator>
    <wb:country id="CI">Cote d'Ivoire</wb:country>
    <wb:countryiso3code>CIV</wb:countryiso3code>
    <wb:date>2012</wb:date>
    <wb:value>21547188</wb:value>
    <wb:unit />
    <wb:obs_status />
    <wb:decimal>0</wb:decimal>
  </wb:data>
  <wb:data>
    <wb:indicator id="SP.POP.TOTL">Population, total</wb:indicator>
    <wb:country id="HR">Croatia</wb:country>
    <wb:countryiso3code>HRV</wb:countryiso3code>
    <wb:date>2012</wb:date>
    <wb:value>4267558</wb:value>
    <wb:unit />
    <wb:obs_status />
    <wb:decimal>0</wb:decimal>
  </wb:data>
  <wb:data>
    <wb:indicator id="SP.POP.TOTL">Population, total</wb:indicator>
    <wb:country id="CU">Cuba</wb:country>
    <wb:countryiso3code>CUB</wb:countryiso3code>
    <wb:date>2012</wb:date>
    <wb:value>11257112</wb:value>
    <wb:unit />
    <wb:obs_status />
    <wb:decimal>0</wb:decimal>
  </wb:data>
  <wb:data>
    <wb:indicator id="SP.POP.TOTL">Population, total</wb:indicator>
    <wb:country id="CW">Curacao</wb:country>
    <wb:countryiso3code>CUW</wb:countryiso3code>
    <wb:date>2012</wb:date>
    <wb:value>152088</wb:value>
    <wb:unit />
    <wb:obs_status />
    <wb:decimal>0</wb:decimal>
  </wb:data>
  <wb:data>
    <wb:indicator id="SP.POP.TOTL">Population, total</wb:indicator>
    <wb:country id="CY">Cyprus</wb:country>
    <wb:countryiso3code>CYP</wb:countryiso3code>
    <wb:date>2012</wb:date>
    <wb:value>1135046</wb:value>
    <wb:unit />
    <wb:obs_status />
    <wb:decimal>0</wb:decimal>
  </wb:data>
  <wb:data>
    <wb:indicator id="SP.POP.TOTL">Population, total</wb:indicator>
    <wb:country id="CZ">Czech Republic</wb:country>
    <wb:countryiso3code>CZE</wb:countryiso3code>
    <wb:date>2012</wb:date>
    <wb:value>10510785</wb:value>
    <wb:unit />
    <wb:obs_status />
    <wb:decimal>0</wb:decimal>
  </wb:data>
  <wb:data>
    <wb:indicator id="SP.POP.TOTL">Population, total</wb:indicator>
    <wb:country id="DK">Denmark</wb:country>
    <wb:countryiso3code>DNK</wb:countryiso3code>
    <wb:date>2012</wb:date>
    <wb:value>5591572</wb:value>
    <wb:unit />
    <wb:obs_status />
    <wb:decimal>0</wb:decimal>
  </wb:data>
  <wb:data>
    <wb:indicator id="SP.POP.TOTL">Population, total</wb:indicator>
    <wb:country id="DJ">Djibouti</wb:country>
    <wb:countryiso3code>DJI</wb:countryiso3code>
    <wb:date>2012</wb:date>
    <wb:value>868136</wb:value>
    <wb:unit />
    <wb:obs_status />
    <wb:decimal>0</wb:decimal>
  </wb:data>
  <wb:data>
    <wb:indicator id="SP.POP.TOTL">Population, total</wb:indicator>
    <wb:country id="DM">Dominica</wb:country>
    <wb:countryiso3code>DMA</wb:countryiso3code>
    <wb:date>2012</wb:date>
    <wb:value>70954</wb:value>
    <wb:unit />
    <wb:obs_status />
    <wb:decimal>0</wb:decimal>
  </wb:data>
  <wb:data>
    <wb:indicator id="SP.POP.TOTL">Population, total</wb:indicator>
    <wb:country id="DO">Dominican Republic</wb:country>
    <wb:countryiso3code>DOM</wb:countryiso3code>
    <wb:date>2012</wb:date>
    <wb:value>9930916</wb:value>
    <wb:unit />
    <wb:obs_status />
    <wb:decimal>0</wb:decimal>
  </wb:data>
  <wb:data>
    <wb:indicator id="SP.POP.TOTL">Population, total</wb:indicator>
    <wb:country id="EC">Ecuador</wb:country>
    <wb:countryiso3code>ECU</wb:countryiso3code>
    <wb:date>2012</wb:date>
    <wb:value>15474099</wb:value>
    <wb:unit />
    <wb:obs_status />
    <wb:decimal>0</wb:decimal>
  </wb:data>
  <wb:data>
    <wb:indicator id="SP.POP.TOTL">Population, total</wb:indicator>
    <wb:country id="EG">Egypt, Arab Rep.</wb:country>
    <wb:countryiso3code>EGY</wb:countryiso3code>
    <wb:date>2012</wb:date>
    <wb:value>86422240</wb:value>
    <wb:unit />
    <wb:obs_status />
    <wb:decimal>0</wb:decimal>
  </wb:data>
  <wb:data>
    <wb:indicator id="SP.POP.TOTL">Population, total</wb:indicator>
    <wb:country id="SV">El Salvador</wb:country>
    <wb:countryiso3code>SLV</wb:countryiso3code>
    <wb:date>2012</wb:date>
    <wb:value>6237922</wb:value>
    <wb:unit />
    <wb:obs_status />
    <wb:decimal>0</wb:decimal>
  </wb:data>
  <wb:data>
    <wb:indicator id="SP.POP.TOTL">Population, total</wb:indicator>
    <wb:country id="GQ">Equatorial Guinea</wb:country>
    <wb:countryiso3code>GNQ</wb:countryiso3code>
    <wb:date>2012</wb:date>
    <wb:value>1031191</wb:value>
    <wb:unit />
    <wb:obs_status />
    <wb:decimal>0</wb:decimal>
  </wb:data>
  <wb:data>
    <wb:indicator id="SP.POP.TOTL">Population, total</wb:indicator>
    <wb:country id="ER">Eritrea</wb:country>
    <wb:countryiso3code>ERI</wb:countryiso3code>
    <wb:date>2012</wb:date>
    <wb:value />
    <wb:unit />
    <wb:obs_status />
    <wb:decimal>0</wb:decimal>
  </wb:data>
  <wb:data>
    <wb:indicator id="SP.POP.TOTL">Population, total</wb:indicator>
    <wb:country id="EE">Estonia</wb:country>
    <wb:countryiso3code>EST</wb:countryiso3code>
    <wb:date>2012</wb:date>
    <wb:value>1322696</wb:value>
    <wb:unit />
    <wb:obs_status />
    <wb:decimal>0</wb:decimal>
  </wb:data>
  <wb:data>
    <wb:indicator id="SP.POP.TOTL">Population, total</wb:indicator>
    <wb:country id="SZ">Eswatini</wb:country>
    <wb:countryiso3code>SWZ</wb:countryiso3code>
    <wb:date>2012</wb:date>
    <wb:value>1079285</wb:value>
    <wb:unit />
    <wb:obs_status />
    <wb:decimal>0</wb:decimal>
  </wb:data>
  <wb:data>
    <wb:indicator id="SP.POP.TOTL">Population, total</wb:indicator>
    <wb:country id="ET">Ethiopia</wb:country>
    <wb:countryiso3code>ETH</wb:countryiso3code>
    <wb:date>2012</wb:date>
    <wb:value>92726982</wb:value>
    <wb:unit />
    <wb:obs_status />
    <wb:decimal>0</wb:decimal>
  </wb:data>
  <wb:data>
    <wb:indicator id="SP.POP.TOTL">Population, total</wb:indicator>
    <wb:country id="FO">Faroe Islands</wb:country>
    <wb:countryiso3code>FRO</wb:countryiso3code>
    <wb:date>2012</wb:date>
    <wb:value>47843</wb:value>
    <wb:unit />
    <wb:obs_status />
    <wb:decimal>0</wb:decimal>
  </wb:data>
  <wb:data>
    <wb:indicator id="SP.POP.TOTL">Population, total</wb:indicator>
    <wb:country id="FJ">Fiji</wb:country>
    <wb:countryiso3code>FJI</wb:countryiso3code>
    <wb:date>2012</wb:date>
    <wb:value>865065</wb:value>
    <wb:unit />
    <wb:obs_status />
    <wb:decimal>0</wb:decimal>
  </wb:data>
  <wb:data>
    <wb:indicator id="SP.POP.TOTL">Population, total</wb:indicator>
    <wb:country id="FI">Finland</wb:country>
    <wb:countryiso3code>FIN</wb:countryiso3code>
    <wb:date>2012</wb:date>
    <wb:value>5413971</wb:value>
    <wb:unit />
    <wb:obs_status />
    <wb:decimal>0</wb:decimal>
  </wb:data>
  <wb:data>
    <wb:indicator id="SP.POP.TOTL">Population, total</wb:indicator>
    <wb:country id="FR">France</wb:country>
    <wb:countryiso3code>FRA</wb:countryiso3code>
    <wb:date>2012</wb:date>
    <wb:value>65659814</wb:value>
    <wb:unit />
    <wb:obs_status />
    <wb:decimal>0</wb:decimal>
  </wb:data>
  <wb:data>
    <wb:indicator id="SP.POP.TOTL">Population, total</wb:indicator>
    <wb:country id="PF">French Polynesia</wb:country>
    <wb:countryiso3code>PYF</wb:countryiso3code>
    <wb:date>2012</wb:date>
    <wb:value>268995</wb:value>
    <wb:unit />
    <wb:obs_status />
    <wb:decimal>0</wb:decimal>
  </wb:data>
  <wb:data>
    <wb:indicator id="SP.POP.TOTL">Population, total</wb:indicator>
    <wb:country id="GA">Gabon</wb:country>
    <wb:countryiso3code>GAB</wb:countryiso3code>
    <wb:date>2012</wb:date>
    <wb:value>1749677</wb:value>
    <wb:unit />
    <wb:obs_status />
    <wb:decimal>0</wb:decimal>
  </wb:data>
  <wb:data>
    <wb:indicator id="SP.POP.TOTL">Population, total</wb:indicator>
    <wb:country id="GM">Gambia, The</wb:country>
    <wb:countryiso3code>GMB</wb:countryiso3code>
    <wb:date>2012</wb:date>
    <wb:value>1905020</wb:value>
    <wb:unit />
    <wb:obs_status />
    <wb:decimal>0</wb:decimal>
  </wb:data>
  <wb:data>
    <wb:indicator id="SP.POP.TOTL">Population, total</wb:indicator>
    <wb:country id="GE">Georgia</wb:country>
    <wb:countryiso3code>GEO</wb:countryiso3code>
    <wb:date>2012</wb:date>
    <wb:value>3728874</wb:value>
    <wb:unit />
    <wb:obs_status />
    <wb:decimal>0</wb:decimal>
  </wb:data>
  <wb:data>
    <wb:indicator id="SP.POP.TOTL">Population, total</wb:indicator>
    <wb:country id="DE">Germany</wb:country>
    <wb:countryiso3code>DEU</wb:countryiso3code>
    <wb:date>2012</wb:date>
    <wb:value>80425823</wb:value>
    <wb:unit />
    <wb:obs_status />
    <wb:decimal>0</wb:decimal>
  </wb:data>
  <wb:data>
    <wb:indicator id="SP.POP.TOTL">Population, total</wb:indicator>
    <wb:country id="GH">Ghana</wb:country>
    <wb:countryiso3code>GHA</wb:countryiso3code>
    <wb:date>2012</wb:date>
    <wb:value>25996454</wb:value>
    <wb:unit />
    <wb:obs_status />
    <wb:decimal>0</wb:decimal>
  </wb:data>
  <wb:data>
    <wb:indicator id="SP.POP.TOTL">Population, total</wb:indicator>
    <wb:country id="GI">Gibraltar</wb:country>
    <wb:countryiso3code>GIB</wb:countryiso3code>
    <wb:date>2012</wb:date>
    <wb:value>33653</wb:value>
    <wb:unit />
    <wb:obs_status />
    <wb:decimal>0</wb:decimal>
  </wb:data>
  <wb:data>
    <wb:indicator id="SP.POP.TOTL">Population, total</wb:indicator>
    <wb:country id="GR">Greece</wb:country>
    <wb:countryiso3code>GRC</wb:countryiso3code>
    <wb:date>2012</wb:date>
    <wb:value>11045011</wb:value>
    <wb:unit />
    <wb:obs_status />
    <wb:decimal>0</wb:decimal>
  </wb:data>
  <wb:data>
    <wb:indicator id="SP.POP.TOTL">Population, total</wb:indicator>
    <wb:country id="GL">Greenland</wb:country>
    <wb:countryiso3code>GRL</wb:countryiso3code>
    <wb:date>2012</wb:date>
    <wb:value>56810</wb:value>
    <wb:unit />
    <wb:obs_status />
    <wb:decimal>0</wb:decimal>
  </wb:data>
  <wb:data>
    <wb:indicator id="SP.POP.TOTL">Population, total</wb:indicator>
    <wb:country id="GD">Grenada</wb:country>
    <wb:countryiso3code>GRD</wb:countryiso3code>
    <wb:date>2012</wb:date>
    <wb:value>107452</wb:value>
    <wb:unit />
    <wb:obs_status />
    <wb:decimal>0</wb:decimal>
  </wb:data>
  <wb:data>
    <wb:indicator id="SP.POP.TOTL">Population, total</wb:indicator>
    <wb:country id="GU">Guam</wb:country>
    <wb:countryiso3code>GUM</wb:countryiso3code>
    <wb:date>2012</wb:date>
    <wb:value>159990</wb:value>
    <wb:unit />
    <wb:obs_status />
    <wb:decimal>0</wb:decimal>
  </wb:data>
  <wb:data>
    <wb:indicator id="SP.POP.TOTL">Population, total</wb:indicator>
    <wb:country id="GT">Guatemala</wb:country>
    <wb:countryiso3code>GTM</wb:countryiso3code>
    <wb:date>2012</wb:date>
    <wb:value>14781942</wb:value>
    <wb:unit />
    <wb:obs_status />
    <wb:decimal>0</wb:decimal>
  </wb:data>
  <wb:data>
    <wb:indicator id="SP.POP.TOTL">Population, total</wb:indicator>
    <wb:country id="GN">Guinea</wb:country>
    <wb:countryiso3code>GIN</wb:countryiso3code>
    <wb:date>2012</wb:date>
    <wb:value>10652032</wb:value>
    <wb:unit />
    <wb:obs_status />
    <wb:decimal>0</wb:decimal>
  </wb:data>
  <wb:data>
    <wb:indicator id="SP.POP.TOTL">Population, total</wb:indicator>
    <wb:country id="GW">Guinea-Bissau</wb:country>
    <wb:countryiso3code>GNB</wb:countryiso3code>
    <wb:date>2012</wb:date>
    <wb:value>1604981</wb:value>
    <wb:unit />
    <wb:obs_status />
    <wb:decimal>0</wb:decimal>
  </wb:data>
  <wb:data>
    <wb:indicator id="SP.POP.TOTL">Population, total</wb:indicator>
    <wb:country id="GY">Guyana</wb:country>
    <wb:countryiso3code>GUY</wb:countryiso3code>
    <wb:date>2012</wb:date>
    <wb:value>755388</wb:value>
    <wb:unit />
    <wb:obs_status />
    <wb:decimal>0</wb:decimal>
  </wb:data>
  <wb:data>
    <wb:indicator id="SP.POP.TOTL">Population, total</wb:indicator>
    <wb:country id="HT">Haiti</wb:country>
    <wb:countryiso3code>HTI</wb:countryiso3code>
    <wb:date>2012</wb:date>
    <wb:value>10250922</wb:value>
    <wb:unit />
    <wb:obs_status />
    <wb:decimal>0</wb:decimal>
  </wb:data>
  <wb:data>
    <wb:indicator id="SP.POP.TOTL">Population, total</wb:indicator>
    <wb:country id="HN">Honduras</wb:country>
    <wb:countryiso3code>HND</wb:countryiso3code>
    <wb:date>2012</wb:date>
    <wb:value>8640692</wb:value>
    <wb:unit />
    <wb:obs_status />
    <wb:decimal>0</wb:decimal>
  </wb:data>
  <wb:data>
    <wb:indicator id="SP.POP.TOTL">Population, total</wb:indicator>
    <wb:country id="HK">Hong Kong SAR, China</wb:country>
    <wb:countryiso3code>HKG</wb:countryiso3code>
    <wb:date>2012</wb:date>
    <wb:value>7150100</wb:value>
    <wb:unit />
    <wb:obs_status />
    <wb:decimal>0</wb:decimal>
  </wb:data>
  <wb:data>
    <wb:indicator id="SP.POP.TOTL">Population, total</wb:indicator>
    <wb:country id="HU">Hungary</wb:country>
    <wb:countryiso3code>HUN</wb:countryiso3code>
    <wb:date>2012</wb:date>
    <wb:value>9920362</wb:value>
    <wb:unit />
    <wb:obs_status />
    <wb:decimal>0</wb:decimal>
  </wb:data>
  <wb:data>
    <wb:indicator id="SP.POP.TOTL">Population, total</wb:indicator>
    <wb:country id="IS">Iceland</wb:country>
    <wb:countryiso3code>ISL</wb:countryiso3code>
    <wb:date>2012</wb:date>
    <wb:value>320716</wb:value>
    <wb:unit />
    <wb:obs_status />
    <wb:decimal>0</wb:decimal>
  </wb:data>
  <wb:data>
    <wb:indicator id="SP.POP.TOTL">Population, total</wb:indicator>
    <wb:country id="IN">India</wb:country>
    <wb:countryiso3code>IND</wb:countryiso3code>
    <wb:date>2012</wb:date>
    <wb:value>1265780243</wb:value>
    <wb:unit />
    <wb:obs_status />
    <wb:decimal>0</wb:decimal>
  </wb:data>
  <wb:data>
    <wb:indicator id="SP.POP.TOTL">Population, total</wb:indicator>
    <wb:country id="ID">Indonesia</wb:country>
    <wb:countryiso3code>IDN</wb:countryiso3code>
    <wb:date>2012</wb:date>
    <wb:value>248451714</wb:value>
    <wb:unit />
    <wb:obs_status />
    <wb:decimal>0</wb:decimal>
  </wb:data>
  <wb:data>
    <wb:indicator id="SP.POP.TOTL">Population, total</wb:indicator>
    <wb:country id="IR">Iran, Islamic Rep.</wb:country>
    <wb:countryiso3code>IRN</wb:countryiso3code>
    <wb:date>2012</wb:date>
    <wb:value>75539881</wb:value>
    <wb:unit />
    <wb:obs_status />
    <wb:decimal>0</wb:decimal>
  </wb:data>
  <wb:data>
    <wb:indicator id="SP.POP.TOTL">Population, total</wb:indicator>
    <wb:country id="IQ">Iraq</wb:country>
    <wb:countryiso3code>IRQ</wb:countryiso3code>
    <wb:date>2012</wb:date>
    <wb:value>31890012</wb:value>
    <wb:unit />
    <wb:obs_status />
    <wb:decimal>0</wb:decimal>
  </wb:data>
  <wb:data>
    <wb:indicator id="SP.POP.TOTL">Population, total</wb:indicator>
    <wb:country id="IE">Ireland</wb:country>
    <wb:countryiso3code>IRL</wb:countryiso3code>
    <wb:date>2012</wb:date>
    <wb:value>4599533</wb:value>
    <wb:unit />
    <wb:obs_status />
    <wb:decimal>0</wb:decimal>
  </wb:data>
  <wb:data>
    <wb:indicator id="SP.POP.TOTL">Population, total</wb:indicator>
    <wb:country id="IM">Isle of Man</wb:country>
    <wb:countryiso3code>IMN</wb:countryiso3code>
    <wb:date>2012</wb:date>
    <wb:value>84534</wb:value>
    <wb:unit />
    <wb:obs_status />
    <wb:decimal>0</wb:decimal>
  </wb:data>
  <wb:data>
    <wb:indicator id="SP.POP.TOTL">Population, total</wb:indicator>
    <wb:country id="IL">Israel</wb:country>
    <wb:countryiso3code>ISR</wb:countryiso3code>
    <wb:date>2012</wb:date>
    <wb:value>7910500</wb:value>
    <wb:unit />
    <wb:obs_status />
    <wb:decimal>0</wb:decimal>
  </wb:data>
  <wb:data>
    <wb:indicator id="SP.POP.TOTL">Population, total</wb:indicator>
    <wb:country id="IT">Italy</wb:country>
    <wb:countryiso3code>ITA</wb:countryiso3code>
    <wb:date>2012</wb:date>
    <wb:value>59539717</wb:value>
    <wb:unit />
    <wb:obs_status />
    <wb:decimal>0</wb:decimal>
  </wb:data>
  <wb:data>
    <wb:indicator id="SP.POP.TOTL">Population, total</wb:indicator>
    <wb:country id="JM">Jamaica</wb:country>
    <wb:countryiso3code>JAM</wb:countryiso3code>
    <wb:date>2012</wb:date>
    <wb:value>2842128</wb:value>
    <wb:unit />
    <wb:obs_status />
    <wb:decimal>0</wb:decimal>
  </wb:data>
  <wb:data>
    <wb:indicator id="SP.POP.TOTL">Population, total</wb:indicator>
    <wb:country id="JP">Japan</wb:country>
    <wb:countryiso3code>JPN</wb:countryiso3code>
    <wb:date>2012</wb:date>
    <wb:value>127629000</wb:value>
    <wb:unit />
    <wb:obs_status />
    <wb:decimal>0</wb:decimal>
  </wb:data>
  <wb:data>
    <wb:indicator id="SP.POP.TOTL">Population, total</wb:indicator>
    <wb:country id="JO">Jordan</wb:country>
    <wb:countryiso3code>JOR</wb:countryiso3code>
    <wb:date>2012</wb:date>
    <wb:value>8089963</wb:value>
    <wb:unit />
    <wb:obs_status />
    <wb:decimal>0</wb:decimal>
  </wb:data>
  <wb:data>
    <wb:indicator id="SP.POP.TOTL">Population, total</wb:indicator>
    <wb:country id="KZ">Kazakhstan</wb:country>
    <wb:countryiso3code>KAZ</wb:countryiso3code>
    <wb:date>2012</wb:date>
    <wb:value>16792090</wb:value>
    <wb:unit />
    <wb:obs_status />
    <wb:decimal>0</wb:decimal>
  </wb:data>
  <wb:data>
    <wb:indicator id="SP.POP.TOTL">Population, total</wb:indicator>
    <wb:country id="KE">Kenya</wb:country>
    <wb:countryiso3code>KEN</wb:countryiso3code>
    <wb:date>2012</wb:date>
    <wb:value>44343469</wb:value>
    <wb:unit />
    <wb:obs_status />
    <wb:decimal>0</wb:decimal>
  </wb:data>
  <wb:data>
    <wb:indicator id="SP.POP.TOTL">Population, total</wb:indicator>
    <wb:country id="KI">Kiribati</wb:country>
    <wb:countryiso3code>KIR</wb:countryiso3code>
    <wb:date>2012</wb:date>
    <wb:value>106359</wb:value>
    <wb:unit />
    <wb:obs_status />
    <wb:decimal>0</wb:decimal>
  </wb:data>
  <wb:data>
    <wb:indicator id="SP.POP.TOTL">Population, total</wb:indicator>
    <wb:country id="KP">Korea, Dem. People's Rep.</wb:country>
    <wb:countryiso3code>PRK</wb:countryiso3code>
    <wb:date>2012</wb:date>
    <wb:value>24800638</wb:value>
    <wb:unit />
    <wb:obs_status />
    <wb:decimal>0</wb:decimal>
  </wb:data>
  <wb:data>
    <wb:indicator id="SP.POP.TOTL">Population, total</wb:indicator>
    <wb:country id="KR">Korea, Rep.</wb:country>
    <wb:countryiso3code>KOR</wb:countryiso3code>
    <wb:date>2012</wb:date>
    <wb:value>50199853</wb:value>
    <wb:unit />
    <wb:obs_status />
    <wb:decimal>0</wb:decimal>
  </wb:data>
  <wb:data>
    <wb:indicator id="SP.POP.TOTL">Population, total</wb:indicator>
    <wb:country id="XK">Kosovo</wb:country>
    <wb:countryiso3code>XKX</wb:countryiso3code>
    <wb:date>2012</wb:date>
    <wb:value>1807106</wb:value>
    <wb:unit />
    <wb:obs_status />
    <wb:decimal>0</wb:decimal>
  </wb:data>
  <wb:data>
    <wb:indicator id="SP.POP.TOTL">Population, total</wb:indicator>
    <wb:country id="KW">Kuwait</wb:country>
    <wb:countryiso3code>KWT</wb:countryiso3code>
    <wb:date>2012</wb:date>
    <wb:value>3348852</wb:value>
    <wb:unit />
    <wb:obs_status />
    <wb:decimal>0</wb:decimal>
  </wb:data>
  <wb:data>
    <wb:indicator id="SP.POP.TOTL">Population, total</wb:indicator>
    <wb:country id="KG">Kyrgyz Republic</wb:country>
    <wb:countryiso3code>KGZ</wb:countryiso3code>
    <wb:date>2012</wb:date>
    <wb:value>5607200</wb:value>
    <wb:unit />
    <wb:obs_status />
    <wb:decimal>0</wb:decimal>
  </wb:data>
  <wb:data>
    <wb:indicator id="SP.POP.TOTL">Population, total</wb:indicator>
    <wb:country id="LA">Lao PDR</wb:country>
    <wb:countryiso3code>LAO</wb:countryiso3code>
    <wb:date>2012</wb:date>
    <wb:value>6444527</wb:value>
    <wb:unit />
    <wb:obs_status />
    <wb:decimal>0</wb:decimal>
  </wb:data>
  <wb:data>
    <wb:indicator id="SP.POP.TOTL">Population, total</wb:indicator>
    <wb:country id="LV">Latvia</wb:country>
    <wb:countryiso3code>LVA</wb:countryiso3code>
    <wb:date>2012</wb:date>
    <wb:value>2034319</wb:value>
    <wb:unit />
    <wb:obs_status />
    <wb:decimal>0</wb:decimal>
  </wb:data>
  <wb:data>
    <wb:indicator id="SP.POP.TOTL">Population, total</wb:indicator>
    <wb:country id="LB">Lebanon</wb:country>
    <wb:countryiso3code>LBN</wb:countryiso3code>
    <wb:date>2012</wb:date>
    <wb:value>5537620</wb:value>
    <wb:unit />
    <wb:obs_status />
    <wb:decimal>0</wb:decimal>
  </wb:data>
  <wb:data>
    <wb:indicator id="SP.POP.TOTL">Population, total</wb:indicator>
    <wb:country id="LS">Lesotho</wb:country>
    <wb:countryiso3code>LSO</wb:countryiso3code>
    <wb:date>2012</wb:date>
    <wb:value>2014988</wb:value>
    <wb:unit />
    <wb:obs_status />
    <wb:decimal>0</wb:decimal>
  </wb:data>
  <wb:data>
    <wb:indicator id="SP.POP.TOTL">Population, total</wb:indicator>
    <wb:country id="LR">Liberia</wb:country>
    <wb:countryiso3code>LBR</wb:countryiso3code>
    <wb:date>2012</wb:date>
    <wb:value>4135662</wb:value>
    <wb:unit />
    <wb:obs_status />
    <wb:decimal>0</wb:decimal>
  </wb:data>
  <wb:data>
    <wb:indicator id="SP.POP.TOTL">Population, total</wb:indicator>
    <wb:country id="LY">Libya</wb:country>
    <wb:countryiso3code>LBY</wb:countryiso3code>
    <wb:date>2012</wb:date>
    <wb:value>6285751</wb:value>
    <wb:unit />
    <wb:obs_status />
    <wb:decimal>0</wb:decimal>
  </wb:data>
  <wb:data>
    <wb:indicator id="SP.POP.TOTL">Population, total</wb:indicator>
    <wb:country id="LI">Liechtenstein</wb:country>
    <wb:countryiso3code>LIE</wb:countryiso3code>
    <wb:date>2012</wb:date>
    <wb:value>36615</wb:value>
    <wb:unit />
    <wb:obs_status />
    <wb:decimal>0</wb:decimal>
  </wb:data>
  <wb:data>
    <wb:indicator id="SP.POP.TOTL">Population, total</wb:indicator>
    <wb:country id="LT">Lithuania</wb:country>
    <wb:countryiso3code>LTU</wb:countryiso3code>
    <wb:date>2012</wb:date>
    <wb:value>2987773</wb:value>
    <wb:unit />
    <wb:obs_status />
    <wb:decimal>0</wb:decimal>
  </wb:data>
  <wb:data>
    <wb:indicator id="SP.POP.TOTL">Population, total</wb:indicator>
    <wb:country id="LU">Luxembourg</wb:country>
    <wb:countryiso3code>LUX</wb:countryiso3code>
    <wb:date>2012</wb:date>
    <wb:value>530946</wb:value>
    <wb:unit />
    <wb:obs_status />
    <wb:decimal>0</wb:decimal>
  </wb:data>
  <wb:data>
    <wb:indicator id="SP.POP.TOTL">Population, total</wb:indicator>
    <wb:country id="MO">Macao SAR, China</wb:country>
    <wb:countryiso3code>MAC</wb:countryiso3code>
    <wb:date>2012</wb:date>
    <wb:value>564037</wb:value>
    <wb:unit />
    <wb:obs_status />
    <wb:decimal>0</wb:decimal>
  </wb:data>
  <wb:data>
    <wb:indicator id="SP.POP.TOTL">Population, total</wb:indicator>
    <wb:country id="MG">Madagascar</wb:country>
    <wb:countryiso3code>MDG</wb:countryiso3code>
    <wb:date>2012</wb:date>
    <wb:value>22346641</wb:value>
    <wb:unit />
    <wb:obs_status />
    <wb:decimal>0</wb:decimal>
  </wb:data>
  <wb:data>
    <wb:indicator id="SP.POP.TOTL">Population, total</wb:indicator>
    <wb:country id="MW">Malawi</wb:country>
    <wb:countryiso3code>MWI</wb:countryiso3code>
    <wb:date>2012</wb:date>
    <wb:value>15396010</wb:value>
    <wb:unit />
    <wb:obs_status />
    <wb:decimal>0</wb:decimal>
  </wb:data>
  <wb:data>
    <wb:indicator id="SP.POP.TOTL">Population, total</wb:indicator>
    <wb:country id="MY">Malaysia</wb:country>
    <wb:countryiso3code>MYS</wb:countryiso3code>
    <wb:date>2012</wb:date>
    <wb:value>29068189</wb:value>
    <wb:unit />
    <wb:obs_status />
    <wb:decimal>0</wb:decimal>
  </wb:data>
  <wb:data>
    <wb:indicator id="SP.POP.TOTL">Population, total</wb:indicator>
    <wb:country id="MV">Maldives</wb:country>
    <wb:countryiso3code>MDV</wb:countryiso3code>
    <wb:date>2012</wb:date>
    <wb:value>397231</wb:value>
    <wb:unit />
    <wb:obs_status />
    <wb:decimal>0</wb:decimal>
  </wb:data>
  <wb:data>
    <wb:indicator id="SP.POP.TOTL">Population, total</wb:indicator>
    <wb:country id="ML">Mali</wb:country>
    <wb:countryiso3code>MLI</wb:countryiso3code>
    <wb:date>2012</wb:date>
    <wb:value>15979492</wb:value>
    <wb:unit />
    <wb:obs_status />
    <wb:decimal>0</wb:decimal>
  </wb:data>
  <wb:data>
    <wb:indicator id="SP.POP.TOTL">Population, total</wb:indicator>
    <wb:country id="MT">Malta</wb:country>
    <wb:countryiso3code>MLT</wb:countryiso3code>
    <wb:date>2012</wb:date>
    <wb:value>420028</wb:value>
    <wb:unit />
    <wb:obs_status />
    <wb:decimal>0</wb:decimal>
  </wb:data>
  <wb:data>
    <wb:indicator id="SP.POP.TOTL">Population, total</wb:indicator>
    <wb:country id="MH">Marshall Islands</wb:country>
    <wb:countryiso3code>MHL</wb:countryiso3code>
    <wb:date>2012</wb:date>
    <wb:value>56712</wb:value>
    <wb:unit />
    <wb:obs_status />
    <wb:decimal>0</wb:decimal>
  </wb:data>
  <wb:data>
    <wb:indicator id="SP.POP.TOTL">Population, total</wb:indicator>
    <wb:country id="MR">Mauritania</wb:country>
    <wb:countryiso3code>MRT</wb:countryiso3code>
    <wb:date>2012</wb:date>
    <wb:value>3706555</wb:value>
    <wb:unit />
    <wb:obs_status />
    <wb:decimal>0</wb:decimal>
  </wb:data>
  <wb:data>
    <wb:indicator id="SP.POP.TOTL">Population, total</wb:indicator>
    <wb:country id="MU">Mauritius</wb:country>
    <wb:countryiso3code>MUS</wb:countryiso3code>
    <wb:date>2012</wb:date>
    <wb:value>1255882</wb:value>
    <wb:unit />
    <wb:obs_status />
    <wb:decimal>0</wb:decimal>
  </wb:data>
  <wb:data>
    <wb:indicator id="SP.POP.TOTL">Population, total</wb:indicator>
    <wb:country id="MX">Mexico</wb:country>
    <wb:countryiso3code>MEX</wb:countryiso3code>
    <wb:date>2012</wb:date>
    <wb:value>117274156</wb:value>
    <wb:unit />
    <wb:obs_status />
    <wb:decimal>0</wb:decimal>
  </wb:data>
  <wb:data>
    <wb:indicator id="SP.POP.TOTL">Population, total</wb:indicator>
    <wb:country id="FM">Micronesia, Fed. Sts.</wb:country>
    <wb:countryiso3code>FSM</wb:countryiso3code>
    <wb:date>2012</wb:date>
    <wb:value>104506</wb:value>
    <wb:unit />
    <wb:obs_status />
    <wb:decimal>0</wb:decimal>
  </wb:data>
  <wb:data>
    <wb:indicator id="SP.POP.TOTL">Population, total</wb:indicator>
    <wb:country id="MD">Moldova</wb:country>
    <wb:countryiso3code>MDA</wb:countryiso3code>
    <wb:date>2012</wb:date>
    <wb:value>2859458</wb:value>
    <wb:unit />
    <wb:obs_status />
    <wb:decimal>0</wb:decimal>
  </wb:data>
  <wb:data>
    <wb:indicator id="SP.POP.TOTL">Population, total</wb:indicator>
    <wb:country id="MC">Monaco</wb:country>
    <wb:countryiso3code>MCO</wb:countryiso3code>
    <wb:date>2012</wb:date>
    <wb:value>36459</wb:value>
    <wb:unit />
    <wb:obs_status />
    <wb:decimal>0</wb:decimal>
  </wb:data>
  <wb:data>
    <wb:indicator id="SP.POP.TOTL">Population, total</wb:indicator>
    <wb:country id="MN">Mongolia</wb:country>
    <wb:countryiso3code>MNG</wb:countryiso3code>
    <wb:date>2012</wb:date>
    <wb:value>2824698</wb:value>
    <wb:unit />
    <wb:obs_status />
    <wb:decimal>0</wb:decimal>
  </wb:data>
  <wb:data>
    <wb:indicator id="SP.POP.TOTL">Population, total</wb:indicator>
    <wb:country id="ME">Montenegro</wb:country>
    <wb:countryiso3code>MNE</wb:countryiso3code>
    <wb:date>2012</wb:date>
    <wb:value>620601</wb:value>
    <wb:unit />
    <wb:obs_status />
    <wb:decimal>0</wb:decimal>
  </wb:data>
  <wb:data>
    <wb:indicator id="SP.POP.TOTL">Population, total</wb:indicator>
    <wb:country id="MA">Morocco</wb:country>
    <wb:countryiso3code>MAR</wb:countryiso3code>
    <wb:date>2012</wb:date>
    <wb:value>33241898</wb:value>
    <wb:unit />
    <wb:obs_status />
    <wb:decimal>0</wb:decimal>
  </wb:data>
  <wb:data>
    <wb:indicator id="SP.POP.TOTL">Population, total</wb:indicator>
    <wb:country id="MZ">Mozambique</wb:country>
    <wb:countryiso3code>MOZ</wb:countryiso3code>
    <wb:date>2012</wb:date>
    <wb:value>24862673</wb:value>
    <wb:unit />
    <wb:obs_status />
    <wb:decimal>0</wb:decimal>
  </wb:data>
  <wb:data>
    <wb:indicator id="SP.POP.TOTL">Population, total</wb:indicator>
    <wb:country id="MM">Myanmar</wb:country>
    <wb:countryiso3code>MMR</wb:countryiso3code>
    <wb:date>2012</wb:date>
    <wb:value>51413703</wb:value>
    <wb:unit />
    <wb:obs_status />
    <wb:decimal>0</wb:decimal>
  </wb:data>
  <wb:data>
    <wb:indicator id="SP.POP.TOTL">Population, total</wb:indicator>
    <wb:country id="NA">Namibia</wb:country>
    <wb:countryiso3code>NAM</wb:countryiso3code>
    <wb:date>2012</wb:date>
    <wb:value>2194777</wb:value>
    <wb:unit />
    <wb:obs_status />
    <wb:decimal>0</wb:decimal>
  </wb:data>
  <wb:data>
    <wb:indicator id="SP.POP.TOTL">Population, total</wb:indicator>
    <wb:country id="NR">Nauru</wb:country>
    <wb:countryiso3code>NRU</wb:countryiso3code>
    <wb:date>2012</wb:date>
    <wb:value>10136</wb:value>
    <wb:unit />
    <wb:obs_status />
    <wb:decimal>0</wb:decimal>
  </wb:data>
  <wb:data>
    <wb:indicator id="SP.POP.TOTL">Population, total</wb:indicator>
    <wb:country id="NP">Nepal</wb:country>
    <wb:countryiso3code>NPL</wb:countryiso3code>
    <wb:date>2012</wb:date>
    <wb:value>26989160</wb:value>
    <wb:unit />
    <wb:obs_status />
    <wb:decimal>0</wb:decimal>
  </wb:data>
  <wb:data>
    <wb:indicator id="SP.POP.TOTL">Population, total</wb:indicator>
    <wb:country id="NL">Netherlands</wb:country>
    <wb:countryiso3code>NLD</wb:countryiso3code>
    <wb:date>2012</wb:date>
    <wb:value>16754962</wb:value>
    <wb:unit />
    <wb:obs_status />
    <wb:decimal>0</wb:decimal>
  </wb:data>
  <wb:data>
    <wb:indicator id="SP.POP.TOTL">Population, total</wb:indicator>
    <wb:country id="NC">New Caledonia</wb:country>
    <wb:countryiso3code>NCL</wb:countryiso3code>
    <wb:date>2012</wb:date>
    <wb:value>259000</wb:value>
    <wb:unit />
    <wb:obs_status />
    <wb:decimal>0</wb:decimal>
  </wb:data>
  <wb:data>
    <wb:indicator id="SP.POP.TOTL">Population, total</wb:indicator>
    <wb:country id="NZ">New Zealand</wb:country>
    <wb:countryiso3code>NZL</wb:countryiso3code>
    <wb:date>2012</wb:date>
    <wb:value>4408100</wb:value>
    <wb:unit />
    <wb:obs_status />
    <wb:decimal>0</wb:decimal>
  </wb:data>
  <wb:data>
    <wb:indicator id="SP.POP.TOTL">Population, total</wb:indicator>
    <wb:country id="NI">Nicaragua</wb:country>
    <wb:countryiso3code>NIC</wb:countryiso3code>
    <wb:date>2012</wb:date>
    <wb:value>5982530</wb:value>
    <wb:unit />
    <wb:obs_status />
    <wb:decimal>0</wb:decimal>
  </wb:data>
  <wb:data>
    <wb:indicator id="SP.POP.TOTL">Population, total</wb:indicator>
    <wb:country id="NE">Niger</wb:country>
    <wb:countryiso3code>NER</wb:countryiso3code>
    <wb:date>2012</wb:date>
    <wb:value>17795209</wb:value>
    <wb:unit />
    <wb:obs_status />
    <wb:decimal>0</wb:decimal>
  </wb:data>
  <wb:data>
    <wb:indicator id="SP.POP.TOTL">Population, total</wb:indicator>
    <wb:country id="NG">Nigeria</wb:country>
    <wb:countryiso3code>NGA</wb:countryiso3code>
    <wb:date>2012</wb:date>
    <wb:value>167228803</wb:value>
    <wb:unit />
    <wb:obs_status />
    <wb:decimal>0</wb:decimal>
  </wb:data>
  <wb:data>
    <wb:indicator id="SP.POP.TOTL">Population, total</wb:indicator>
    <wb:country id="MK">North Macedonia</wb:country>
    <wb:countryiso3code>MKD</wb:countryiso3code>
    <wb:date>2012</wb:date>
    <wb:value>2061044</wb:value>
    <wb:unit />
    <wb:obs_status />
    <wb:decimal>0</wb:decimal>
  </wb:data>
  <wb:data>
    <wb:indicator id="SP.POP.TOTL">Population, total</wb:indicator>
    <wb:country id="MP">Northern Mariana Islands</wb:country>
    <wb:countryiso3code>MNP</wb:countryiso3code>
    <wb:date>2012</wb:date>
    <wb:value>54306</wb:value>
    <wb:unit />
    <wb:obs_status />
    <wb:decimal>0</wb:decimal>
  </wb:data>
  <wb:data>
    <wb:indicator id="SP.POP.TOTL">Population, total</wb:indicator>
    <wb:country id="NO">Norway</wb:country>
    <wb:countryiso3code>NOR</wb:countryiso3code>
    <wb:date>2012</wb:date>
    <wb:value>5018573</wb:value>
    <wb:unit />
    <wb:obs_status />
    <wb:decimal>0</wb:decimal>
  </wb:data>
  <wb:data>
    <wb:indicator id="SP.POP.TOTL">Population, total</wb:indicator>
    <wb:country id="OM">Oman</wb:country>
    <wb:countryiso3code>OMN</wb:countryiso3code>
    <wb:date>2012</wb:date>
    <wb:value>3498031</wb:value>
    <wb:unit />
    <wb:obs_status />
    <wb:decimal>0</wb:decimal>
  </wb:data>
  <wb:data>
    <wb:indicator id="SP.POP.TOTL">Population, total</wb:indicator>
    <wb:country id="PK">Pakistan</wb:country>
    <wb:countryiso3code>PAK</wb:countryiso3code>
    <wb:date>2012</wb:date>
    <wb:value>187280125</wb:value>
    <wb:unit />
    <wb:obs_status />
    <wb:decimal>0</wb:decimal>
  </wb:data>
  <wb:data>
    <wb:indicator id="SP.POP.TOTL">Population, total</wb:indicator>
    <wb:country id="PW">Palau</wb:country>
    <wb:countryiso3code>PLW</wb:countryiso3code>
    <wb:date>2012</wb:date>
    <wb:value>17635</wb:value>
    <wb:unit />
    <wb:obs_status />
    <wb:decimal>0</wb:decimal>
  </wb:data>
  <wb:data>
    <wb:indicator id="SP.POP.TOTL">Population, total</wb:indicator>
    <wb:country id="PA">Panama</wb:country>
    <wb:countryiso3code>PAN</wb:countryiso3code>
    <wb:date>2012</wb:date>
    <wb:value>3770635</wb:value>
    <wb:unit />
    <wb:obs_status />
    <wb:decimal>0</wb:decimal>
  </wb:data>
  <wb:data>
    <wb:indicator id="SP.POP.TOTL">Population, total</wb:indicator>
    <wb:country id="PG">Papua New Guinea</wb:country>
    <wb:countryiso3code>PNG</wb:countryiso3code>
    <wb:date>2012</wb:date>
    <wb:value>7631003</wb:value>
    <wb:unit />
    <wb:obs_status />
    <wb:decimal>0</wb:decimal>
  </wb:data>
  <wb:data>
    <wb:indicator id="SP.POP.TOTL">Population, total</wb:indicator>
    <wb:country id="PY">Paraguay</wb:country>
    <wb:countryiso3code>PRY</wb:countryiso3code>
    <wb:date>2012</wb:date>
    <wb:value>6421510</wb:value>
    <wb:unit />
    <wb:obs_status />
    <wb:decimal>0</wb:decimal>
  </wb:data>
  <wb:data>
    <wb:indicator id="SP.POP.TOTL">Population, total</wb:indicator>
    <wb:country id="PE">Peru</wb:country>
    <wb:countryiso3code>PER</wb:countryiso3code>
    <wb:date>2012</wb:date>
    <wb:value>29506790</wb:value>
    <wb:unit />
    <wb:obs_status />
    <wb:decimal>0</wb:decimal>
  </wb:data>
  <wb:data>
    <wb:indicator id="SP.POP.TOTL">Population, total</wb:indicator>
    <wb:country id="PH">Philippines</wb:country>
    <wb:countryiso3code>PHL</wb:countryiso3code>
    <wb:date>2012</wb:date>
    <wb:value>97212639</wb:value>
    <wb:unit />
    <wb:obs_status />
    <wb:decimal>0</wb:decimal>
  </wb:data>
  <wb:data>
    <wb:indicator id="SP.POP.TOTL">Population, total</wb:indicator>
    <wb:country id="PL">Poland</wb:country>
    <wb:countryiso3code>POL</wb:countryiso3code>
    <wb:date>2012</wb:date>
    <wb:value>38063164</wb:value>
    <wb:unit />
    <wb:obs_status />
    <wb:decimal>0</wb:decimal>
  </wb:data>
  <wb:data>
    <wb:indicator id="SP.POP.TOTL">Population, total</wb:indicator>
    <wb:country id="PT">Portugal</wb:country>
    <wb:countryiso3code>PRT</wb:countryiso3code>
    <wb:date>2012</wb:date>
    <wb:value>10514844</wb:value>
    <wb:unit />
    <wb:obs_status />
    <wb:decimal>0</wb:decimal>
  </wb:data>
  <wb:data>
    <wb:indicator id="SP.POP.TOTL">Population, total</wb:indicator>
    <wb:country id="PR">Puerto Rico</wb:country>
    <wb:countryiso3code>PRI</wb:countryiso3code>
    <wb:date>2012</wb:date>
    <wb:value>3634488</wb:value>
    <wb:unit />
    <wb:obs_status />
    <wb:decimal>0</wb:decimal>
  </wb:data>
  <wb:data>
    <wb:indicator id="SP.POP.TOTL">Population, total</wb:indicator>
    <wb:country id="QA">Qatar</wb:country>
    <wb:countryiso3code>QAT</wb:countryiso3code>
    <wb:date>2012</wb:date>
    <wb:value>2196078</wb:value>
    <wb:unit />
    <wb:obs_status />
    <wb:decimal>0</wb:decimal>
  </wb:data>
  <wb:data>
    <wb:indicator id="SP.POP.TOTL">Population, total</wb:indicator>
    <wb:country id="RO">Romania</wb:country>
    <wb:countryiso3code>ROU</wb:countryiso3code>
    <wb:date>2012</wb:date>
    <wb:value>20058035</wb:value>
    <wb:unit />
    <wb:obs_status />
    <wb:decimal>0</wb:decimal>
  </wb:data>
  <wb:data>
    <wb:indicator id="SP.POP.TOTL">Population, total</wb:indicator>
    <wb:country id="RU">Russian Federation</wb:country>
    <wb:countryiso3code>RUS</wb:countryiso3code>
    <wb:date>2012</wb:date>
    <wb:value>143201721</wb:value>
    <wb:unit />
    <wb:obs_status />
    <wb:decimal>0</wb:decimal>
  </wb:data>
  <wb:data>
    <wb:indicator id="SP.POP.TOTL">Population, total</wb:indicator>
    <wb:country id="RW">Rwanda</wb:country>
    <wb:countryiso3code>RWA</wb:countryiso3code>
    <wb:date>2012</wb:date>
    <wb:value>10549668</wb:value>
    <wb:unit />
    <wb:obs_status />
    <wb:decimal>0</wb:decimal>
  </wb:data>
  <wb:data>
    <wb:indicator id="SP.POP.TOTL">Population, total</wb:indicator>
    <wb:country id="WS">Samoa</wb:country>
    <wb:countryiso3code>WSM</wb:countryiso3code>
    <wb:date>2012</wb:date>
    <wb:value>189089</wb:value>
    <wb:unit />
    <wb:obs_status />
    <wb:decimal>0</wb:decimal>
  </wb:data>
  <wb:data>
    <wb:indicator id="SP.POP.TOTL">Population, total</wb:indicator>
    <wb:country id="SM">San Marino</wb:country>
    <wb:countryiso3code>SMR</wb:countryiso3code>
    <wb:date>2012</wb:date>
    <wb:value>32103</wb:value>
    <wb:unit />
    <wb:obs_status />
    <wb:decimal>0</wb:decimal>
  </wb:data>
  <wb:data>
    <wb:indicator id="SP.POP.TOTL">Population, total</wb:indicator>
    <wb:country id="ST">Sao Tome and Principe</wb:country>
    <wb:countryiso3code>STP</wb:countryiso3code>
    <wb:date>2012</wb:date>
    <wb:value>188394</wb:value>
    <wb:unit />
    <wb:obs_status />
    <wb:decimal>0</wb:decimal>
  </wb:data>
  <wb:data>
    <wb:indicator id="SP.POP.TOTL">Population, total</wb:indicator>
    <wb:country id="SA">Saudi Arabia</wb:country>
    <wb:countryiso3code>SAU</wb:countryiso3code>
    <wb:date>2012</wb:date>
    <wb:value>29154906</wb:value>
    <wb:unit />
    <wb:obs_status />
    <wb:decimal>0</wb:decimal>
  </wb:data>
  <wb:data>
    <wb:indicator id="SP.POP.TOTL">Population, total</wb:indicator>
    <wb:country id="SN">Senegal</wb:country>
    <wb:countryiso3code>SEN</wb:countryiso3code>
    <wb:date>2012</wb:date>
    <wb:value>13401990</wb:value>
    <wb:unit />
    <wb:obs_status />
    <wb:decimal>0</wb:decimal>
  </wb:data>
  <wb:data>
    <wb:indicator id="SP.POP.TOTL">Population, total</wb:indicator>
    <wb:country id="RS">Serbia</wb:country>
    <wb:countryiso3code>SRB</wb:countryiso3code>
    <wb:date>2012</wb:date>
    <wb:value>7199077</wb:value>
    <wb:unit />
    <wb:obs_status />
    <wb:decimal>0</wb:decimal>
  </wb:data>
  <wb:data>
    <wb:indicator id="SP.POP.TOTL">Population, total</wb:indicator>
    <wb:country id="SC">Seychelles</wb:country>
    <wb:countryiso3code>SYC</wb:countryiso3code>
    <wb:date>2012</wb:date>
    <wb:value>88303</wb:value>
    <wb:unit />
    <wb:obs_status />
    <wb:decimal>0</wb:decimal>
  </wb:data>
  <wb:data>
    <wb:indicator id="SP.POP.TOTL">Population, total</wb:indicator>
    <wb:country id="SL">Sierra Leone</wb:country>
    <wb:countryiso3code>SLE</wb:countryiso3code>
    <wb:date>2012</wb:date>
    <wb:value>6712586</wb:value>
    <wb:unit />
    <wb:obs_status />
    <wb:decimal>0</wb:decimal>
  </wb:data>
  <wb:data>
    <wb:indicator id="SP.POP.TOTL">Population, total</wb:indicator>
    <wb:country id="SG">Singapore</wb:country>
    <wb:countryiso3code>SGP</wb:countryiso3code>
    <wb:date>2012</wb:date>
    <wb:value>5312437</wb:value>
    <wb:unit />
    <wb:obs_status />
    <wb:decimal>0</wb:decimal>
  </wb:data>
  <wb:data>
    <wb:indicator id="SP.POP.TOTL">Population, total</wb:indicator>
    <wb:country id="SX">Sint Maarten (Dutch part)</wb:country>
    <wb:countryiso3code>SXM</wb:countryiso3code>
    <wb:date>2012</wb:date>
    <wb:value>34640</wb:value>
    <wb:unit />
    <wb:obs_status />
    <wb:decimal>0</wb:decimal>
  </wb:data>
  <wb:data>
    <wb:indicator id="SP.POP.TOTL">Population, total</wb:indicator>
    <wb:country id="SK">Slovak Republic</wb:country>
    <wb:countryiso3code>SVK</wb:countryiso3code>
    <wb:date>2012</wb:date>
    <wb:value>5407579</wb:value>
    <wb:unit />
    <wb:obs_status />
    <wb:decimal>0</wb:decimal>
  </wb:data>
  <wb:data>
    <wb:indicator id="SP.POP.TOTL">Population, total</wb:indicator>
    <wb:country id="SI">Slovenia</wb:country>
    <wb:countryiso3code>SVN</wb:countryiso3code>
    <wb:date>2012</wb:date>
    <wb:value>2057159</wb:value>
    <wb:unit />
    <wb:obs_status />
    <wb:decimal>0</wb:decimal>
  </wb:data>
  <wb:data>
    <wb:indicator id="SP.POP.TOTL">Population, total</wb:indicator>
    <wb:country id="SB">Solomon Islands</wb:country>
    <wb:countryiso3code>SLB</wb:countryiso3code>
    <wb:date>2012</wb:date>
    <wb:value>556066</wb:value>
    <wb:unit />
    <wb:obs_status />
    <wb:decimal>0</wb:decimal>
  </wb:data>
  <wb:data>
    <wb:indicator id="SP.POP.TOTL">Population, total</wb:indicator>
    <wb:country id="SO">Somalia</wb:country>
    <wb:countryiso3code>SOM</wb:countryiso3code>
    <wb:date>2012</wb:date>
    <wb:value>12715487</wb:value>
    <wb:unit />
    <wb:obs_status />
    <wb:decimal>0</wb:decimal>
  </wb:data>
  <wb:data>
    <wb:indicator id="SP.POP.TOTL">Population, total</wb:indicator>
    <wb:country id="ZA">South Africa</wb:country>
    <wb:countryiso3code>ZAF</wb:countryiso3code>
    <wb:date>2012</wb:date>
    <wb:value>52832659</wb:value>
    <wb:unit />
    <wb:obs_status />
    <wb:decimal>0</wb:decimal>
  </wb:data>
  <wb:data>
    <wb:indicator id="SP.POP.TOTL">Population, total</wb:indicator>
    <wb:country id="SS">South Sudan</wb:country>
    <wb:countryiso3code>SSD</wb:countryiso3code>
    <wb:date>2012</wb:date>
    <wb:value>10113648</wb:value>
    <wb:unit />
    <wb:obs_status />
    <wb:decimal>0</wb:decimal>
  </wb:data>
  <wb:data>
    <wb:indicator id="SP.POP.TOTL">Population, total</wb:indicator>
    <wb:country id="ES">Spain</wb:country>
    <wb:countryiso3code>ESP</wb:countryiso3code>
    <wb:date>2012</wb:date>
    <wb:value>46773055</wb:value>
    <wb:unit />
    <wb:obs_status />
    <wb:decimal>0</wb:decimal>
  </wb:data>
  <wb:data>
    <wb:indicator id="SP.POP.TOTL">Population, total</wb:indicator>
    <wb:country id="LK">Sri Lanka</wb:country>
    <wb:countryiso3code>LKA</wb:countryiso3code>
    <wb:date>2012</wb:date>
    <wb:value>20425000</wb:value>
    <wb:unit />
    <wb:obs_status />
    <wb:decimal>0</wb:decimal>
  </wb:data>
  <wb:data>
    <wb:indicator id="SP.POP.TOTL">Population, total</wb:indicator>
    <wb:country id="KN">St. Kitts and Nevis</wb:country>
    <wb:countryiso3code>KNA</wb:countryiso3code>
    <wb:date>2012</wb:date>
    <wb:value>49881</wb:value>
    <wb:unit />
    <wb:obs_status />
    <wb:decimal>0</wb:decimal>
  </wb:data>
  <wb:data>
    <wb:indicator id="SP.POP.TOTL">Population, total</wb:indicator>
    <wb:country id="LC">St. Lucia</wb:country>
    <wb:countryiso3code>LCA</wb:countryiso3code>
    <wb:date>2012</wb:date>
    <wb:value>176654</wb:value>
    <wb:unit />
    <wb:obs_status />
    <wb:decimal>0</wb:decimal>
  </wb:data>
  <wb:data>
    <wb:indicator id="SP.POP.TOTL">Population, total</wb:indicator>
    <wb:country id="MF">St. Martin (French part)</wb:country>
    <wb:countryiso3code>MAF</wb:countryiso3code>
    <wb:date>2012</wb:date>
    <wb:value>37012</wb:value>
    <wb:unit />
    <wb:obs_status />
    <wb:decimal>0</wb:decimal>
  </wb:data>
  <wb:data>
    <wb:indicator id="SP.POP.TOTL">Population, total</wb:indicator>
    <wb:country id="VC">St. Vincent and the Grenadines</wb:country>
    <wb:countryiso3code>VCT</wb:countryiso3code>
    <wb:date>2012</wb:date>
    <wb:value>108435</wb:value>
    <wb:unit />
    <wb:obs_status />
    <wb:decimal>0</wb:decimal>
  </wb:data>
  <wb:data>
    <wb:indicator id="SP.POP.TOTL">Population, total</wb:indicator>
    <wb:country id="SD">Sudan</wb:country>
    <wb:countryiso3code>SDN</wb:countryiso3code>
    <wb:date>2012</wb:date>
    <wb:value>36193781</wb:value>
    <wb:unit />
    <wb:obs_status />
    <wb:decimal>0</wb:decimal>
  </wb:data>
  <wb:data>
    <wb:indicator id="SP.POP.TOTL">Population, total</wb:indicator>
    <wb:country id="SR">Suriname</wb:country>
    <wb:countryiso3code>SUR</wb:countryiso3code>
    <wb:date>2012</wb:date>
    <wb:value>541247</wb:value>
    <wb:unit />
    <wb:obs_status />
    <wb:decimal>0</wb:decimal>
  </wb:data>
  <wb:data>
    <wb:indicator id="SP.POP.TOTL">Population, total</wb:indicator>
    <wb:country id="SE">Sweden</wb:country>
    <wb:countryiso3code>SWE</wb:countryiso3code>
    <wb:date>2012</wb:date>
    <wb:value>9519374</wb:value>
    <wb:unit />
    <wb:obs_status />
    <wb:decimal>0</wb:decimal>
  </wb:data>
  <wb:data>
    <wb:indicator id="SP.POP.TOTL">Population, total</wb:indicator>
    <wb:country id="CH">Switzerland</wb:country>
    <wb:countryiso3code>CHE</wb:countryiso3code>
    <wb:date>2012</wb:date>
    <wb:value>7996861</wb:value>
    <wb:unit />
    <wb:obs_status />
    <wb:decimal>0</wb:decimal>
  </wb:data>
  <wb:data>
    <wb:indicator id="SP.POP.TOTL">Population, total</wb:indicator>
    <wb:country id="SY">Syrian Arab Republic</wb:country>
    <wb:countryiso3code>SYR</wb:countryiso3code>
    <wb:date>2012</wb:date>
    <wb:value>20438861</wb:value>
    <wb:unit />
    <wb:obs_status />
    <wb:decimal>0</wb:decimal>
  </wb:data>
  <wb:data>
    <wb:indicator id="SP.POP.TOTL">Population, total</wb:indicator>
    <wb:country id="TJ">Tajikistan</wb:country>
    <wb:countryiso3code>TJK</wb:countryiso3code>
    <wb:date>2012</wb:date>
    <wb:value>7874838</wb:value>
    <wb:unit />
    <wb:obs_status />
    <wb:decimal>0</wb:decimal>
  </wb:data>
  <wb:data>
    <wb:indicator id="SP.POP.TOTL">Population, total</wb:indicator>
    <wb:country id="TZ">Tanzania</wb:country>
    <wb:countryiso3code>TZA</wb:countryiso3code>
    <wb:date>2012</wb:date>
    <wb:value>47053033</wb:value>
    <wb:unit />
    <wb:obs_status />
    <wb:decimal>0</wb:decimal>
  </wb:data>
  <wb:data>
    <wb:indicator id="SP.POP.TOTL">Population, total</wb:indicator>
    <wb:country id="TH">Thailand</wb:country>
    <wb:countryiso3code>THA</wb:countryiso3code>
    <wb:date>2012</wb:date>
    <wb:value>67835969</wb:value>
    <wb:unit />
    <wb:obs_status />
    <wb:decimal>0</wb:decimal>
  </wb:data>
  <wb:data>
    <wb:indicator id="SP.POP.TOTL">Population, total</wb:indicator>
    <wb:country id="TL">Timor-Leste</wb:country>
    <wb:countryiso3code>TLS</wb:countryiso3code>
    <wb:date>2012</wb:date>
    <wb:value>1133002</wb:value>
    <wb:unit />
    <wb:obs_status />
    <wb:decimal>0</wb:decimal>
  </wb:data>
  <wb:data>
    <wb:indicator id="SP.POP.TOTL">Population, total</wb:indicator>
    <wb:country id="TG">Togo</wb:country>
    <wb:countryiso3code>TGO</wb:countryiso3code>
    <wb:date>2012</wb:date>
    <wb:value>6773807</wb:value>
    <wb:unit />
    <wb:obs_status />
    <wb:decimal>0</wb:decimal>
  </wb:data>
  <wb:data>
    <wb:indicator id="SP.POP.TOTL">Population, total</wb:indicator>
    <wb:country id="TO">Tonga</wb:country>
    <wb:countryiso3code>TON</wb:countryiso3code>
    <wb:date>2012</wb:date>
    <wb:value>102736</wb:value>
    <wb:unit />
    <wb:obs_status />
    <wb:decimal>0</wb:decimal>
  </wb:data>
  <wb:data>
    <wb:indicator id="SP.POP.TOTL">Population, total</wb:indicator>
    <wb:country id="TT">Trinidad and Tobago</wb:country>
    <wb:countryiso3code>TTO</wb:countryiso3code>
    <wb:date>2012</wb:date>
    <wb:value>1344814</wb:value>
    <wb:unit />
    <wb:obs_status />
    <wb:decimal>0</wb:decimal>
  </wb:data>
  <wb:data>
    <wb:indicator id="SP.POP.TOTL">Population, total</wb:indicator>
    <wb:country id="TN">Tunisia</wb:country>
    <wb:countryiso3code>TUN</wb:countryiso3code>
    <wb:date>2012</wb:date>
    <wb:value>10846993</wb:value>
    <wb:unit />
    <wb:obs_status />
    <wb:decimal>0</wb:decimal>
  </wb:data>
  <wb:data>
    <wb:indicator id="SP.POP.TOTL">Population, total</wb:indicator>
    <wb:country id="TR">Turkiye</wb:country>
    <wb:countryiso3code>TUR</wb:countryiso3code>
    <wb:date>2012</wb:date>
    <wb:value>74651046</wb:value>
    <wb:unit />
    <wb:obs_status />
    <wb:decimal>0</wb:decimal>
  </wb:data>
  <wb:data>
    <wb:indicator id="SP.POP.TOTL">Population, total</wb:indicator>
    <wb:country id="TM">Turkmenistan</wb:country>
    <wb:countryiso3code>TKM</wb:countryiso3code>
    <wb:date>2012</wb:date>
    <wb:value>5267906</wb:value>
    <wb:unit />
    <wb:obs_status />
    <wb:decimal>0</wb:decimal>
  </wb:data>
  <wb:data>
    <wb:indicator id="SP.POP.TOTL">Population, total</wb:indicator>
    <wb:country id="TC">Turks and Caicos Islands</wb:country>
    <wb:countryiso3code>TCA</wb:countryiso3code>
    <wb:date>2012</wb:date>
    <wb:value>34067</wb:value>
    <wb:unit />
    <wb:obs_status />
    <wb:decimal>0</wb:decimal>
  </wb:data>
  <wb:data>
    <wb:indicator id="SP.POP.TOTL">Population, total</wb:indicator>
    <wb:country id="TV">Tuvalu</wb:country>
    <wb:countryiso3code>TUV</wb:countryiso3code>
    <wb:date>2012</wb:date>
    <wb:value>10744</wb:value>
    <wb:unit />
    <wb:obs_status />
    <wb:decimal>0</wb:decimal>
  </wb:data>
  <wb:data>
    <wb:indicator id="SP.POP.TOTL">Population, total</wb:indicator>
    <wb:country id="UG">Uganda</wb:country>
    <wb:countryiso3code>UGA</wb:countryiso3code>
    <wb:date>2012</wb:date>
    <wb:value>34558700</wb:value>
    <wb:unit />
    <wb:obs_status />
    <wb:decimal>0</wb:decimal>
  </wb:data>
  <wb:data>
    <wb:indicator id="SP.POP.TOTL">Population, total</wb:indicator>
    <wb:country id="UA">Ukraine</wb:country>
    <wb:countryiso3code>UKR</wb:countryiso3code>
    <wb:date>2012</wb:date>
    <wb:value>45593342</wb:value>
    <wb:unit />
    <wb:obs_status />
    <wb:decimal>0</wb:decimal>
  </wb:data>
  <wb:data>
    <wb:indicator id="SP.POP.TOTL">Population, total</wb:indicator>
    <wb:country id="AE">United Arab Emirates</wb:country>
    <wb:countryiso3code>ARE</wb:countryiso3code>
    <wb:date>2012</wb:date>
    <wb:value>9141598</wb:value>
    <wb:unit />
    <wb:obs_status />
    <wb:decimal>0</wb:decimal>
  </wb:data>
  <wb:data>
    <wb:indicator id="SP.POP.TOTL">Population, total</wb:indicator>
    <wb:country id="GB">United Kingdom</wb:country>
    <wb:countryiso3code>GBR</wb:countryiso3code>
    <wb:date>2012</wb:date>
    <wb:value>63700215</wb:value>
    <wb:unit />
    <wb:obs_status />
    <wb:decimal>0</wb:decimal>
  </wb:data>
  <wb:data>
    <wb:indicator id="SP.POP.TOTL">Population, total</wb:indicator>
    <wb:country id="US">United States</wb:country>
    <wb:countryiso3code>USA</wb:countryiso3code>
    <wb:date>2012</wb:date>
    <wb:value>313877662</wb:value>
    <wb:unit />
    <wb:obs_status />
    <wb:decimal>0</wb:decimal>
  </wb:data>
  <wb:data>
    <wb:indicator id="SP.POP.TOTL">Population, total</wb:indicator>
    <wb:country id="UY">Uruguay</wb:country>
    <wb:countryiso3code>URY</wb:countryiso3code>
    <wb:date>2012</wb:date>
    <wb:value>3378975</wb:value>
    <wb:unit />
    <wb:obs_status />
    <wb:decimal>0</wb:decimal>
  </wb:data>
  <wb:data>
    <wb:indicator id="SP.POP.TOTL">Population, total</wb:indicator>
    <wb:country id="UZ">Uzbekistan</wb:country>
    <wb:countryiso3code>UZB</wb:countryiso3code>
    <wb:date>2012</wb:date>
    <wb:value>29774500</wb:value>
    <wb:unit />
    <wb:obs_status />
    <wb:decimal>0</wb:decimal>
  </wb:data>
  <wb:data>
    <wb:indicator id="SP.POP.TOTL">Population, total</wb:indicator>
    <wb:country id="VU">Vanuatu</wb:country>
    <wb:countryiso3code>VUT</wb:countryiso3code>
    <wb:date>2012</wb:date>
    <wb:value>249505</wb:value>
    <wb:unit />
    <wb:obs_status />
    <wb:decimal>0</wb:decimal>
  </wb:data>
  <wb:data>
    <wb:indicator id="SP.POP.TOTL">Population, total</wb:indicator>
    <wb:country id="VE">Venezuela, RB</wb:country>
    <wb:countryiso3code>VEN</wb:countryiso3code>
    <wb:date>2012</wb:date>
    <wb:value>29360827</wb:value>
    <wb:unit />
    <wb:obs_status />
    <wb:decimal>0</wb:decimal>
  </wb:data>
  <wb:data>
    <wb:indicator id="SP.POP.TOTL">Population, total</wb:indicator>
    <wb:country id="VN">Vietnam</wb:country>
    <wb:countryiso3code>VNM</wb:countryiso3code>
    <wb:date>2012</wb:date>
    <wb:value>89801926</wb:value>
    <wb:unit />
    <wb:obs_status />
    <wb:decimal>0</wb:decimal>
  </wb:data>
  <wb:data>
    <wb:indicator id="SP.POP.TOTL">Population, total</wb:indicator>
    <wb:country id="VI">Virgin Islands (U.S.)</wb:country>
    <wb:countryiso3code>VIR</wb:countryiso3code>
    <wb:date>2012</wb:date>
    <wb:value>108188</wb:value>
    <wb:unit />
    <wb:obs_status />
    <wb:decimal>0</wb:decimal>
  </wb:data>
  <wb:data>
    <wb:indicator id="SP.POP.TOTL">Population, total</wb:indicator>
    <wb:country id="PS">West Bank and Gaza</wb:country>
    <wb:countryiso3code>PSE</wb:countryiso3code>
    <wb:date>2012</wb:date>
    <wb:value>3979998</wb:value>
    <wb:unit />
    <wb:obs_status />
    <wb:decimal>0</wb:decimal>
  </wb:data>
  <wb:data>
    <wb:indicator id="SP.POP.TOTL">Population, total</wb:indicator>
    <wb:country id="YE">Yemen, Rep.</wb:country>
    <wb:countryiso3code>YEM</wb:countryiso3code>
    <wb:date>2012</wb:date>
    <wb:value>24473176</wb:value>
    <wb:unit />
    <wb:obs_status />
    <wb:decimal>0</wb:decimal>
  </wb:data>
  <wb:data>
    <wb:indicator id="SP.POP.TOTL">Population, total</wb:indicator>
    <wb:country id="ZM">Zambia</wb:country>
    <wb:countryiso3code>ZMB</wb:countryiso3code>
    <wb:date>2012</wb:date>
    <wb:value>14465148</wb:value>
    <wb:unit />
    <wb:obs_status />
    <wb:decimal>0</wb:decimal>
  </wb:data>
  <wb:data>
    <wb:indicator id="SP.POP.TOTL">Population, total</wb:indicator>
    <wb:country id="ZW">Zimbabwe</wb:country>
    <wb:countryiso3code>ZWE</wb:countryiso3code>
    <wb:date>2012</wb:date>
    <wb:value>13115149</wb:value>
    <wb:unit />
    <wb:obs_status />
    <wb:decimal>0</wb:decimal>
  </wb:data>
</wb:data>