[{"page":1,"pages":1,"per_page":50,"total":14,"sourceid":"15","lastupdated":"2025-05-08"},[{"indicator":{"id":"DPANUSSPB","value":"Exchange rate, new LCU per USD extended backward, period average,,"},"country":{"id":"BGD","value":"Bangladesh"},"countryiso3code":"","date":"2020M01","value":84.87826086957,"unit":"","obs_status":"","decimal":0},{"indicator":{"id":"DPANUSSPB","value":"Exchange rate, new LCU per USD extended backward, period average,,"},"country":{"id":"BRA","value":"Brazil"},"countryiso3code":"","date":"2020M01","value":4.15060869565,"unit":"","obs_status":"","decimal":0},{"indicator":{"id":"DPANUSSPB","value":"Exchange rate, new LCU per USD extended backward, period average,,"},"country":{"id":"CHN","value":"China"},"countryiso3code":"","date":"2020M01","value":6.93129710145,"unit":"","obs_status":"","decimal":0},{"indicator":{"id":"DPANUSSPB","value":"Exchange rate, new LCU per USD extended backward, period average,,"},"country":{"id":"EGY","value":"Egypt Arab Rep."},"countryiso3code":"","date":"2020M01","value":15.8986884058,"unit":"","obs_status":"","decimal":0},{"indicator":{"id":"DPANUSSPB","value":"Exchange rate, new LCU per USD extended backward, period average,,"},"country":{"id":"ETH","value":"Ethiopia"},"countryiso3code":"","date":"2020M01","value":32.02918115942,"unit":"","obs_status":"","decimal":0},{"indicator":{"id":"DPANUSSPB","value":"Exchange rate, new LCU per USD extended backward, period average,,"},"country":{"id":"IDN","value":"Indonesia"},"countryiso3code":"","date":"2020M01","value":13730.3550724638,"unit":"","obs_status":"","decimal":0},{"indicator":{"id":"DPANUSSPB","value":"Exchange rate, new LCU per USD extended backward, period average,,"},"country":{"id":"IND","value":"India"},"countryiso3code":"","date":"2020M01","value":71.31126811594,"unit":"","obs_status":"","decimal":0},{"indicator":{"id":"DPANUSSPB","value":"Exchange rate, new LCU per USD extended backward, period average,,"},"country":{"id":"JPN","value":"Japan"},"countryiso3code":"","date":"2020M01","value":109.26724637681,"unit":"","obs_status":"","decimal":0},{"indicator":{"id":"DPANUSSPB","value":"Exchange rate, new LCU per USD extended backward, period average,,"},"country":{"id":"MEX","value":"Mexico"},"countryiso3code":"","date":"2020M01","value":18.8175942029,"unit":"","obs_status":"","decimal":0},{"indicator":{"id":"DPANUSSPB","value":"Exchange rate, new LCU per USD extended backward, period average,,"},"country":{"id":"NGA","value":"Nigeria"},"countryiso3code":"","date":"2020M01","value":362.39920289855,"unit":"","obs_status":"","decimal":0},{"indicator":{"id":"DPANUSSPB","value":"Exchange rate, new LCU per USD extended backward, period average,,"},"country":{"id":"PAK","value":"Pakistan"},"countryiso3code":"","date":"2020M01","value":154.71338405797,"unit":"","obs_status":"","decimal":0},{"indicator":{"id":"DPANUSSPB","value":"Exchange rate, new LCU per USD extended backward, period average,,"},"country":{"id":"PHL","value":"Philippines"},"countryiso3code":"","date":"2020M01","value":50.83247101449,"unit":"","obs_status":"","decimal":0},{"indicator":{"id":"DPANUSSPB","value":"Exchange rate, new LCU per USD extended backward, period average,,"},"country":{"id":"RUS","value":"Russian Federation"},"countryiso3code":"","date":"2020M01","value":62.07637681159,"unit":"","obs_status":"","decimal":0},{"indicator":{"id":"DPANUSSPB","value":"Exchange rate, new LCU per USD extended backward, period average,,"},"country":{"id":"USA","value":"United States"},"countryiso3code":"","date":"2020M01","value":1,"unit":"","obs_status":"","decimal":0}]]