[{"page":1,"pages":1,"per_page":5000,"total":266,"sourceid":"2","lastupdated":"2025-04-15"},[{"indicator":{"id":"SP.POP.TOTL","value":"Population, total"},"country":{"id":"ZH","value":"Africa Eastern and Southern"},"countryiso3code":"AFE","date":"2020","value":694446100,"unit":"","obs_status":"","decimal":0},{"indicator":{"id":"SP.POP.TOTL","value":"Population, total"},"country":{"id":"ZI","value":"Africa Western and Central"},"countryiso3code":"AFW","date":"2020","value":474569351,"unit":"","obs_status":"","decimal":0},{"indicator":{"id":"SP.POP.TOTL","value":"Population, total"},"country":{"id":"1A","value":"Arab World"},"countryiso3code":"ARB","date":"2020","value":453723239,"unit":"","obs_status":"","decimal":0},{"indicator":{"id":"SP.POP.TOTL","value":"Population, total"},"country":{"id":"S3","value":"Caribbean small states"},"countryiso3code":"CSS","date":"2020","value":3092577,"unit":"","obs_status":"","decimal":0},{"indicator":{"id":"SP.POP.TOTL","value":"Population, total"},"country":{"id":"B8","value":"Central Europe and the Baltics"},"countryiso3code":"CEB","date":"2020","value":102046650,"unit":"","obs_status":"","decimal":0},{"indicator":{"id":"SP.POP.TOTL","value":"Population, total"},"country":{"id":"V2","value":"Early-demographic dividend"},"countryiso3code":"EAR","date":"2020","value":3396051187,"unit":"","obs_status":"","decimal":0},{"indicator":{"id":"SP.POP.TOTL","value":"Population, total"},"country":{"id":"Z4","value":"East Asia & Pacific"},"countryiso3code":"EAS","date":"2020","value":2369438682,"unit":"","obs_status":"","decimal":0},{"indicator":{"id":"SP.POP.TOTL","value":"Population, total"},"country":{"id":"4E","value":"East Asia & Pacific (excluding high income)"},"countryiso3code":"EAP","date":"2020","value":2121866294,"unit":"","obs_status":"","decimal":0},{"indicator":{"id":"SP.POP.TOTL","value":"Population, total"},"country":{"id":"T4","value":"East Asia & Pacific (IDA & IBRD countries)"},"countryiso3code":"TEA","date":"2020","value":2095759417,"unit":"","obs_status":"","decimal":0},{"indicator":{"id":"SP.POP.TOTL","value":"Population, total"},"country":{"id":"XC","value":"Euro area"},"countryiso3code":"EMU","date":"2020","value":346922366,"unit":"","obs_status":"","decimal":0},{"indicator":{"id":"SP.POP.TOTL","value":"Population, total"},"country":{"id":"Z7","value":"Europe & Central Asia"},"countryiso3code":"ECS","date":"2020","value":925088545.5,"unit":"","obs_status":"","decimal":0},{"indicator":{"id":"SP.POP.TOTL","value":"Population, total"},"country":{"id":"7E","value":"Europe & Central Asia (excluding high income)"},"countryiso3code":"ECA","date":"2020","value":250655325.5,"unit":"","obs_status":"","decimal":0},{"indicator":{"id":"SP.POP.TOTL","value":"Population, total"},"country":{"id":"T7","value":"Europe & Central Asia (IDA & IBRD countries)"},"countryiso3code":"TEC","date":"2020","value":463913014.5,"unit":"","obs_status":"","decimal":0},{"indicator":{"id":"SP.POP.TOTL","value":"Population, total"},"country":{"id":"EU","value":"European Union"},"countryiso3code":"EUU","date":"2020","value":447653554,"unit":"","obs_status":"","decimal":0},{"indicator":{"id":"SP.POP.TOTL","value":"Population, total"},"country":{"id":"F1","value":"Fragile and conflict affected situations"},"countryiso3code":"FCS","date":"2020","value":996691242,"unit":"","obs_status":"","decimal":0},{"indicator":{"id":"SP.POP.TOTL","value":"Population, total"},"country":{"id":"XE","value":"Heavily indebted poor countries (HIPC)"},"countryiso3code":"HPC","date":"2020","value":847743308,"unit":"","obs_status":"","decimal":0},{"indicator":{"id":"SP.POP.TOTL","value":"Population, total"},"country":{"id":"XD","value":"High income"},"countryiso3code":"","date":"2020","value":1389524835,"unit":"","obs_status":"","decimal":0},{"indicator":{"id":"SP.POP.TOTL","value":"Population, total"},"country":{"id":"XF","value":"IBRD only"},"countryiso3code":"IBD","date":"2020","value":4879367453,"unit":"","obs_status":"","decimal":0},{"indicator":{"id":"SP.POP.TOTL","value":"Population, total"},"country":{"id":"ZT","value":"IDA & IBRD total"},"countryiso3code":"IBT","date":"2020","value":6667541078.5,"unit":"","obs_status":"","decimal":0},{"indicator":{"id":"SP.POP.TOTL","value":"Population, total"},"country":{"id":"XH","value":"IDA blend"},"countryiso3code":"IDB","date":"2020","value":597524859,"unit":"","obs_status":"","decimal":0},{"indicator":{"id":"SP.POP.TOTL","value":"Population, total"},"country":{"id":"XI","value":"IDA only"},"countryiso3code":"IDX","date":"2020","value":1190648766.5,"unit":"","obs_status":"","decimal":0},{"indicator":{"id":"SP.POP.TOTL","value":"Population, total"},"country":{"id":"XG","value":"IDA total"},"countryiso3code":"IDA","date":"2020","value":1788173625.5,"unit":"","obs_status":"","decimal":0},{"indicator":{"id":"SP.POP.TOTL","value":"Population, total"},"country":{"id":"V3","value":"Late-demographic dividend"},"countryiso3code":"LTE","date":"2020","value":2316785459.5,"unit":"","obs_status":"","decimal":0},{"indicator":{"id":"SP.POP.TOTL","value":"Population, total"},"country":{"id":"ZJ","value":"Latin America & Caribbean"},"countryiso3code":"LCN","date":"2020","value":645497618,"unit":"","obs_status":"","decimal":0},{"indicator":{"id":"SP.POP.TOTL","value":"Population, total"},"country":{"id":"XJ","value":"Latin America & Caribbean (excluding high income)"},"countryiso3code":"LAC","date":"2020","value":583125825,"unit":"","obs_status":"","decimal":0},{"indicator":{"id":"SP.POP.TOTL","value":"Population, total"},"country":{"id":"T2","value":"Latin America & the Caribbean (IDA & IBRD countries)"},"countryiso3code":"TLA","date":"2020","value":630051021,"unit":"","obs_status":"","decimal":0},{"indicator":{"id":"SP.POP.TOTL","value":"Population, total"},"country":{"id":"XL","value":"Least developed countries: UN classification"},"countryiso3code":"LDC","date":"2020","value":1083636132,"unit":"","obs_status":"","decimal":0},{"indicator":{"id":"SP.POP.TOTL","value":"Population, total"},"country":{"id":"XO","value":"Low & middle income"},"countryiso3code":"LMY","date":"2020","value":6438169877.5,"unit":"","obs_status":"","decimal":0},{"indicator":{"id":"SP.POP.TOTL","value":"Population, total"},"country":{"id":"XM","value":"Low income"},"countryiso3code":"","date":"2020","value":679560744,"unit":"","obs_status":"","decimal":0},{"indicator":{"id":"SP.POP.TOTL","value":"Population, total"},"country":{"id":"XN","value":"Lower middle income"},"countryiso3code":"","date":"2020","value":2966396716.5,"unit":"","obs_status":"","decimal":0},{"indicator":{"id":"SP.POP.TOTL","value":"Population, total"},"country":{"id":"ZQ","value":"Middle East & North Africa"},"countryiso3code":"MEA","date":"2020","value":482334398,"unit":"","obs_status":"","decimal":0},{"indicator":{"id":"SP.POP.TOTL","value":"Population, total"},"country":{"id":"XQ","value":"Middle East & North Africa (excluding high income)"},"countryiso3code":"MNA","date":"2020","value":418461302,"unit":"","obs_status":"","decimal":0},{"indicator":{"id":"SP.POP.TOTL","value":"Population, total"},"country":{"id":"T3","value":"Middle East & North Africa (IDA & IBRD countries)"},"countryiso3code":"TMN","date":"2020","value":413658033,"unit":"","obs_status":"","decimal":0},{"indicator":{"id":"SP.POP.TOTL","value":"Population, total"},"country":{"id":"XP","value":"Middle income"},"countryiso3code":"MIC","date":"2020","value":5758609133.5,"unit":"","obs_status":"","decimal":0},{"indicator":{"id":"SP.POP.TOTL","value":"Population, total"},"country":{"id":"XU","value":"North America"},"countryiso3code":"NAC","date":"2020","value":369619953,"unit":"","obs_status":"","decimal":0},{"indicator":{"id":"SP.POP.TOTL","value":"Population, total"},"country":{"id":"XY","value":"Not classified"},"countryiso3code":"","date":"2020","value":null,"unit":"","obs_status":"","decimal":0},{"indicator":{"id":"SP.POP.TOTL","value":"Population, total"},"country":{"id":"OE","value":"OECD members"},"countryiso3code":"OED","date":"2020","value":1370013876,"unit":"","obs_status":"","decimal":0},{"indicator":{"id":"SP.POP.TOTL","value":"Population, total"},"country":{"id":"S4","value":"Other small states"},"countryiso3code":"OSS","date":"2020","value":13884095,"unit":"","obs_status":"","decimal":0},{"indicator":{"id":"SP.POP.TOTL","value":"Population, total"},"country":{"id":"S2","value":"Pacific island small states"},"countryiso3code":"PSS","date":"2020","value":2595522,"unit":"","obs_status":"","decimal":0},{"indicator":{"id":"SP.POP.TOTL","value":"Population, total"},"country":{"id":"V4","value":"Post-demographic dividend"},"countryiso3code":"PST","date":"2020","value":1117765361,"unit":"","obs_status":"","decimal":0},{"indicator":{"id":"SP.POP.TOTL","value":"Population, total"},"country":{"id":"V1","value":"Pre-demographic dividend"},"countryiso3code":"PRE","date":"2020","value":998624261,"unit":"","obs_status":"","decimal":0},{"indicator":{"id":"SP.POP.TOTL","value":"Population, total"},"country":{"id":"S1","value":"Small states"},"countryiso3code":"SST","date":"2020","value":19572194,"unit":"","obs_status":"","decimal":0},{"indicator":{"id":"SP.POP.TOTL","value":"Population, total"},"country":{"id":"8S","value":"South Asia"},"countryiso3code":"SAS","date":"2020","value":1895144142,"unit":"","obs_status":"","decimal":0},{"indicator":{"id":"SP.POP.TOTL","value":"Population, total"},"country":{"id":"T5","value":"South Asia (IDA & IBRD)"},"countryiso3code":"TSA","date":"2020","value":1895144142,"unit":"","obs_status":"","decimal":0},{"indicator":{"id":"SP.POP.TOTL","value":"Population, total"},"country":{"id":"ZG","value":"Sub-Saharan Africa"},"countryiso3code":"SSF","date":"2020","value":1169015451,"unit":"","obs_status":"","decimal":0},{"indicator":{"id":"SP.POP.TOTL","value":"Population, total"},"country":{"id":"ZF","value":"Sub-Saharan Africa (excluding high income)"},"countryiso3code":"SSA","date":"2020","value":1168916989,"unit":"","obs_status":"","decimal":0},{"indicator":{"id":"SP.POP.TOTL","value":"Population, total"},"country":{"id":"T6","value":"Sub-Saharan Africa (IDA & IBRD countries)"},"countryiso3code":"TSS","date":"2020","value":1169015451,"unit":"","obs_status":"","decimal":0},{"indicator":{"id":"SP.POP.TOTL","value":"Population, total"},"country":{"id":"XT","value":"Upper middle income"},"countryiso3code":"","date":"2020","value":2792212417,"unit":"","obs_status":"","decimal":0},{"indicator":{"id":"SP.POP.TOTL","value":"Population, total"},"country":{"id":"1W","value":"World"},"countryiso3code":"WLD","date":"2020","value":7856138789.5,"unit":"","obs_status":"","decimal":0},{"indicator":{"id":"SP.POP.TOTL","value":"Population, total"},"country":{"id":"AF","value":"Afghanistan"},"countryiso3code":"AFG","date":"2020","value":39068979,"unit":"","obs_status":"","decimal":0},{"indicator":{"id":"SP.POP.TOTL","value":"Population, total"},"country":{"id":"AL","value":"Albania"},"countryiso3code":"ALB","date":"2020","value":2837849,"unit":"","obs_status":"","decimal":0},{"indicator":{"id":"SP.POP.TOTL","value":"Population, total"},"country":{"id":"DZ","value":"Algeria"},"countryiso3code":"DZA","date":"2020","value":44042091,"unit":"","obs_status":"","decimal":0},{"indicator":{"id":"SP.POP.TOTL","value":"Population, total"},"country":{"id":"AS","value":"American Samoa"},"countryiso3code":"ASM","date":"2020","value":49761,"unit":"","obs_status":"","decimal":0},{"indicator":{"id":"SP.POP.TOTL","value":"Population, total"},"country":{"id":"AD","value":"Andorra"},"countryiso3code":"AND","date":"2020","value":77380,"unit":"","obs_status":"","decimal":0},{"indicator":{"id":"SP.POP.TOTL","value":"Population, total"},"country":{"id":"AO","value":"Angola"},"countryiso3code":"AGO","date":"2020","value":33451132,"unit":"","obs_status":"","decimal":0},{"indicator":{"id":"SP.POP.TOTL","value":"Population, total"},"country":{"id":"AG","value":"Antigua and Barbuda"},"countryiso3code":"ATG","date":"2020","value":91846,"unit":"","obs_status":"","decimal":0},{"indicator":{"id":"SP.POP.TOTL","value":"Population, total"},"country":{"id":"AR","value":"Argentina"},"countryiso3code":"ARG","date":"2020","value":45191965,"unit":"","obs_status":"","decimal":0},{"indicator":{"id":"SP.POP.TOTL","value":"Population, total"},"country":{"id":"AM","value":"Armenia"},"countryiso3code":"ARM","date":"2020","value":2961500,"unit":"","obs_status":"","decimal":0},{"indicator":{"id":"SP.POP.TOTL","value":"Population, total"},"country":{"id":"AW","value":"Aruba"},"countryiso3code":"ABW","date":"2020","value":108587,"unit":"","obs_status":"","decimal":0},{"indicator":{"id":"SP.POP.TOTL","value":"Population, total"},"country":{"id":"AU","value":"Australia"},"countryiso3code":"AUS","date":"2020","value":25649248,"unit":"","obs_status":"","decimal":0},{"indicator":{"id":"SP.POP.TOTL","value":"Population, total"},"country":{"id":"AT","value":"Austria"},"countryiso3code":"AUT","date":"2020","value":8916864,"unit":"","obs_status":"","decimal":0},{"indicator":{"id":"SP.POP.TOTL","value":"Population, total"},"country":{"id":"AZ","value":"Azerbaijan"},"countryiso3code":"AZE","date":"2020","value":10093121,"unit":"","obs_status":"","decimal":0},{"indicator":{"id":"SP.POP.TOTL","value":"Population, total"},"country":{"id":"BS","value":"Bahamas, The"},"countryiso3code":"BHS","date":"2020","value":395863,"unit":"","obs_status":"","decimal":0},{"indicator":{"id":"SP.POP.TOTL","value":"Population, total"},"country":{"id":"BH","value":"Bahrain"},"countryiso3code":"BHR","date":"2020","value":1472204,"unit":"","obs_status":"","decimal":0},{"indicator":{"id":"SP.POP.TOTL","value":"Population, total"},"country":{"id":"BD","value":"Bangladesh"},"countryiso3code":"BGD","date":"2020","value":166298024,"unit":"","obs_status":"","decimal":0},{"indicator":{"id":"SP.POP.TOTL","value":"Population, total"},"country":{"id":"BB","value":"Barbados"},"countryiso3code":"BRB","date":"2020","value":281698,"unit":"","obs_status":"","decimal":0},{"indicator":{"id":"SP.POP.TOTL","value":"Population, total"},"country":{"id":"BY","value":"Belarus"},"countryiso3code":"BLR","date":"2020","value":9379952,"unit":"","obs_status":"","decimal":0},{"indicator":{"id":"SP.POP.TOTL","value":"Population, total"},"country":{"id":"BE","value":"Belgium"},"countryiso3code":"BEL","date":"2020","value":11538604,"unit":"","obs_status":"","decimal":0},{"indicator":{"id":"SP.POP.TOTL","value":"Population, total"},"country":{"id":"BZ","value":"Belize"},"countryiso3code":"BLZ","date":"2020","value":390812,"unit":"","obs_status":"","decimal":0},{"indicator":{"id":"SP.POP.TOTL","value":"Population, total"},"country":{"id":"BJ","value":"Benin"},"countryiso3code":"BEN","date":"2020","value":13070169,"unit":"","obs_status":"","decimal":0},{"indicator":{"id":"SP.POP.TOTL","value":"Population, total"},"country":{"id":"BM","value":"Bermuda"},"countryiso3code":"BMU","date":"2020","value":64382,"unit":"","obs_status":"","decimal":0},{"indicator":{"id":"SP.POP.TOTL","value":"Population, total"},"country":{"id":"BT","value":"Bhutan"},"countryiso3code":"BTN","date":"2020","value":770006,"unit":"","obs_status":"","decimal":0},{"indicator":{"id":"SP.POP.TOTL","value":"Population, total"},"country":{"id":"BO","value":"Bolivia"},"countryiso3code":"BOL","date":"2020","value":11816299,"unit":"","obs_status":"","decimal":0},{"indicator":{"id":"SP.POP.TOTL","value":"Population, total"},"country":{"id":"BA","value":"Bosnia and Herzegovina"},"countryiso3code":"BIH","date":"2020","value":3299349,"unit":"","obs_status":"","decimal":0},{"indicator":{"id":"SP.POP.TOTL","value":"Population, total"},"country":{"id":"BW","value":"Botswana"},"countryiso3code":"BWA","date":"2020","value":2365894,"unit":"","obs_status":"","decimal":0},{"indicator":{"id":"SP.POP.TOTL","value":"Population, total"},"country":{"id":"BR","value":"Brazil"},"countryiso3code":"BRA","date":"2020","value":208660842,"unit":"","obs_status":"","decimal":0},{"indicator":{"id":"SP.POP.TOTL","value":"Population, total"},"country":{"id":"VG","value":"British Virgin Islands"},"countryiso3code":"VGB","date":"2020","value":37135,"unit":"","obs_status":"","decimal":0},{"indicator":{"id":"SP.POP.TOTL","value":"Population, total"},"country":{"id":"BN","value":"Brunei Darussalam"},"countryiso3code":"BRN","date":"2020","value":447404,"unit":"","obs_status":"","decimal":0},{"indicator":{"id":"SP.POP.TOTL","value":"Population, total"},"country":{"id":"BG","value":"Bulgaria"},"countryiso3code":"BGR","date":"2020","value":6934015,"unit":"","obs_status":"","decimal":0},{"indicator":{"id":"SP.POP.TOTL","value":"Population, total"},"country":{"id":"BF","value":"Burkina Faso"},"countryiso3code":"BFA","date":"2020","value":21478690,"unit":"","obs_status":"","decimal":0},{"indicator":{"id":"SP.POP.TOTL","value":"Population, total"},"country":{"id":"BI","value":"Burundi"},"countryiso3code":"BDI","date":"2020","value":12617036,"unit":"","obs_status":"","decimal":0},{"indicator":{"id":"SP.POP.TOTL","value":"Population, total"},"country":{"id":"CV","value":"Cabo Verde"},"countryiso3code":"CPV","date":"2020","value":514679,"unit":"","obs_status":"","decimal":0},{"indicator":{"id":"SP.POP.TOTL","value":"Population, total"},"country":{"id":"KH","value":"Cambodia"},"countryiso3code":"KHM","date":"2020","value":16725474,"unit":"","obs_status":"","decimal":0},{"indicator":{"id":"SP.POP.TOTL","value":"Population, total"},"country":{"id":"CM","value":"Cameroon"},"countryiso3code":"CMR","date":"2020","value":26210558,"unit":"","obs_status":"","decimal":0},{"indicator":{"id":"SP.POP.TOTL","value":"Population, total"},"country":{"id":"CA","value":"Canada"},"countryiso3code":"CAN","date":"2020","value":38028638,"unit":"","obs_status":"","decimal":0},{"indicator":{"id":"SP.POP.TOTL","value":"Population, total"},"country":{"id":"KY","value":"Cayman Islands"},"countryiso3code":"CYM","date":"2020","value":68684,"unit":"","obs_status":"","decimal":0},{"indicator":{"id":"SP.POP.TOTL","value":"Population, total"},"country":{"id":"CF","value":"Central African Republic"},"countryiso3code":"CAF","date":"2020","value":5026628,"unit":"","obs_status":"","decimal":0},{"indicator":{"id":"SP.POP.TOTL","value":"Population, total"},"country":{"id":"TD","value":"Chad"},"countryiso3code":"TCD","date":"2020","value":17224679,"unit":"","obs_status":"","decimal":0},{"indicator":{"id":"SP.POP.TOTL","value":"Population, total"},"country":{"id":"JG","value":"Channel Islands"},"countryiso3code":"CHI","date":"2020","value":166235,"unit":"","obs_status":"","decimal":0},{"indicator":{"id":"SP.POP.TOTL","value":"Population, total"},"country":{"id":"CL","value":"Chile"},"countryiso3code":"CHL","date":"2020","value":19370624,"unit":"","obs_status":"","decimal":0},{"indicator":{"id":"SP.POP.TOTL","value":"Population, total"},"country":{"id":"CN","value":"China"},"countryiso3code":"CHN","date":"2020","value":1411100000,"unit":"","obs_status":"","decimal":0},{"indicator":{"id":"SP.POP.TOTL","value":"Population, total"},"country":{"id":"CO","value":"Colombia"},"countryiso3code":"COL","date":"2020","value":50629997,"unit":"","obs_status":"","decimal":0},{"indicator":{"id":"SP.POP.TOTL","value":"Population, total"},"country":{"id":"KM","value":"Comoros"},"countryiso3code":"COM","date":"2020","value":802163,"unit":"","obs_status":"","decimal":0},{"indicator":{"id":"SP.POP.TOTL","value":"Population, total"},"country":{"id":"CD","value":"Congo, Dem. Rep."},"countryiso3code":"COD","date":"2020","value":95989998,"unit":"","obs_status":"","decimal":0},{"indicator":{"id":"SP.POP.TOTL","value":"Population, total"},"country":{"id":"CG","value":"Congo, Rep."},"countryiso3code":"COG","date":"2020","value":5752791,"unit":"","obs_status":"","decimal":0},{"indicator":{"id":"SP.POP.TOTL","value":"Population, total"},"country":{"id":"CR","value":"Costa Rica"},"countryiso3code":"CRI","date":"2020","value":5034320,"unit":"","obs_status":"","decimal":0},{"indicator":{"id":"SP.POP.TOTL","value":"Population, total"},"country":{"id":"CI","value":"Cote d'Ivoire"},"countryiso3code":"CIV","date":"2020","value":28915449,"unit":"","obs_status":"","decimal":0},{"indicator":{"id":"SP.POP.TOTL","value":"Population, total"},"country":{"id":"HR","value":"Croatia"},"countryiso3code":"HRV","date":"2020","value":3914206,"unit":"","obs_status":"","decimal":0},{"indicator":{"id":"SP.POP.TOTL","value":"Population, total"},"country":{"id":"CU","value":"Cuba"},"countryiso3code":"CUB","date":"2020","value":11176354,"unit":"","obs_status":"","decimal":0},{"indicator":{"id":"SP.POP.TOTL","value":"Population, total"},"country":{"id":"CW","value":"Curacao"},"countryiso3code":"CUW","date":"2020","value":154947,"unit":"","obs_status":"","decimal":0},{"indicator":{"id":"SP.POP.TOTL","value":"Population, total"},"country":{"id":"CY","value":"Cyprus"},"countryiso3code":"CYP","date":"2020","value":1302247,"unit":"","obs_status":"","decimal":0},{"indicator":{"id":"SP.POP.TOTL","value":"Population, total"},"country":{"id":"CZ","value":"Czechia"},"countryiso3code":"CZE","date":"2020","value":10697858,"unit":"","obs_status":"","decimal":0},{"indicator":{"id":"SP.POP.TOTL","value":"Population, total"},"country":{"id":"DK","value":"Denmark"},"countryiso3code":"DNK","date":"2020","value":5831404,"unit":"","obs_status":"","decimal":0},{"indicator":{"id":"SP.POP.TOTL","value":"Population, total"},"country":{"id":"DJ","value":"Djibouti"},"countryiso3code":"DJI","date":"2020","value":1105188,"unit":"","obs_status":"","decimal":0},{"indicator":{"id":"SP.POP.TOTL","value":"Population, total"},"country":{"id":"DM","value":"Dominica"},"countryiso3code":"DMA","date":"2020","value":67573,"unit":"","obs_status":"","decimal":0},{"indicator":{"id":"SP.POP.TOTL","value":"Population, total"},"country":{"id":"DO","value":"Dominican Republic"},"countryiso3code":"DOM","date":"2020","value":11008300,"unit":"","obs_status":"","decimal":0},{"indicator":{"id":"SP.POP.TOTL","value":"Population, total"},"country":{"id":"EC","value":"Ecuador"},"countryiso3code":"ECU","date":"2020","value":17546065,"unit":"","obs_status":"","decimal":0},{"indicator":{"id":"SP.POP.TOTL","value":"Population, total"},"country":{"id":"EG","value":"Egypt, Arab Rep."},"countryiso3code":"EGY","date":"2020","value":109315124,"unit":"","obs_status":"","decimal":0},{"indicator":{"id":"SP.POP.TOTL","value":"Population, total"},"country":{"id":"SV","value":"El Salvador"},"countryiso3code":"SLV","date":"2020","value":6234673,"unit":"","obs_status":"","decimal":0},{"indicator":{"id":"SP.POP.TOTL","value":"Population, total"},"country":{"id":"GQ","value":"Equatorial Guinea"},"countryiso3code":"GNQ","date":"2020","value":1716468,"unit":"","obs_status":"","decimal":0},{"indicator":{"id":"SP.POP.TOTL","value":"Population, total"},"country":{"id":"ER","value":"Eritrea"},"countryiso3code":"ERI","date":"2020","value":3291271,"unit":"","obs_status":"","decimal":0},{"indicator":{"id":"SP.POP.TOTL","value":"Population, total"},"country":{"id":"EE","value":"Estonia"},"countryiso3code":"EST","date":"2020","value":1329522,"unit":"","obs_status":"","decimal":0},{"indicator":{"id":"SP.POP.TOTL","value":"Population, total"},"country":{"id":"SZ","value":"Eswatini"},"countryiso3code":"SWZ","date":"2020","value":1192729,"unit":"","obs_status":"","decimal":0},{"indicator":{"id":"SP.POP.TOTL","value":"Population, total"},"country":{"id":"ET","value":"Ethiopia"},"countryiso3code":"ETH","date":"2020","value":118917671,"unit":"","obs_status":"","decimal":0},{"indicator":{"id":"SP.POP.TOTL","value":"Population, total"},"country":{"id":"FO","value":"Faroe Islands"},"countryiso3code":"FRO","date":"2020","value":52571,"unit":"","obs_status":"","decimal":0},{"indicator":{"id":"SP.POP.TOTL","value":"Population, total"},"country":{"id":"FJ","value":"Fiji"},"countryiso3code":"FJI","date":"2020","value":914963,"unit":"","obs_status":"","decimal":0},{"indicator":{"id":"SP.POP.TOTL","value":"Population, total"},"country":{"id":"FI","value":"Finland"},"countryiso3code":"FIN","date":"2020","value":5529543,"unit":"","obs_status":"","decimal":0},{"indicator":{"id":"SP.POP.TOTL","value":"Population, total"},"country":{"id":"FR","value":"France"},"countryiso3code":"FRA","date":"2020","value":67601110,"unit":"","obs_status":"","decimal":0},{"indicator":{"id":"SP.POP.TOTL","value":"Population, total"},"country":{"id":"PF","value":"French Polynesia"},"countryiso3code":"PYF","date":"2020","value":279209,"unit":"","obs_status":"","decimal":0},{"indicator":{"id":"SP.POP.TOTL","value":"Population, total"},"country":{"id":"GA","value":"Gabon"},"countryiso3code":"GAB","date":"2020","value":2322539,"unit":"","obs_status":"","decimal":0},{"indicator":{"id":"SP.POP.TOTL","value":"Population, total"},"country":{"id":"GM","value":"Gambia, The"},"countryiso3code":"GMB","date":"2020","value":2515733,"unit":"","obs_status":"","decimal":0},{"indicator":{"id":"SP.POP.TOTL","value":"Population, total"},"country":{"id":"GE","value":"Georgia"},"countryiso3code":"GEO","date":"2020","value":3722716,"unit":"","obs_status":"","decimal":0},{"indicator":{"id":"SP.POP.TOTL","value":"Population, total"},"country":{"id":"DE","value":"Germany"},"countryiso3code":"DEU","date":"2020","value":83160871,"unit":"","obs_status":"","decimal":0},{"indicator":{"id":"SP.POP.TOTL","value":"Population, total"},"country":{"id":"GH","value":"Ghana"},"countryiso3code":"GHA","date":"2020","value":31887809,"unit":"","obs_status":"","decimal":0},{"indicator":{"id":"SP.POP.TOTL","value":"Population, total"},"country":{"id":"GI","value":"Gibraltar"},"countryiso3code":"GIB","date":"2020","value":36173,"unit":"","obs_status":"","decimal":0},{"indicator":{"id":"SP.POP.TOTL","value":"Population, total"},"country":{"id":"GR","value":"Greece"},"countryiso3code":"GRC","date":"2020","value":10698599,"unit":"","obs_status":"","decimal":0},{"indicator":{"id":"SP.POP.TOTL","value":"Population, total"},"country":{"id":"GL","value":"Greenland"},"countryiso3code":"GRL","date":"2020","value":56367,"unit":"","obs_status":"","decimal":0},{"indicator":{"id":"SP.POP.TOTL","value":"Population, total"},"country":{"id":"GD","value":"Grenada"},"countryiso3code":"GRD","date":"2020","value":116341,"unit":"","obs_status":"","decimal":0},{"indicator":{"id":"SP.POP.TOTL","value":"Population, total"},"country":{"id":"GU","value":"Guam"},"countryiso3code":"GUM","date":"2020","value":162158,"unit":"","obs_status":"","decimal":0},{"indicator":{"id":"SP.POP.TOTL","value":"Population, total"},"country":{"id":"GT","value":"Guatemala"},"countryiso3code":"GTM","date":"2020","value":17357325,"unit":"","obs_status":"","decimal":0},{"indicator":{"id":"SP.POP.TOTL","value":"Population, total"},"country":{"id":"GN","value":"Guinea"},"countryiso3code":"GIN","date":"2020","value":13371183,"unit":"","obs_status":"","decimal":0},{"indicator":{"id":"SP.POP.TOTL","value":"Population, total"},"country":{"id":"GW","value":"Guinea-Bissau"},"countryiso3code":"GNB","date":"2020","value":2013255,"unit":"","obs_status":"","decimal":0},{"indicator":{"id":"SP.POP.TOTL","value":"Population, total"},"country":{"id":"GY","value":"Guyana"},"countryiso3code":"GUY","date":"2020","value":807481,"unit":"","obs_status":"","decimal":0},{"indicator":{"id":"SP.POP.TOTL","value":"Population, total"},"country":{"id":"HT","value":"Haiti"},"countryiso3code":"HTI","date":"2020","value":11243848,"unit":"","obs_status":"","decimal":0},{"indicator":{"id":"SP.POP.TOTL","value":"Population, total"},"country":{"id":"HN","value":"Honduras"},"countryiso3code":"HND","date":"2020","value":10119640,"unit":"","obs_status":"","decimal":0},{"indicator":{"id":"SP.POP.TOTL","value":"Population, total"},"country":{"id":"HK","value":"Hong Kong SAR, China"},"countryiso3code":"HKG","date":"2020","value":7481000,"unit":"","obs_status":"","decimal":0},{"indicator":{"id":"SP.POP.TOTL","value":"Population, total"},"country":{"id":"HU","value":"Hungary"},"countryiso3code":"HUN","date":"2020","value":9750149,"unit":"","obs_status":"","decimal":0},{"indicator":{"id":"SP.POP.TOTL","value":"Population, total"},"country":{"id":"IS","value":"Iceland"},"countryiso3code":"ISL","date":"2020","value":366463,"unit":"","obs_status":"","decimal":0},{"indicator":{"id":"SP.POP.TOTL","value":"Population, total"},"country":{"id":"IN","value":"India"},"countryiso3code":"IND","date":"2020","value":1402617695,"unit":"","obs_status":"","decimal":0},{"indicator":{"id":"SP.POP.TOTL","value":"Population, total"},"country":{"id":"ID","value":"Indonesia"},"countryiso3code":"IDN","date":"2020","value":274814866,"unit":"","obs_status":"","decimal":0},{"indicator":{"id":"SP.POP.TOTL","value":"Population, total"},"country":{"id":"IR","value":"Iran, Islamic Rep."},"countryiso3code":"IRN","date":"2020","value":87723443,"unit":"","obs_status":"","decimal":0},{"indicator":{"id":"SP.POP.TOTL","value":"Population, total"},"country":{"id":"IQ","value":"Iraq"},"countryiso3code":"IRQ","date":"2020","value":42116605,"unit":"","obs_status":"","decimal":0},{"indicator":{"id":"SP.POP.TOTL","value":"Population, total"},"country":{"id":"IE","value":"Ireland"},"countryiso3code":"IRL","date":"2020","value":4985382,"unit":"","obs_status":"","decimal":0},{"indicator":{"id":"SP.POP.TOTL","value":"Population, total"},"country":{"id":"IM","value":"Isle of Man"},"countryiso3code":"IMN","date":"2020","value":84064,"unit":"","obs_status":"","decimal":0},{"indicator":{"id":"SP.POP.TOTL","value":"Population, total"},"country":{"id":"IL","value":"Israel"},"countryiso3code":"ISR","date":"2020","value":9215100,"unit":"","obs_status":"","decimal":0},{"indicator":{"id":"SP.POP.TOTL","value":"Population, total"},"country":{"id":"IT","value":"Italy"},"countryiso3code":"ITA","date":"2020","value":59438851,"unit":"","obs_status":"","decimal":0},{"indicator":{"id":"SP.POP.TOTL","value":"Population, total"},"country":{"id":"JM","value":"Jamaica"},"countryiso3code":"JAM","date":"2020","value":2830739,"unit":"","obs_status":"","decimal":0},{"indicator":{"id":"SP.POP.TOTL","value":"Population, total"},"country":{"id":"JP","value":"Japan"},"countryiso3code":"JPN","date":"2020","value":126261000,"unit":"","obs_status":"","decimal":0},{"indicator":{"id":"SP.POP.TOTL","value":"Population, total"},"country":{"id":"JO","value":"Jordan"},"countryiso3code":"JOR","date":"2020","value":10865228,"unit":"","obs_status":"","decimal":0},{"indicator":{"id":"SP.POP.TOTL","value":"Population, total"},"country":{"id":"KZ","value":"Kazakhstan"},"countryiso3code":"KAZ","date":"2020","value":19482117,"unit":"","obs_status":"","decimal":0},{"indicator":{"id":"SP.POP.TOTL","value":"Population, total"},"country":{"id":"KE","value":"Kenya"},"countryiso3code":"KEN","date":"2020","value":52217334,"unit":"","obs_status":"","decimal":0},{"indicator":{"id":"SP.POP.TOTL","value":"Population, total"},"country":{"id":"KI","value":"Kiribati"},"countryiso3code":"KIR","date":"2020","value":126099,"unit":"","obs_status":"","decimal":0},{"indicator":{"id":"SP.POP.TOTL","value":"Population, total"},"country":{"id":"KP","value":"Korea, Dem. People's Rep."},"countryiso3code":"PRK","date":"2020","value":26136312,"unit":"","obs_status":"","decimal":0},{"indicator":{"id":"SP.POP.TOTL","value":"Population, total"},"country":{"id":"KR","value":"Korea, Rep."},"countryiso3code":"KOR","date":"2020","value":51836239,"unit":"","obs_status":"","decimal":0},{"indicator":{"id":"SP.POP.TOTL","value":"Population, total"},"country":{"id":"XK","value":"Kosovo"},"countryiso3code":"XKX","date":"2020","value":1790152,"unit":"","obs_status":"","decimal":0},{"indicator":{"id":"SP.POP.TOTL","value":"Population, total"},"country":{"id":"KW","value":"Kuwait"},"countryiso3code":"KWT","date":"2020","value":4400267,"unit":"","obs_status":"","decimal":0},{"indicator":{"id":"SP.POP.TOTL","value":"Population, total"},"country":{"id":"KG","value":"Kyrgyz Republic"},"countryiso3code":"KGZ","date":"2020","value":6726595.5,"unit":"","obs_status":"","decimal":0},{"indicator":{"id":"SP.POP.TOTL","value":"Population, total"},"country":{"id":"LA","value":"Lao PDR"},"countryiso3code":"LAO","date":"2020","value":7346533,"unit":"","obs_status":"","decimal":0},{"indicator":{"id":"SP.POP.TOTL","value":"Population, total"},"country":{"id":"LV","value":"Latvia"},"countryiso3code":"LVA","date":"2020","value":1900449,"unit":"","obs_status":"","decimal":0},{"indicator":{"id":"SP.POP.TOTL","value":"Population, total"},"country":{"id":"LB","value":"Lebanon"},"countryiso3code":"LBN","date":"2020","value":5702398,"unit":"","obs_status":"","decimal":0},{"indicator":{"id":"SP.POP.TOTL","value":"Population, total"},"country":{"id":"LS","value":"Lesotho"},"countryiso3code":"LSO","date":"2020","value":2235727,"unit":"","obs_status":"","decimal":0},{"indicator":{"id":"SP.POP.TOTL","value":"Population, total"},"country":{"id":"LR","value":"Liberia"},"countryiso3code":"LBR","date":"2020","value":5149463,"unit":"","obs_status":"","decimal":0},{"indicator":{"id":"SP.POP.TOTL","value":"Population, total"},"country":{"id":"LY","value":"Libya"},"countryiso3code":"LBY","date":"2020","value":7045399,"unit":"","obs_status":"","decimal":0},{"indicator":{"id":"SP.POP.TOTL","value":"Population, total"},"country":{"id":"LI","value":"Liechtenstein"},"countryiso3code":"LIE","date":"2020","value":38901,"unit":"","obs_status":"","decimal":0},{"indicator":{"id":"SP.POP.TOTL","value":"Population, total"},"country":{"id":"LT","value":"Lithuania"},"countryiso3code":"LTU","date":"2020","value":2794885,"unit":"","obs_status":"","decimal":0},{"indicator":{"id":"SP.POP.TOTL","value":"Population, total"},"country":{"id":"LU","value":"Luxembourg"},"countryiso3code":"LUX","date":"2020","value":630419,"unit":"","obs_status":"","decimal":0},{"indicator":{"id":"SP.POP.TOTL","value":"Population, total"},"country":{"id":"MO","value":"Macao SAR, China"},"countryiso3code":"MAC","date":"2020","value":685400,"unit":"","obs_status":"","decimal":0},{"indicator":{"id":"SP.POP.TOTL","value":"Population, total"},"country":{"id":"MG","value":"Madagascar"},"countryiso3code":"MDG","date":"2020","value":28953556,"unit":"","obs_status":"","decimal":0},{"indicator":{"id":"SP.POP.TOTL","value":"Population, total"},"country":{"id":"MW","value":"Malawi"},"countryiso3code":"MWI","date":"2020","value":19533888,"unit":"","obs_status":"","decimal":0},{"indicator":{"id":"SP.POP.TOTL","value":"Population, total"},"country":{"id":"MY","value":"Malaysia"},"countryiso3code":"MYS","date":"2020","value":33889558,"unit":"","obs_status":"","decimal":0},{"indicator":{"id":"SP.POP.TOTL","value":"Population, total"},"country":{"id":"MV","value":"Maldives"},"countryiso3code":"MDV","date":"2020","value":502118,"unit":"","obs_status":"","decimal":0},{"indicator":{"id":"SP.POP.TOTL","value":"Population, total"},"country":{"id":"ML","value":"Mali"},"countryiso3code":"MLI","date":"2020","value":21713836,"unit":"","obs_status":"","decimal":0},{"indicator":{"id":"SP.POP.TOTL","value":"Population, total"},"country":{"id":"MT","value":"Malta"},"countryiso3code":"MLT","date":"2020","value":515332,"unit":"","obs_status":"","decimal":0},{"indicator":{"id":"SP.POP.TOTL","value":"Population, total"},"country":{"id":"MH","value":"Marshall Islands"},"countryiso3code":"MHL","date":"2020","value":42706,"unit":"","obs_status":"","decimal":0},{"indicator":{"id":"SP.POP.TOTL","value":"Population, total"},"country":{"id":"MR","value":"Mauritania"},"countryiso3code":"MRT","date":"2020","value":4600131,"unit":"","obs_status":"","decimal":0},{"indicator":{"id":"SP.POP.TOTL","value":"Population, total"},"country":{"id":"MU","value":"Mauritius"},"countryiso3code":"MUS","date":"2020","value":1266014,"unit":"","obs_status":"","decimal":0},{"indicator":{"id":"SP.POP.TOTL","value":"Population, total"},"country":{"id":"MX","value":"Mexico"},"countryiso3code":"MEX","date":"2020","value":126799054,"unit":"","obs_status":"","decimal":0},{"indicator":{"id":"SP.POP.TOTL","value":"Population, total"},"country":{"id":"FM","value":"Micronesia, Fed. Sts."},"countryiso3code":"FSM","date":"2020","value":110916,"unit":"","obs_status":"","decimal":0},{"indicator":{"id":"SP.POP.TOTL","value":"Population, total"},"country":{"id":"MD","value":"Moldova"},"countryiso3code":"MDA","date":"2020","value":2635130,"unit":"","obs_status":"","decimal":0},{"indicator":{"id":"SP.POP.TOTL","value":"Population, total"},"country":{"id":"MC","value":"Monaco"},"countryiso3code":"MCO","date":"2020","value":38050,"unit":"","obs_status":"","decimal":0},{"indicator":{"id":"SP.POP.TOTL","value":"Population, total"},"country":{"id":"MN","value":"Mongolia"},"countryiso3code":"MNG","date":"2020","value":3327204,"unit":"","obs_status":"","decimal":0},{"indicator":{"id":"SP.POP.TOTL","value":"Population, total"},"country":{"id":"ME","value":"Montenegro"},"countryiso3code":"MNE","date":"2020","value":621306,"unit":"","obs_status":"","decimal":0},{"indicator":{"id":"SP.POP.TOTL","value":"Population, total"},"country":{"id":"MA","value":"Morocco"},"countryiso3code":"MAR","date":"2020","value":36584208,"unit":"","obs_status":"","decimal":0},{"indicator":{"id":"SP.POP.TOTL","value":"Population, total"},"country":{"id":"MZ","value":"Mozambique"},"countryiso3code":"MOZ","date":"2020","value":30783688,"unit":"","obs_status":"","decimal":0},{"indicator":{"id":"SP.POP.TOTL","value":"Population, total"},"country":{"id":"MM","value":"Myanmar"},"countryiso3code":"MMR","date":"2020","value":53016522,"unit":"","obs_status":"","decimal":0},{"indicator":{"id":"SP.POP.TOTL","value":"Population, total"},"country":{"id":"NA","value":"Namibia"},"countryiso3code":"NAM","date":"2020","value":2728762,"unit":"","obs_status":"","decimal":0},{"indicator":{"id":"SP.POP.TOTL","value":"Population, total"},"country":{"id":"NR","value":"Nauru"},"countryiso3code":"NRU","date":"2020","value":11643,"unit":"","obs_status":"","decimal":0},{"indicator":{"id":"SP.POP.TOTL","value":"Population, total"},"country":{"id":"NP","value":"Nepal"},"countryiso3code":"NPL","date":"2020","value":28966574,"unit":"","obs_status":"","decimal":0},{"indicator":{"id":"SP.POP.TOTL","value":"Population, total"},"country":{"id":"NL","value":"Netherlands"},"countryiso3code":"NLD","date":"2020","value":17441500,"unit":"","obs_status":"","decimal":0},{"indicator":{"id":"SP.POP.TOTL","value":"Population, total"},"country":{"id":"NC","value":"New Caledonia"},"countryiso3code":"NCL","date":"2020","value":284176,"unit":"","obs_status":"","decimal":0},{"indicator":{"id":"SP.POP.TOTL","value":"Population, total"},"country":{"id":"NZ","value":"New Zealand"},"countryiso3code":"NZL","date":"2020","value":5090200,"unit":"","obs_status":"","decimal":0},{"indicator":{"id":"SP.POP.TOTL","value":"Population, total"},"country":{"id":"NI","value":"Nicaragua"},"countryiso3code":"NIC","date":"2020","value":6565267,"unit":"","obs_status":"","decimal":0},{"indicator":{"id":"SP.POP.TOTL","value":"Population, total"},"country":{"id":"NE","value":"Niger"},"countryiso3code":"NER","date":"2020","value":23717613,"unit":"","obs_status":"","decimal":0},{"indicator":{"id":"SP.POP.TOTL","value":"Population, total"},"country":{"id":"NG","value":"Nigeria"},"countryiso3code":"NGA","date":"2020","value":213996181,"unit":"","obs_status":"","decimal":0},{"indicator":{"id":"SP.POP.TOTL","value":"Population, total"},"country":{"id":"MK","value":"North Macedonia"},"countryiso3code":"MKD","date":"2020","value":1856124,"unit":"","obs_status":"","decimal":0},{"indicator":{"id":"SP.POP.TOTL","value":"Population, total"},"country":{"id":"MP","value":"Northern Mariana Islands"},"countryiso3code":"MNP","date":"2020","value":47528,"unit":"","obs_status":"","decimal":0},{"indicator":{"id":"SP.POP.TOTL","value":"Population, total"},"country":{"id":"NO","value":"Norway"},"countryiso3code":"NOR","date":"2020","value":5379475,"unit":"","obs_status":"","decimal":0},{"indicator":{"id":"SP.POP.TOTL","value":"Population, total"},"country":{"id":"OM","value":"Oman"},"countryiso3code":"OMN","date":"2020","value":4522497,"unit":"","obs_status":"","decimal":0},{"indicator":{"id":"SP.POP.TOTL","value":"Population, total"},"country":{"id":"PK","value":"Pakistan"},"countryiso3code":"PAK","date":"2020","value":235001746,"unit":"","obs_status":"","decimal":0},{"indicator":{"id":"SP.POP.TOTL","value":"Population, total"},"country":{"id":"PW","value":"Palau"},"countryiso3code":"PLW","date":"2020","value":17792,"unit":"","obs_status":"","decimal":0},{"indicator":{"id":"SP.POP.TOTL","value":"Population, total"},"country":{"id":"PA","value":"Panama"},"countryiso3code":"PAN","date":"2020","value":4293261,"unit":"","obs_status":"","decimal":0},{"indicator":{"id":"SP.POP.TOTL","value":"Population, total"},"country":{"id":"PG","value":"Papua New Guinea"},"countryiso3code":"PNG","date":"2020","value":9815746,"unit":"","obs_status":"","decimal":0},{"indicator":{"id":"SP.POP.TOTL","value":"Population, total"},"country":{"id":"PY","value":"Paraguay"},"countryiso3code":"PRY","date":"2020","value":6603739,"unit":"","obs_status":"","decimal":0},{"indicator":{"id":"SP.POP.TOTL","value":"Population, total"},"country":{"id":"PE","value":"Peru"},"countryiso3code":"PER","date":"2020","value":32838579,"unit":"","obs_status":"","decimal":0},{"indicator":{"id":"SP.POP.TOTL","value":"Population, total"},"country":{"id":"PH","value":"Philippines"},"countryiso3code":"PHL","date":"2020","value":112081264,"unit":"","obs_status":"","decimal":0},{"indicator":{"id":"SP.POP.TOTL","value":"Population, total"},"country":{"id":"PL","value":"Poland"},"countryiso3code":"POL","date":"2020","value":37899070,"unit":"","obs_status":"","decimal":0},{"indicator":{"id":"SP.POP.TOTL","value":"Population, total"},"country":{"id":"PT","value":"Portugal"},"countryiso3code":"PRT","date":"2020","value":10297081,"unit":"","obs_status":"","decimal":0},{"indicator":{"id":"SP.POP.TOTL","value":"Population, total"},"country":{"id":"PR","value":"Puerto Rico"},"countryiso3code":"PRI","date":"2020","value":3281557,"unit":"","obs_status":"","decimal":0},{"indicator":{"id":"SP.POP.TOTL","value":"Population, total"},"country":{"id":"QA","value":"Qatar"},"countryiso3code":"QAT","date":"2020","value":2794148,"unit":"","obs_status":"","decimal":0},{"indicator":{"id":"SP.POP.TOTL","value":"Population, total"},"country":{"id":"RO","value":"Romania"},"countryiso3code":"ROU","date":"2020","value":19265250,"unit":"","obs_status":"","decimal":0},{"indicator":{"id":"SP.POP.TOTL","value":"Population, total"},"country":{"id":"RU","value":"Russian Federation"},"countryiso3code":"RUS","date":"2020","value":145245148,"unit":"","obs_status":"","decimal":0},{"indicator":{"id":"SP.POP.TOTL","value":"Population, total"},"country":{"id":"RW","value":"Rwanda"},"countryiso3code":"RWA","date":"2020","value":13065837,"unit":"","obs_status":"","decimal":0},{"indicator":{"id":"SP.POP.TOTL","value":"Population, total"},"country":{"id":"WS","value":"Samoa"},"countryiso3code":"WSM","date":"2020","value":211944,"unit":"","obs_status":"","decimal":0},{"indicator":{"id":"SP.POP.TOTL","value":"Population, total"},"country":{"id":"SM","value":"San Marino"},"countryiso3code":"SMR","date":"2020","value":34770,"unit":"","obs_status":"","decimal":0},{"indicator":{"id":"SP.POP.TOTL","value":"Population, total"},"country":{"id":"ST","value":"Sao Tome and Principe"},"countryiso3code":"STP","date":"2020","value":217435,"unit":"","obs_status":"","decimal":0},{"indicator":{"id":"SP.POP.TOTL","value":"Population, total"},"country":{"id":"SA","value":"Saudi Arabia"},"countryiso3code":"SAU","date":"2020","value":31552510,"unit":"","obs_status":"","decimal":0},{"indicator":{"id":"SP.POP.TOTL","value":"Population, total"},"country":{"id":"SN","value":"Senegal"},"countryiso3code":"SEN","date":"2020","value":16789219,"unit":"","obs_status":"","decimal":0},{"indicator":{"id":"SP.POP.TOTL","value":"Population, total"},"country":{"id":"RS","value":"Serbia"},"countryiso3code":"SRB","date":"2020","value":6899126,"unit":"","obs_status":"","decimal":0},{"indicator":{"id":"SP.POP.TOTL","value":"Population, total"},"country":{"id":"SC","value":"Seychelles"},"countryiso3code":"SYC","date":"2020","value":98462,"unit":"","obs_status":"","decimal":0},{"indicator":{"id":"SP.POP.TOTL","value":"Population, total"},"country":{"id":"SL","value":"Sierra Leone"},"countryiso3code":"SLE","date":"2020","value":7912558,"unit":"","obs_status":"","decimal":0},{"indicator":{"id":"SP.POP.TOTL","value":"Population, total"},"country":{"id":"SG","value":"Singapore"},"countryiso3code":"SGP","date":"2020","value":5685807,"unit":"","obs_status":"","decimal":0},{"indicator":{"id":"SP.POP.TOTL","value":"Population, total"},"country":{"id":"SX","value":"Sint Maarten (Dutch part)"},"countryiso3code":"SXM","date":"2020","value":41008,"unit":"","obs_status":"","decimal":0},{"indicator":{"id":"SP.POP.TOTL","value":"Population, total"},"country":{"id":"SK","value":"Slovak Republic"},"countryiso3code":"SVK","date":"2020","value":5458827,"unit":"","obs_status":"","decimal":0},{"indicator":{"id":"SP.POP.TOTL","value":"Population, total"},"country":{"id":"SI","value":"Slovenia"},"countryiso3code":"SVN","date":"2020","value":2102419,"unit":"","obs_status":"","decimal":0},{"indicator":{"id":"SP.POP.TOTL","value":"Population, total"},"country":{"id":"SB","value":"Solomon Islands"},"countryiso3code":"SLB","date":"2020","value":744498,"unit":"","obs_status":"","decimal":0},{"indicator":{"id":"SP.POP.TOTL","value":"Population, total"},"country":{"id":"SO","value":"Somalia"},"countryiso3code":"SOM","date":"2020","value":16651191,"unit":"","obs_status":"","decimal":0},{"indicator":{"id":"SP.POP.TOTL","value":"Population, total"},"country":{"id":"ZA","value":"South Africa"},"countryiso3code":"ZAF","date":"2020","value":60562381,"unit":"","obs_status":"","decimal":0},{"indicator":{"id":"SP.POP.TOTL","value":"Population, total"},"country":{"id":"SS","value":"South Sudan"},"countryiso3code":"SSD","date":"2020","value":10698467,"unit":"","obs_status":"","decimal":0},{"indicator":{"id":"SP.POP.TOTL","value":"Population, total"},"country":{"id":"ES","value":"Spain"},"countryiso3code":"ESP","date":"2020","value":47365655,"unit":"","obs_status":"","decimal":0},{"indicator":{"id":"SP.POP.TOTL","value":"Population, total"},"country":{"id":"LK","value":"Sri Lanka"},"countryiso3code":"LKA","date":"2020","value":21919000,"unit":"","obs_status":"","decimal":0},{"indicator":{"id":"SP.POP.TOTL","value":"Population, total"},"country":{"id":"KN","value":"St. Kitts and Nevis"},"countryiso3code":"KNA","date":"2020","value":46870,"unit":"","obs_status":"","decimal":0},{"indicator":{"id":"SP.POP.TOTL","value":"Population, total"},"country":{"id":"LC","value":"St. Lucia"},"countryiso3code":"LCA","date":"2020","value":178250,"unit":"","obs_status":"","decimal":0},{"indicator":{"id":"SP.POP.TOTL","value":"Population, total"},"country":{"id":"MF","value":"St. Martin (French part)"},"countryiso3code":"MAF","date":"2020","value":31786,"unit":"","obs_status":"","decimal":0},{"indicator":{"id":"SP.POP.TOTL","value":"Population, total"},"country":{"id":"VC","value":"St. Vincent and the Grenadines"},"countryiso3code":"VCT","date":"2020","value":103526,"unit":"","obs_status":"","decimal":0},{"indicator":{"id":"SP.POP.TOTL","value":"Population, total"},"country":{"id":"SD","value":"Sudan"},"countryiso3code":"SDN","date":"2020","value":46789231,"unit":"","obs_status":"","decimal":0},{"indicator":{"id":"SP.POP.TOTL","value":"Population, total"},"country":{"id":"SR","value":"Suriname"},"countryiso3code":"SUR","date":"2020","value":612317,"unit":"","obs_status":"","decimal":0},{"indicator":{"id":"SP.POP.TOTL","value":"Population, total"},"country":{"id":"SE","value":"Sweden"},"countryiso3code":"SWE","date":"2020","value":10353442,"unit":"","obs_status":"","decimal":0},{"indicator":{"id":"SP.POP.TOTL","value":"Population, total"},"country":{"id":"CH","value":"Switzerland"},"countryiso3code":"CHE","date":"2020","value":8638167,"unit":"","obs_status":"","decimal":0},{"indicator":{"id":"SP.POP.TOTL","value":"Population, total"},"country":{"id":"SY","value":"Syrian Arab Republic"},"countryiso3code":"SYR","date":"2020","value":21049429,"unit":"","obs_status":"","decimal":0},{"indicator":{"id":"SP.POP.TOTL","value":"Population, total"},"country":{"id":"TJ","value":"Tajikistan"},"countryiso3code":"TJK","date":"2020","value":9749310,"unit":"","obs_status":"","decimal":0},{"indicator":{"id":"SP.POP.TOTL","value":"Population, total"},"country":{"id":"TZ","value":"Tanzania"},"countryiso3code":"TZA","date":"2020","value":60972798,"unit":"","obs_status":"","decimal":0},{"indicator":{"id":"SP.POP.TOTL","value":"Population, total"},"country":{"id":"TH","value":"Thailand"},"countryiso3code":"THA","date":"2020","value":71641484,"unit":"","obs_status":"","decimal":0},{"indicator":{"id":"SP.POP.TOTL","value":"Population, total"},"country":{"id":"TL","value":"Timor-Leste"},"countryiso3code":"TLS","date":"2020","value":1326053,"unit":"","obs_status":"","decimal":0},{"indicator":{"id":"SP.POP.TOTL","value":"Population, total"},"country":{"id":"TG","value":"Togo"},"countryiso3code":"TGO","date":"2020","value":8669720,"unit":"","obs_status":"","decimal":0},{"indicator":{"id":"SP.POP.TOTL","value":"Population, total"},"country":{"id":"TO","value":"Tonga"},"countryiso3code":"TON","date":"2020","value":105704,"unit":"","obs_status":"","decimal":0},{"indicator":{"id":"SP.POP.TOTL","value":"Population, total"},"country":{"id":"TT","value":"Trinidad and Tobago"},"countryiso3code":"TTO","date":"2020","value":1366725,"unit":"","obs_status":"","decimal":0},{"indicator":{"id":"SP.POP.TOTL","value":"Population, total"},"country":{"id":"TN","value":"Tunisia"},"countryiso3code":"TUN","date":"2020","value":11974057,"unit":"","obs_status":"","decimal":0},{"indicator":{"id":"SP.POP.TOTL","value":"Population, total"},"country":{"id":"TR","value":"Turkiye"},"countryiso3code":"TUR","date":"2020","value":83384680,"unit":"","obs_status":"","decimal":0},{"indicator":{"id":"SP.POP.TOTL","value":"Population, total"},"country":{"id":"TM","value":"Turkmenistan"},"countryiso3code":"TKM","date":"2020","value":6949912,"unit":"","obs_status":"","decimal":0},{"indicator":{"id":"SP.POP.TOTL","value":"Population, total"},"country":{"id":"TC","value":"Turks and Caicos Islands"},"countryiso3code":"TCA","date":"2020","value":44386,"unit":"","obs_status":"","decimal":0},{"indicator":{"id":"SP.POP.TOTL","value":"Population, total"},"country":{"id":"TV","value":"Tuvalu"},"countryiso3code":"TUV","date":"2020","value":10399,"unit":"","obs_status":"","decimal":0},{"indicator":{"id":"SP.POP.TOTL","value":"Population, total"},"country":{"id":"UG","value":"Uganda"},"countryiso3code":"UGA","date":"2020","value":44457152,"unit":"","obs_status":"","decimal":0},{"indicator":{"id":"SP.POP.TOTL","value":"Population, total"},"country":{"id":"UA","value":"Ukraine"},"countryiso3code":"UKR","date":"2020","value":44680014,"unit":"","obs_status":"","decimal":0},{"indicator":{"id":"SP.POP.TOTL","value":"Population, total"},"country":{"id":"AE","value":"United Arab Emirates"},"countryiso3code":"ARE","date":"2020","value":9401038,"unit":"","obs_status":"","decimal":0},{"indicator":{"id":"SP.POP.TOTL","value":"Population, total"},"country":{"id":"GB","value":"United Kingdom"},"countryiso3code":"GBR","date":"2020","value":67081234,"unit":"","obs_status":"","decimal":0},{"indicator":{"id":"SP.POP.TOTL","value":"Population, total"},"country":{"id":"US","value":"United States"},"countryiso3code":"USA","date":"2020","value":331526933,"unit":"","obs_status":"","decimal":0},{"indicator":{"id":"SP.POP.TOTL","value":"Population, total"},"country":{"id":"UY","value":"Uruguay"},"countryiso3code":"URY","date":"2020","value":3398968,"unit":"","obs_status":"","decimal":0},{"indicator":{"id":"SP.POP.TOTL","value":"Population, total"},"country":{"id":"UZ","value":"Uzbekistan"},"countryiso3code":"UZB","date":"2020","value":33586372,"unit":"","obs_status":"","decimal":0},{"indicator":{"id":"SP.POP.TOTL","value":"Population, total"},"country":{"id":"VU","value":"Vanuatu"},"countryiso3code":"VUT","date":"2020","value":298858,"unit":"","obs_status":"","decimal":0},{"indicator":{"id":"SP.POP.TOTL","value":"Population, total"},"country":{"id":"VE","value":"Venezuela, RB"},"countryiso3code":"VEN","date":"2020","value":28444077,"unit":"","obs_status":"","decimal":0},{"indicator":{"id":"SP.POP.TOTL","value":"Population, total"},"country":{"id":"VN","value":"Viet Nam"},"countryiso3code":"VNM","date":"2020","value":98079191,"unit":"","obs_status":"","decimal":0},{"indicator":{"id":"SP.POP.TOTL","value":"Population, total"},"country":{"id":"VI","value":"Virgin Islands (U.S.)"},"countryiso3code":"VIR","date":"2020","value":106290,"unit":"","obs_status":"","decimal":0},{"indicator":{"id":"SP.POP.TOTL","value":"Population, total"},"country":{"id":"PS","value":"West Bank and Gaza"},"countryiso3code":"PSE","date":"2020","value":4803269,"unit":"","obs_status":"","decimal":0},{"indicator":{"id":"SP.POP.TOTL","value":"Population, total"},"country":{"id":"YE","value":"Yemen, Rep."},"countryiso3code":"YEM","date":"2020","value":36134863,"unit":"","obs_status":"","decimal":0},{"indicator":{"id":"SP.POP.TOTL","value":"Population, total"},"country":{"id":"ZM","value":"Zambia"},"countryiso3code":"ZMB","date":"2020","value":19059395,"unit":"","obs_status":"","decimal":0},{"indicator":{"id":"SP.POP.TOTL","value":"Population, total"},"country":{"id":"ZW","value":"Zimbabwe"},"countryiso3code":"ZWE","date":"2020","value":15526888,"unit":"","obs_status":"","decimal":0}]]