﻿<?xml version="1.0" encoding="utf-8"?>
<wb:data page="1" pages="1" per_page="50" total="11" sourceid="15" sourcename="" lastupdated="2020-07-27" xmlns:wb="http://www.worldbank.org">
  <wb:data>
    <wb:indicator id="DPANUSSPB">Exchange rate, new LCU per USD extended backward, period average,,</wb:indicator>
    <wb:country id="BGD">Bangladesh</wb:country>
    <wb:countryiso3code />
    <wb:date>2012M01</wb:date>
    <wb:value>83.42977272727</wb:value>
    <wb:unit />
    <wb:obs_status />
    <wb:decimal>0</wb:decimal>
  </wb:data>
  <wb:data>
    <wb:indicator id="DPANUSSPB">Exchange rate, new LCU per USD extended backward, period average,,</wb:indicator>
    <wb:country id="BRA">Brazil</wb:country>
    <wb:countryiso3code />
    <wb:date>2012M01</wb:date>
    <wb:value>1.78886363636</wb:value>
    <wb:unit />
    <wb:obs_status />
    <wb:decimal>0</wb:decimal>
  </wb:data>
  <wb:data>
    <wb:indicator id="DPANUSSPB">Exchange rate, new LCU per USD extended backward, period average,,</wb:indicator>
    <wb:country id="CHN">China</wb:country>
    <wb:countryiso3code />
    <wb:date>2012M01</wb:date>
    <wb:value>6.31309090909</wb:value>
    <wb:unit />
    <wb:obs_status />
    <wb:decimal>0</wb:decimal>
  </wb:data>
  <wb:data>
    <wb:indicator id="DPANUSSPB">Exchange rate, new LCU per USD extended backward, period average,,</wb:indicator>
    <wb:country id="IDN">Indonesia</wb:country>
    <wb:countryiso3code />
    <wb:date>2012M01</wb:date>
    <wb:value>9067.31818181818</wb:value>
    <wb:unit />
    <wb:obs_status />
    <wb:decimal>0</wb:decimal>
  </wb:data>
  <wb:data>
    <wb:indicator id="DPANUSSPB">Exchange rate, new LCU per USD extended backward, period average,,</wb:indicator>
    <wb:country id="IND">India</wb:country>
    <wb:countryiso3code />
    <wb:date>2012M01</wb:date>
    <wb:value>51.18577272727</wb:value>
    <wb:unit />
    <wb:obs_status />
    <wb:decimal>0</wb:decimal>
  </wb:data>
  <wb:data>
    <wb:indicator id="DPANUSSPB">Exchange rate, new LCU per USD extended backward, period average,,</wb:indicator>
    <wb:country id="JPN">Japan</wb:country>
    <wb:countryiso3code />
    <wb:date>2012M01</wb:date>
    <wb:value>76.93318181818</wb:value>
    <wb:unit />
    <wb:obs_status />
    <wb:decimal>0</wb:decimal>
  </wb:data>
  <wb:data>
    <wb:indicator id="DPANUSSPB">Exchange rate, new LCU per USD extended backward, period average,,</wb:indicator>
    <wb:country id="MEX">Mexico</wb:country>
    <wb:countryiso3code />
    <wb:date>2012M01</wb:date>
    <wb:value>13.39831818182</wb:value>
    <wb:unit />
    <wb:obs_status />
    <wb:decimal>0</wb:decimal>
  </wb:data>
  <wb:data>
    <wb:indicator id="DPANUSSPB">Exchange rate, new LCU per USD extended backward, period average,,</wb:indicator>
    <wb:country id="NGA">Nigeria</wb:country>
    <wb:countryiso3code />
    <wb:date>2012M01</wb:date>
    <wb:value>161.33181818182</wb:value>
    <wb:unit />
    <wb:obs_status />
    <wb:decimal>0</wb:decimal>
  </wb:data>
  <wb:data>
    <wb:indicator id="DPANUSSPB">Exchange rate, new LCU per USD extended backward, period average,,</wb:indicator>
    <wb:country id="PAK">Pakistan</wb:country>
    <wb:countryiso3code />
    <wb:date>2012M01</wb:date>
    <wb:value>90.26411363636</wb:value>
    <wb:unit />
    <wb:obs_status />
    <wb:decimal>0</wb:decimal>
  </wb:data>
  <wb:data>
    <wb:indicator id="DPANUSSPB">Exchange rate, new LCU per USD extended backward, period average,,</wb:indicator>
    <wb:country id="RUS">Russian Federation</wb:country>
    <wb:countryiso3code />
    <wb:date>2012M01</wb:date>
    <wb:value>31.33340909091</wb:value>
    <wb:unit />
    <wb:obs_status />
    <wb:decimal>0</wb:decimal>
  </wb:data>
  <wb:data>
    <wb:indicator id="DPANUSSPB">Exchange rate, new LCU per USD extended backward, period average,,</wb:indicator>
    <wb:country id="USA">United States</wb:country>
    <wb:countryiso3code />
    <wb:date>2012M01</wb:date>
    <wb:value>1</wb:value>
    <wb:unit />
    <wb:obs_status />
    <wb:decimal>0</wb:decimal>
  </wb:data>
</wb:data>