﻿<?xml version="1.0" encoding="utf-8"?>
<wb:data page="1" pages="1" per_page="50" total="14" sourceid="15" lastupdated="2025-05-08" xmlns:wb="http://www.worldbank.org">
  <wb:data>
    <wb:indicator id="DPANUSSPB">Exchange rate, new LCU per USD extended backward, period average,,</wb:indicator>
    <wb:country id="BGD">Bangladesh</wb:country>
    <wb:countryiso3code />
    <wb:date>2020M01</wb:date>
    <wb:value>84.87826086957</wb:value>
    <wb:unit />
    <wb:obs_status />
    <wb:decimal>0</wb:decimal>
  </wb:data>
  <wb:data>
    <wb:indicator id="DPANUSSPB">Exchange rate, new LCU per USD extended backward, period average,,</wb:indicator>
    <wb:country id="BRA">Brazil</wb:country>
    <wb:countryiso3code />
    <wb:date>2020M01</wb:date>
    <wb:value>4.15060869565</wb:value>
    <wb:unit />
    <wb:obs_status />
    <wb:decimal>0</wb:decimal>
  </wb:data>
  <wb:data>
    <wb:indicator id="DPANUSSPB">Exchange rate, new LCU per USD extended backward, period average,,</wb:indicator>
    <wb:country id="CHN">China</wb:country>
    <wb:countryiso3code />
    <wb:date>2020M01</wb:date>
    <wb:value>6.93129710145</wb:value>
    <wb:unit />
    <wb:obs_status />
    <wb:decimal>0</wb:decimal>
  </wb:data>
  <wb:data>
    <wb:indicator id="DPANUSSPB">Exchange rate, new LCU per USD extended backward, period average,,</wb:indicator>
    <wb:country id="EGY">Egypt Arab Rep.</wb:country>
    <wb:countryiso3code />
    <wb:date>2020M01</wb:date>
    <wb:value>15.8986884058</wb:value>
    <wb:unit />
    <wb:obs_status />
    <wb:decimal>0</wb:decimal>
  </wb:data>
  <wb:data>
    <wb:indicator id="DPANUSSPB">Exchange rate, new LCU per USD extended backward, period average,,</wb:indicator>
    <wb:country id="ETH">Ethiopia</wb:country>
    <wb:countryiso3code />
    <wb:date>2020M01</wb:date>
    <wb:value>32.02918115942</wb:value>
    <wb:unit />
    <wb:obs_status />
    <wb:decimal>0</wb:decimal>
  </wb:data>
  <wb:data>
    <wb:indicator id="DPANUSSPB">Exchange rate, new LCU per USD extended backward, period average,,</wb:indicator>
    <wb:country id="IDN">Indonesia</wb:country>
    <wb:countryiso3code />
    <wb:date>2020M01</wb:date>
    <wb:value>13730.3550724638</wb:value>
    <wb:unit />
    <wb:obs_status />
    <wb:decimal>0</wb:decimal>
  </wb:data>
  <wb:data>
    <wb:indicator id="DPANUSSPB">Exchange rate, new LCU per USD extended backward, period average,,</wb:indicator>
    <wb:country id="IND">India</wb:country>
    <wb:countryiso3code />
    <wb:date>2020M01</wb:date>
    <wb:value>71.31126811594</wb:value>
    <wb:unit />
    <wb:obs_status />
    <wb:decimal>0</wb:decimal>
  </wb:data>
  <wb:data>
    <wb:indicator id="DPANUSSPB">Exchange rate, new LCU per USD extended backward, period average,,</wb:indicator>
    <wb:country id="JPN">Japan</wb:country>
    <wb:countryiso3code />
    <wb:date>2020M01</wb:date>
    <wb:value>109.26724637681</wb:value>
    <wb:unit />
    <wb:obs_status />
    <wb:decimal>0</wb:decimal>
  </wb:data>
  <wb:data>
    <wb:indicator id="DPANUSSPB">Exchange rate, new LCU per USD extended backward, period average,,</wb:indicator>
    <wb:country id="MEX">Mexico</wb:country>
    <wb:countryiso3code />
    <wb:date>2020M01</wb:date>
    <wb:value>18.8175942029</wb:value>
    <wb:unit />
    <wb:obs_status />
    <wb:decimal>0</wb:decimal>
  </wb:data>
  <wb:data>
    <wb:indicator id="DPANUSSPB">Exchange rate, new LCU per USD extended backward, period average,,</wb:indicator>
    <wb:country id="NGA">Nigeria</wb:country>
    <wb:countryiso3code />
    <wb:date>2020M01</wb:date>
    <wb:value>362.39920289855</wb:value>
    <wb:unit />
    <wb:obs_status />
    <wb:decimal>0</wb:decimal>
  </wb:data>
  <wb:data>
    <wb:indicator id="DPANUSSPB">Exchange rate, new LCU per USD extended backward, period average,,</wb:indicator>
    <wb:country id="PAK">Pakistan</wb:country>
    <wb:countryiso3code />
    <wb:date>2020M01</wb:date>
    <wb:value>154.71338405797</wb:value>
    <wb:unit />
    <wb:obs_status />
    <wb:decimal>0</wb:decimal>
  </wb:data>
  <wb:data>
    <wb:indicator id="DPANUSSPB">Exchange rate, new LCU per USD extended backward, period average,,</wb:indicator>
    <wb:country id="PHL">Philippines</wb:country>
    <wb:countryiso3code />
    <wb:date>2020M01</wb:date>
    <wb:value>50.83247101449</wb:value>
    <wb:unit />
    <wb:obs_status />
    <wb:decimal>0</wb:decimal>
  </wb:data>
  <wb:data>
    <wb:indicator id="DPANUSSPB">Exchange rate, new LCU per USD extended backward, period average,,</wb:indicator>
    <wb:country id="RUS">Russian Federation</wb:country>
    <wb:countryiso3code />
    <wb:date>2020M01</wb:date>
    <wb:value>62.07637681159</wb:value>
    <wb:unit />
    <wb:obs_status />
    <wb:decimal>0</wb:decimal>
  </wb:data>
  <wb:data>
    <wb:indicator id="DPANUSSPB">Exchange rate, new LCU per USD extended backward, period average,,</wb:indicator>
    <wb:country id="USA">United States</wb:country>
    <wb:countryiso3code />
    <wb:date>2020M01</wb:date>
    <wb:value>1</wb:value>
    <wb:unit />
    <wb:obs_status />
    <wb:decimal>0</wb:decimal>
  </wb:data>
</wb:data>