<?xml version="1.0" encoding="UTF-8" ?><response>
<lenders type="list"><lender><lender_id>jeremy</lender_id><name>SmooveJ</name><image><id>172368</id><template_id>1</template_id></image><whereabouts>San Francisco CO</whereabouts><country_code>US</country_code><uid>jeremy</uid><member_since>2006-01-01T09:01:01Z</member_since><personal_url>www.unreasonable.is</personal_url><occupation/><loan_because/><occupational_info>Unreasonable</occupational_info><loan_count>78</loan_count><invitee_count>15</invitee_count><inviter_id>matt</inviter_id></lender></lenders></response>