<?xml version="1.0" encoding="UTF-8" ?><response>
<lenders type="list"><lender><lender_id>mark2693</lender_id><name>Mark &amp; Lori</name><image><id>786402</id><template_id>1</template_id></image><whereabouts>Cary NC</whereabouts><country_code>US</country_code><uid>mark2693</uid><member_since>2007-11-19T04:39:33Z</member_since><personal_url/><occupation>Technical Trainer</occupation><loan_because>God has blessed me with enough to share.</loan_because><occupational_info/><loan_count>12</loan_count><invitee_count>1</invitee_count></lender></lenders></response>