{"paging":{"page":1,"total":268,"page_size":20,"pages":14},"loans":[{"id":1381313,"name":"Solar Home","description":{"languages":["en"]},"status":"funded","funded_amount":50000,"image":{"id":2641017,"template_id":1},"activity":"Renewable Energy Products","sector":"Retail","themes":["Social Enterprise","Clean Energy"],"use":"to distribute pay as you go (PAYG) solar systems in Myanmar.","location":{"country_code":"MM","country":"Myanmar (Burma)","town":"Yangon","geo":{"level":"town","pairs":"22 98","type":"point"}},"partner_id":545,"posted_date":"2017-09-21T11:10:03Z","planned_expiration_date":"2017-10-21T11:10:03Z","loan_amount":50000,"borrower_count":1,"lender_count":826,"bonus_credit_eligibility":false,"tags":[{"name":"user_favorite"},{"name":"#Eco-friendly"},{"name":"#Unique"},{"name":"#Health and Sanitation"},{"name":"#Technology"}]},{"id":1210067,"name":"Christina","description":{"languages":["en"]},"status":"funded","funded_amount":5000,"image":{"id":2400243,"template_id":1},"activity":"Food Production\/Sales","sector":"Food","use":"hire a sous chef so Christina Marie can focus on business development and expansion.","location":{"country_code":"US","country":"United States","geo":{"level":"country","pairs":"38.9024 -76.9901","type":"point"}},"posted_date":"2016-12-23T23:15:32Z","planned_expiration_date":"2017-01-22T23:49:25Z","loan_amount":5000,"borrower_count":1,"lender_count":73,"bonus_credit_eligibility":false,"tags":[{"name":"user_favorite"},{"name":"#Woman Owned Biz"},{"name":"#Parent"},{"name":"#Job Creator"}]},{"id":1169175,"name":"Elizabeth","description":{"languages":["en"]},"status":"funded","funded_amount":50000,"image":{"id":2337455,"template_id":1},"activity":"Poultry","sector":"Agriculture","themes":["Social Enterprise"],"use":"to purchase chicken feed & a delivery vehicle in order to scale a women-owned Tanzanian poultry business to reach 5,000 rural households.","location":{"country_code":"TZ","country":"Tanzania","town":"Dar es Salaam","geo":{"level":"town","pairs":"-6.8 39.283333","type":"point"}},"partner_id":497,"posted_date":"2016-10-17T13:40:07Z","planned_expiration_date":"2016-11-16T14:40:07Z","loan_amount":50000,"borrower_count":1,"lender_count":1765,"bonus_credit_eligibility":false,"tags":[{"name":"user_favorite"},{"name":"#Woman Owned Biz"},{"name":"#Animals"},{"name":"#Unique"},{"name":"#Job Creator"},{"name":"#Biz Durable Asset"}]},{"id":1156972,"name":"Njaka","description":{"languages":["fr","en"]},"status":"funded","funded_amount":50000,"image":{"id":2335245,"template_id":1},"activity":"Agriculture","sector":"Agriculture","themes":["Job Creation","Social Enterprise"],"use":"to fund the harvest of seeds of 6,000 smallholder farmers in the south of Madagascar.","location":{"country_code":"MG","country":"Madagascar","town":"Tsihombe","geo":{"level":"town","pairs":"-20 47","type":"point"}},"partner_id":313,"posted_date":"2016-10-15T07:10:03Z","planned_expiration_date":"2016-11-14T08:10:03Z","loan_amount":50000,"borrower_count":1,"lender_count":1606,"bonus_credit_eligibility":false,"tags":[{"name":"user_favorite"},{"name":"#Sustainable Ag"},{"name":"#Eco-friendly"},{"name":"#Vegan"},{"name":"#Unique"}]},{"id":1164922,"name":"Erasmo","description":{"languages":["es","en"]},"status":"funded","funded_amount":550,"image":{"id":2331196,"template_id":1},"activity":"Home Energy","sector":"Personal Use","themes":["Green","Earth Day Campaign"],"use":"to buy an 80-watt solar system with four lights and accessories to be installed his home.","location":{"country_code":"NI","country":"Nicaragua","geo":{"level":"country","pairs":"13 -85","type":"point"}},"partner_id":279,"posted_date":"2016-10-10T14:50:02Z","planned_expiration_date":"2016-11-09T15:50:02Z","loan_amount":550,"borrower_count":1,"lender_count":17,"bonus_credit_eligibility":false,"tags":[{"name":"user_favorite"},{"name":"#Eco-friendly"},{"name":"#Parent"},{"name":"#Health and Sanitation"},{"name":"#Technology"}]},{"id":1159179,"name":"Jose Antonio","description":{"languages":["es","en"]},"status":"expired","funded_amount":275,"image":{"id":2320542,"template_id":1},"activity":"Pigs","sector":"Agriculture","use":"to buy a concrete mixer and rent it out.","location":{"country_code":"EC","country":"Ecuador","town":"Cahuasqui","geo":{"level":"town","pairs":"-2 -77.5","type":"point"}},"partner_id":457,"posted_date":"2016-10-01T23:10:03Z","planned_expiration_date":"2016-10-31T23:10:03Z","loan_amount":1050,"borrower_count":1,"lender_count":10,"bonus_credit_eligibility":true,"tags":[{"name":"#Elderly"},{"name":"#Schooling"},{"name":"#Supporting Family"},{"name":"#Biz Durable Asset"}]},{"id":1152957,"name":"Farmerline","description":{"languages":["en"]},"status":"funded","funded_amount":50000,"image":{"id":2306124,"template_id":1},"activity":"Agriculture","sector":"Agriculture","themes":["Social Enterprise"],"use":"to expand weather, farming information and financing for 500 cocoa farmers through mobile services in Ghana.","location":{"country_code":"GH","country":"Ghana","town":"Accra","geo":{"level":"town","pairs":"5.55 -0.216667","type":"point"}},"partner_id":490,"posted_date":"2016-09-19T13:20:02Z","planned_expiration_date":"2016-10-19T13:20:02Z","loan_amount":50000,"borrower_count":1,"lender_count":1481,"bonus_credit_eligibility":false,"tags":[{"name":"user_favorite"},{"name":"#Sustainable Ag"},{"name":"#Vegan"},{"name":"#Unique"},{"name":"#Trees"},{"name":"#Technology"}]},{"id":1139605,"name":"Na Tau 44 Group","description":{"languages":["en"]},"status":"funded","funded_amount":3250,"image":{"id":2286178,"template_id":1},"activity":"Pigs","sector":"Agriculture","use":"to buy piglets and feed for them.","location":{"country_code":"VN","country":"Vietnam","town":"Dien Bien","geo":{"level":"town","pairs":"16.166667 107.833333","type":"point"}},"partner_id":342,"posted_date":"2016-09-06T13:40:02Z","planned_expiration_date":"2016-10-06T13:40:02Z","loan_amount":3250,"borrower_count":11,"lender_count":115,"bonus_credit_eligibility":false,"tags":[{"name":"user_favorite"},{"name":"#Woman Owned Biz"},{"name":"#Sustainable Ag"},{"name":"#Animals"},{"name":"#Parent"},{"name":"#Schooling"}]},{"id":1142004,"name":"Darisol","description":{"languages":["es","en"]},"status":"funded","funded_amount":1150,"image":{"id":2291265,"template_id":1},"activity":"Clothing Sales","sector":"Clothing","themes":["IPA Study","Innovative Loans","Flexible Credit Study"],"use":"to buy jeans, sweaters, and blouses that her customers have ordered.","location":{"country_code":"CO","country":"Colombia","town":"Barranquilla","geo":{"level":"town","pairs":"4 -72","type":"point"}},"partner_id":154,"posted_date":"2016-09-02T02:00:03Z","planned_expiration_date":"2016-10-02T02:00:03Z","loan_amount":1150,"borrower_count":1,"lender_count":36,"bonus_credit_eligibility":true,"tags":[{"name":"volunteer_pick"},{"name":"#First Loan"},{"name":"#Woman Owned Biz"},{"name":"#Parent"},{"name":"#Single Parent"}]},{"id":1139045,"name":"St Kagwa Women Group","description":{"languages":["en"]},"status":"funded","funded_amount":1850,"image":{"id":2285667,"template_id":1},"activity":"Clothing Sales","sector":"Clothing","themes":["Rural Exclusion"],"use":"to buy a variety of clothing to sell.","location":{"country_code":"UG","country":"Uganda","town":"Kasese","geo":{"level":"town","pairs":"2 33","type":"point"}},"partner_id":163,"posted_date":"2016-08-26T19:40:05Z","planned_expiration_date":"2016-09-25T19:40:05Z","loan_amount":1850,"borrower_count":15,"lender_count":33,"bonus_credit_eligibility":true,"tags":[]},{"id":1130020,"name":"Peniamina","description":{"languages":["en"]},"status":"funded","funded_amount":1275,"image":{"id":2272974,"template_id":1},"activity":"Farming","sector":"Agriculture","themes":["Start-Up","Rural Exclusion","Underfunded Areas"],"use":"to buy vegetable seeds, chemicals, a wheelbarrow, a water tank, a rake, a shovel, gloves and safety boots,.","location":{"country_code":"WS","country":"Samoa","town":"Tafangamanu","geo":{"level":"town","pairs":"-13.583333 -172.333333","type":"point"}},"partner_id":15,"posted_date":"2016-08-16T20:40:02Z","planned_expiration_date":"2016-09-15T20:40:02Z","loan_amount":1275,"borrower_count":1,"lender_count":39,"bonus_credit_eligibility":true,"tags":[{"name":"volunteer_pick"},{"name":"user_favorite"},{"name":"#Woman Owned Biz"},{"name":"#Vegan"},{"name":"#Single"},{"name":"#Biz Durable Asset"}]},{"id":1117862,"name":"Sao's Group","description":{"languages":["en"]},"status":"funded","funded_amount":100,"image":{"id":2255136,"template_id":1},"activity":"Home Appliances","sector":"Personal Use","themes":["Earth Day Campaign","Water and Sanitation"],"use":"to buy a water filter to provide safe drinking water for their family.","location":{"country_code":"KH","country":"Cambodia","town":"Kompong Thom","geo":{"level":"town","pairs":"13 105","type":"point"}},"partner_id":311,"posted_date":"2016-07-26T12:00:03Z","planned_expiration_date":"2016-08-25T12:00:02Z","loan_amount":100,"borrower_count":2,"lender_count":4,"bonus_credit_eligibility":false,"tags":[{"name":"#Eco-friendly"},{"name":"#Health and Sanitation"},{"name":"#Technology"}]},{"id":1111890,"name":"Luis Alberto","description":{"languages":["es","en"]},"status":"funded","funded_amount":875,"image":{"id":2246294,"template_id":1},"activity":"Clothing Sales","sector":"Clothing","themes":["Disaster recovery"],"use":"to buy pants, blouses, and t-shirts.","location":{"country_code":"EC","country":"Ecuador","town":"Portoviejo","geo":{"level":"town","pairs":"-2 -77.5","type":"point"}},"partner_id":137,"posted_date":"2016-07-07T18:20:03Z","planned_expiration_date":"2016-08-06T18:20:03Z","loan_amount":875,"borrower_count":1,"lender_count":34,"bonus_credit_eligibility":true,"tags":[{"name":"#First Loan"}]},{"id":1102452,"name":"Yin's Group","description":{"languages":["en"]},"status":"funded","funded_amount":200,"image":{"id":2232369,"template_id":1},"activity":"Home Appliances","sector":"Personal Use","themes":["Earth Day Campaign","Water and Sanitation"],"use":"to buy a water filter to provide safe drinking water for their family.","location":{"country_code":"KH","country":"Cambodia","town":"Kandal","geo":{"level":"town","pairs":"13 105","type":"point"}},"partner_id":311,"posted_date":"2016-06-26T13:00:02Z","planned_expiration_date":"2016-07-26T13:00:02Z","loan_amount":200,"borrower_count":5,"lender_count":8,"bonus_credit_eligibility":false,"tags":[{"name":"#Eco-friendly"},{"name":"#Health and Sanitation"},{"name":"#Technology"}]},{"id":1096289,"name":"Alh Abdulrahaman","description":{"languages":["en"]},"status":"funded","funded_amount":850,"image":{"id":2221832,"template_id":1},"activity":"Farming","sector":"Agriculture","themes":["Underfunded Areas","Rural Exclusion","Vulnerable Groups","Innovative Loans"],"use":"to purchase improved farm inputs that will increase farm yields.","location":{"country_code":"NG","country":"Nigeria","town":"Kaduna","geo":{"level":"town","pairs":"10 8","type":"point"}},"partner_id":288,"posted_date":"2016-06-23T21:00:05Z","planned_expiration_date":"2016-07-23T21:00:05Z","loan_amount":850,"borrower_count":1,"lender_count":32,"currency_exchange_loss_amount":341.29,"bonus_credit_eligibility":false,"tags":[{"name":"#Vegan"},{"name":"#Parent"},{"name":"#Schooling"}]},{"id":1102687,"name":"Flor De Cafe Group","description":{"languages":["es","en"]},"status":"funded","funded_amount":4500,"image":{"id":2232839,"template_id":1},"activity":"Clothing","sector":"Clothing","use":"to buy t-shirts at wholesale prices.","location":{"country_code":"BO","country":"Bolivia","town":"La Paz  \/ El Alto","geo":{"level":"town","pairs":"-16.483333 -68.183333","type":"point"}},"partner_id":59,"posted_date":"2016-06-22T09:50:02Z","planned_expiration_date":"2016-07-22T09:50:02Z","loan_amount":4500,"borrower_count":9,"lender_count":58,"bonus_credit_eligibility":true,"tags":[{"name":"user_favorite"},{"name":"#First Loan"},{"name":"#Woman Owned Biz"},{"name":"#Single"},{"name":"#Supporting Family"}]},{"id":1098676,"name":"Hadijah","description":{"languages":["en"]},"status":"funded","funded_amount":900,"image":{"id":2222279,"template_id":1},"activity":"Used Clothing","sector":"Clothing","themes":["Rural Exclusion"],"use":"to buy more used clothes to sell.","location":{"country_code":"UG","country":"Uganda","town":"Fort Portal","geo":{"level":"town","pairs":"2 33","type":"point"}},"partner_id":163,"posted_date":"2016-06-18T19:20:06Z","planned_expiration_date":"2016-07-18T19:20:06Z","loan_amount":900,"borrower_count":1,"lender_count":33,"bonus_credit_eligibility":true,"tags":[{"name":"#Woman Owned Biz"},{"name":"#Eco-friendly"}]},{"id":1094824,"name":"Omane","description":{"languages":["en"]},"status":"funded","funded_amount":275,"image":{"id":2036008,"template_id":1},"activity":"Farming","sector":"Agriculture","themes":["Earth Day Campaign","Green"],"use":"to expand his oil palm field.","location":{"country_code":"GH","country":"Ghana","town":"Kukubi-Bomso","geo":{"level":"town","pairs":"8 -2","type":"point"}},"partner_id":449,"posted_date":"2016-06-14T00:00:05Z","planned_expiration_date":"2016-07-14T00:00:05Z","loan_amount":275,"borrower_count":1,"lender_count":11,"currency_exchange_loss_amount":5.77,"bonus_credit_eligibility":false,"tags":[{"name":"user_favorite"},{"name":"#Sustainable Ag"},{"name":"#Eco-friendly"},{"name":"#Vegan"},{"name":"#Parent"},{"name":"#Repeat Borrower"},{"name":"#Trees"}]},{"id":1096316,"name":"Veronica Alexandra","description":{"languages":["es","en"]},"status":"funded","funded_amount":500,"image":{"id":2221869,"template_id":1},"activity":"Clothing Sales","sector":"Clothing","themes":["Vulnerable Groups","Underfunded Areas"],"use":"to purchase lycras, shoes, pants, jackets, and outfits for babies.","location":{"country_code":"EC","country":"Ecuador","town":"Tulc\u00e1n","geo":{"level":"town","pairs":"-2 -77.5","type":"point"}},"partner_id":188,"posted_date":"2016-06-10T13:30:03Z","planned_expiration_date":"2016-07-10T13:30:03Z","loan_amount":500,"borrower_count":1,"lender_count":11,"bonus_credit_eligibility":true,"tags":[{"name":"user_favorite"},{"name":"#Woman Owned Biz"},{"name":"#Parent"},{"name":"#Single Parent"}]},{"id":1075041,"name":"Mihail","description":{"languages":["en"]},"status":"funded","funded_amount":1775,"image":{"id":2188817,"template_id":1},"activity":"Animal Sales","sector":"Agriculture","themes":["Rural Exclusion"],"use":"to rebuild the stable for cattle.","location":{"country_code":"MD","country":"Moldova","town":"Ungheni","geo":{"level":"town","pairs":"47.204167 27.795833","type":"point"}},"partner_id":454,"posted_date":"2016-05-29T21:40:03Z","planned_expiration_date":"2016-06-28T21:40:03Z","loan_amount":1775,"borrower_count":1,"lender_count":70,"bonus_credit_eligibility":false,"tags":[{"name":"#Sustainable Ag"},{"name":"#Animals"},{"name":"#Parent"},{"name":"#Repeat Borrower"},{"name":"#Repair Renew Replace"}]}]}