[{"page":1,"pages":1,"per_page":5000,"total":266,"sourceid":"2","sourcename":"World Development Indicators","lastupdated":"2022-09-16"},[{"indicator":{"id":"SP.POP.TOTL","value":"Population, total"},"country":{"id":"ZH","value":"Africa Eastern and Southern"},"countryiso3code":"AFE","date":"2012","value":547482863,"unit":"","obs_status":"","decimal":0},{"indicator":{"id":"SP.POP.TOTL","value":"Population, total"},"country":{"id":"ZI","value":"Africa Western and Central"},"countryiso3code":"AFW","date":"2012","value":370243017,"unit":"","obs_status":"","decimal":0},{"indicator":{"id":"SP.POP.TOTL","value":"Population, total"},"country":{"id":"1A","value":"Arab World"},"countryiso3code":"ARB","date":"2012","value":371437642,"unit":"","obs_status":"","decimal":0},{"indicator":{"id":"SP.POP.TOTL","value":"Population, total"},"country":{"id":"S3","value":"Caribbean small states"},"countryiso3code":"CSS","date":"2012","value":7072640,"unit":"","obs_status":"","decimal":0},{"indicator":{"id":"SP.POP.TOTL","value":"Population, total"},"country":{"id":"B8","value":"Central Europe and the Baltics"},"countryiso3code":"CEB","date":"2012","value":103935318,"unit":"","obs_status":"","decimal":0},{"indicator":{"id":"SP.POP.TOTL","value":"Population, total"},"country":{"id":"V2","value":"Early-demographic dividend"},"countryiso3code":"EAR","date":"2012","value":2994346938,"unit":"","obs_status":"","decimal":0},{"indicator":{"id":"SP.POP.TOTL","value":"Population, total"},"country":{"id":"Z4","value":"East Asia & Pacific"},"countryiso3code":"EAS","date":"2012","value":2240312711,"unit":"","obs_status":"","decimal":0},{"indicator":{"id":"SP.POP.TOTL","value":"Population, total"},"country":{"id":"4E","value":"East Asia & Pacific (excluding high income)"},"countryiso3code":"EAP","date":"2012","value":1997902548,"unit":"","obs_status":"","decimal":0},{"indicator":{"id":"SP.POP.TOTL","value":"Population, total"},"country":{"id":"T4","value":"East Asia & Pacific (IDA & IBRD countries)"},"countryiso3code":"TEA","date":"2012","value":1973056377,"unit":"","obs_status":"","decimal":0},{"indicator":{"id":"SP.POP.TOTL","value":"Population, total"},"country":{"id":"XC","value":"Euro area"},"countryiso3code":"EMU","date":"2012","value":336159199,"unit":"","obs_status":"","decimal":0},{"indicator":{"id":"SP.POP.TOTL","value":"Population, total"},"country":{"id":"Z7","value":"Europe & Central Asia"},"countryiso3code":"ECS","date":"2012","value":893755804,"unit":"","obs_status":"","decimal":0},{"indicator":{"id":"SP.POP.TOTL","value":"Population, total"},"country":{"id":"7E","value":"Europe & Central Asia (excluding high income)"},"countryiso3code":"ECA","date":"2012","value":382476923,"unit":"","obs_status":"","decimal":0},{"indicator":{"id":"SP.POP.TOTL","value":"Population, total"},"country":{"id":"T7","value":"Europe & Central Asia (IDA & IBRD countries)"},"countryiso3code":"TEC","date":"2012","value":444865680,"unit":"","obs_status":"","decimal":0},{"indicator":{"id":"SP.POP.TOTL","value":"Population, total"},"country":{"id":"EU","value":"European Union"},"countryiso3code":"EUU","date":"2012","value":441395937,"unit":"","obs_status":"","decimal":0},{"indicator":{"id":"SP.POP.TOTL","value":"Population, total"},"country":{"id":"F1","value":"Fragile and conflict affected situations"},"countryiso3code":"FCS","date":"2012","value":806049519,"unit":"","obs_status":"","decimal":0},{"indicator":{"id":"SP.POP.TOTL","value":"Population, total"},"country":{"id":"XE","value":"Heavily indebted poor countries (HIPC)"},"countryiso3code":"HPC","date":"2012","value":660193919,"unit":"","obs_status":"","decimal":0},{"indicator":{"id":"SP.POP.TOTL","value":"Population, total"},"country":{"id":"XD","value":"High income"},"countryiso3code":"","date":"2012","value":1190276979,"unit":"","obs_status":"","decimal":0},{"indicator":{"id":"SP.POP.TOTL","value":"Population, total"},"country":{"id":"XF","value":"IBRD only"},"countryiso3code":"IBD","date":"2012","value":4518944265,"unit":"","obs_status":"","decimal":0},{"indicator":{"id":"SP.POP.TOTL","value":"Population, total"},"country":{"id":"ZT","value":"IDA & IBRD total"},"countryiso3code":"IBT","date":"2012","value":5947406419,"unit":"","obs_status":"","decimal":0},{"indicator":{"id":"SP.POP.TOTL","value":"Population, total"},"country":{"id":"XH","value":"IDA blend"},"countryiso3code":"IDB","date":"2012","value":478335316,"unit":"","obs_status":"","decimal":0},{"indicator":{"id":"SP.POP.TOTL","value":"Population, total"},"country":{"id":"XI","value":"IDA only"},"countryiso3code":"IDX","date":"2012","value":950126838,"unit":"","obs_status":"","decimal":0},{"indicator":{"id":"SP.POP.TOTL","value":"Population, total"},"country":{"id":"XG","value":"IDA total"},"countryiso3code":"IDA","date":"2012","value":1428462154,"unit":"","obs_status":"","decimal":0},{"indicator":{"id":"SP.POP.TOTL","value":"Population, total"},"country":{"id":"V3","value":"Late-demographic dividend"},"countryiso3code":"LTE","date":"2012","value":2210411890,"unit":"","obs_status":"","decimal":0},{"indicator":{"id":"SP.POP.TOTL","value":"Population, total"},"country":{"id":"ZJ","value":"Latin America & Caribbean"},"countryiso3code":"LCN","date":"2012","value":603094656,"unit":"","obs_status":"","decimal":0},{"indicator":{"id":"SP.POP.TOTL","value":"Population, total"},"country":{"id":"XJ","value":"Latin America & Caribbean (excluding high income)"},"countryiso3code":"LAC","date":"2012","value":542860814,"unit":"","obs_status":"","decimal":0},{"indicator":{"id":"SP.POP.TOTL","value":"Population, total"},"country":{"id":"T2","value":"Latin America & the Caribbean (IDA & IBRD countries)"},"countryiso3code":"TLA","date":"2012","value":586999600,"unit":"","obs_status":"","decimal":0},{"indicator":{"id":"SP.POP.TOTL","value":"Population, total"},"country":{"id":"XL","value":"Least developed countries: UN classification"},"countryiso3code":"LDC","date":"2012","value":876617729,"unit":"","obs_status":"","decimal":0},{"indicator":{"id":"SP.POP.TOTL","value":"Population, total"},"country":{"id":"XO","value":"Low & middle income"},"countryiso3code":"LMY","date":"2012","value":5869616742,"unit":"","obs_status":"","decimal":0},{"indicator":{"id":"SP.POP.TOTL","value":"Population, total"},"country":{"id":"XM","value":"Low income"},"countryiso3code":"","date":"2012","value":555670836,"unit":"","obs_status":"","decimal":0},{"indicator":{"id":"SP.POP.TOTL","value":"Population, total"},"country":{"id":"XN","value":"Lower middle income"},"countryiso3code":"","date":"2012","value":2958978379,"unit":"","obs_status":"","decimal":0},{"indicator":{"id":"SP.POP.TOTL","value":"Population, total"},"country":{"id":"ZQ","value":"Middle East & North Africa"},"countryiso3code":"MEA","date":"2012","value":401968363,"unit":"","obs_status":"","decimal":0},{"indicator":{"id":"SP.POP.TOTL","value":"Population, total"},"country":{"id":"XQ","value":"Middle East & North Africa (excluding high income)"},"countryiso3code":"MNA","date":"2012","value":344998428,"unit":"","obs_status":"","decimal":0},{"indicator":{"id":"SP.POP.TOTL","value":"Population, total"},"country":{"id":"T3","value":"Middle East & North Africa (IDA & IBRD countries)"},"countryiso3code":"TMN","date":"2012","value":341018430,"unit":"","obs_status":"","decimal":0},{"indicator":{"id":"SP.POP.TOTL","value":"Population, total"},"country":{"id":"XP","value":"Middle income"},"countryiso3code":"MIC","date":"2012","value":5313945906,"unit":"","obs_status":"","decimal":0},{"indicator":{"id":"SP.POP.TOTL","value":"Population, total"},"country":{"id":"XU","value":"North America"},"countryiso3code":"NAC","date":"2012","value":348656682,"unit":"","obs_status":"","decimal":0},{"indicator":{"id":"SP.POP.TOTL","value":"Population, total"},"country":{"id":"XY","value":"Not classified"},"countryiso3code":"","date":"2012","value":null,"unit":"","obs_status":"","decimal":0},{"indicator":{"id":"SP.POP.TOTL","value":"Population, total"},"country":{"id":"OE","value":"OECD members"},"countryiso3code":"OED","date":"2012","value":1306807834,"unit":"","obs_status":"","decimal":0},{"indicator":{"id":"SP.POP.TOTL","value":"Population, total"},"country":{"id":"S4","value":"Other small states"},"countryiso3code":"OSS","date":"2012","value":27227313,"unit":"","obs_status":"","decimal":0},{"indicator":{"id":"SP.POP.TOTL","value":"Population, total"},"country":{"id":"S2","value":"Pacific island small states"},"countryiso3code":"PSS","date":"2012","value":2268553,"unit":"","obs_status":"","decimal":0},{"indicator":{"id":"SP.POP.TOTL","value":"Population, total"},"country":{"id":"V4","value":"Post-demographic dividend"},"countryiso3code":"PST","date":"2012","value":1082356457,"unit":"","obs_status":"","decimal":0},{"indicator":{"id":"SP.POP.TOTL","value":"Population, total"},"country":{"id":"V1","value":"Pre-demographic dividend"},"countryiso3code":"PRE","date":"2012","value":775573262,"unit":"","obs_status":"","decimal":0},{"indicator":{"id":"SP.POP.TOTL","value":"Population, total"},"country":{"id":"S1","value":"Small states"},"countryiso3code":"SST","date":"2012","value":36568506,"unit":"","obs_status":"","decimal":0},{"indicator":{"id":"SP.POP.TOTL","value":"Population, total"},"country":{"id":"8S","value":"South Asia"},"countryiso3code":"SAS","date":"2012","value":1683740452,"unit":"","obs_status":"","decimal":0},{"indicator":{"id":"SP.POP.TOTL","value":"Population, total"},"country":{"id":"T5","value":"South Asia (IDA & IBRD)"},"countryiso3code":"TSA","date":"2012","value":1683740452,"unit":"","obs_status":"","decimal":0},{"indicator":{"id":"SP.POP.TOTL","value":"Population, total"},"country":{"id":"ZG","value":"Sub-Saharan Africa"},"countryiso3code":"SSF","date":"2012","value":917725880,"unit":"","obs_status":"","decimal":0},{"indicator":{"id":"SP.POP.TOTL","value":"Population, total"},"country":{"id":"ZF","value":"Sub-Saharan Africa (excluding high income)"},"countryiso3code":"SSA","date":"2012","value":917637577,"unit":"","obs_status":"","decimal":0},{"indicator":{"id":"SP.POP.TOTL","value":"Population, total"},"country":{"id":"T6","value":"Sub-Saharan Africa (IDA & IBRD countries)"},"countryiso3code":"TSS","date":"2012","value":917725880,"unit":"","obs_status":"","decimal":0},{"indicator":{"id":"SP.POP.TOTL","value":"Population, total"},"country":{"id":"XT","value":"Upper middle income"},"countryiso3code":"","date":"2012","value":2354967527,"unit":"","obs_status":"","decimal":0},{"indicator":{"id":"SP.POP.TOTL","value":"Population, total"},"country":{"id":"1W","value":"World"},"countryiso3code":"WLD","date":"2012","value":7089254548,"unit":"","obs_status":"","decimal":0},{"indicator":{"id":"SP.POP.TOTL","value":"Population, total"},"country":{"id":"AF","value":"Afghanistan"},"countryiso3code":"AFG","date":"2012","value":31161378,"unit":"","obs_status":"","decimal":0},{"indicator":{"id":"SP.POP.TOTL","value":"Population, total"},"country":{"id":"AL","value":"Albania"},"countryiso3code":"ALB","date":"2012","value":2900401,"unit":"","obs_status":"","decimal":0},{"indicator":{"id":"SP.POP.TOTL","value":"Population, total"},"country":{"id":"DZ","value":"Algeria"},"countryiso3code":"DZA","date":"2012","value":37383899,"unit":"","obs_status":"","decimal":0},{"indicator":{"id":"SP.POP.TOTL","value":"Population, total"},"country":{"id":"AS","value":"American Samoa"},"countryiso3code":"ASM","date":"2012","value":55669,"unit":"","obs_status":"","decimal":0},{"indicator":{"id":"SP.POP.TOTL","value":"Population, total"},"country":{"id":"AD","value":"Andorra"},"countryiso3code":"AND","date":"2012","value":82427,"unit":"","obs_status":"","decimal":0},{"indicator":{"id":"SP.POP.TOTL","value":"Population, total"},"country":{"id":"AO","value":"Angola"},"countryiso3code":"AGO","date":"2012","value":25107925,"unit":"","obs_status":"","decimal":0},{"indicator":{"id":"SP.POP.TOTL","value":"Population, total"},"country":{"id":"AG","value":"Antigua and Barbuda"},"countryiso3code":"ATG","date":"2012","value":90407,"unit":"","obs_status":"","decimal":0},{"indicator":{"id":"SP.POP.TOTL","value":"Population, total"},"country":{"id":"AR","value":"Argentina"},"countryiso3code":"ARG","date":"2012","value":41733271,"unit":"","obs_status":"","decimal":0},{"indicator":{"id":"SP.POP.TOTL","value":"Population, total"},"country":{"id":"AM","value":"Armenia"},"countryiso3code":"ARM","date":"2012","value":2884239,"unit":"","obs_status":"","decimal":0},{"indicator":{"id":"SP.POP.TOTL","value":"Population, total"},"country":{"id":"AW","value":"Aruba"},"countryiso3code":"ABW","date":"2012","value":102565,"unit":"","obs_status":"","decimal":0},{"indicator":{"id":"SP.POP.TOTL","value":"Population, total"},"country":{"id":"AU","value":"Australia"},"countryiso3code":"AUS","date":"2012","value":22733465,"unit":"","obs_status":"","decimal":0},{"indicator":{"id":"SP.POP.TOTL","value":"Population, total"},"country":{"id":"AT","value":"Austria"},"countryiso3code":"AUT","date":"2012","value":8429991,"unit":"","obs_status":"","decimal":0},{"indicator":{"id":"SP.POP.TOTL","value":"Population, total"},"country":{"id":"AZ","value":"Azerbaijan"},"countryiso3code":"AZE","date":"2012","value":9295784,"unit":"","obs_status":"","decimal":0},{"indicator":{"id":"SP.POP.TOTL","value":"Population, total"},"country":{"id":"BS","value":"Bahamas, The"},"countryiso3code":"BHS","date":"2012","value":363581,"unit":"","obs_status":"","decimal":0},{"indicator":{"id":"SP.POP.TOTL","value":"Population, total"},"country":{"id":"BH","value":"Bahrain"},"countryiso3code":"BHR","date":"2012","value":1299942,"unit":"","obs_status":"","decimal":0},{"indicator":{"id":"SP.POP.TOTL","value":"Population, total"},"country":{"id":"BD","value":"Bangladesh"},"countryiso3code":"BGD","date":"2012","value":151005733,"unit":"","obs_status":"","decimal":0},{"indicator":{"id":"SP.POP.TOTL","value":"Population, total"},"country":{"id":"BB","value":"Barbados"},"countryiso3code":"BRB","date":"2012","value":283698,"unit":"","obs_status":"","decimal":0},{"indicator":{"id":"SP.POP.TOTL","value":"Population, total"},"country":{"id":"BY","value":"Belarus"},"countryiso3code":"BLR","date":"2012","value":9446836,"unit":"","obs_status":"","decimal":0},{"indicator":{"id":"SP.POP.TOTL","value":"Population, total"},"country":{"id":"BE","value":"Belgium"},"countryiso3code":"BEL","date":"2012","value":11106932,"unit":"","obs_status":"","decimal":0},{"indicator":{"id":"SP.POP.TOTL","value":"Population, total"},"country":{"id":"BZ","value":"Belize"},"countryiso3code":"BLZ","date":"2012","value":338001,"unit":"","obs_status":"","decimal":0},{"indicator":{"id":"SP.POP.TOTL","value":"Population, total"},"country":{"id":"BJ","value":"Benin"},"countryiso3code":"BEN","date":"2012","value":9729254,"unit":"","obs_status":"","decimal":0},{"indicator":{"id":"SP.POP.TOTL","value":"Population, total"},"country":{"id":"BM","value":"Bermuda"},"countryiso3code":"BMU","date":"2012","value":64798,"unit":"","obs_status":"","decimal":0},{"indicator":{"id":"SP.POP.TOTL","value":"Population, total"},"country":{"id":"BT","value":"Bhutan"},"countryiso3code":"BTN","date":"2012","value":701582,"unit":"","obs_status":"","decimal":0},{"indicator":{"id":"SP.POP.TOTL","value":"Population, total"},"country":{"id":"BO","value":"Bolivia"},"countryiso3code":"BOL","date":"2012","value":10377677,"unit":"","obs_status":"","decimal":0},{"indicator":{"id":"SP.POP.TOTL","value":"Population, total"},"country":{"id":"BA","value":"Bosnia and Herzegovina"},"countryiso3code":"BIH","date":"2012","value":3604972,"unit":"","obs_status":"","decimal":0},{"indicator":{"id":"SP.POP.TOTL","value":"Population, total"},"country":{"id":"BW","value":"Botswana"},"countryiso3code":"BWA","date":"2012","value":2039551,"unit":"","obs_status":"","decimal":0},{"indicator":{"id":"SP.POP.TOTL","value":"Population, total"},"country":{"id":"BR","value":"Brazil"},"countryiso3code":"BRA","date":"2012","value":199287292,"unit":"","obs_status":"","decimal":0},{"indicator":{"id":"SP.POP.TOTL","value":"Population, total"},"country":{"id":"VG","value":"British Virgin Islands"},"countryiso3code":"VGB","date":"2012","value":28654,"unit":"","obs_status":"","decimal":0},{"indicator":{"id":"SP.POP.TOTL","value":"Population, total"},"country":{"id":"BN","value":"Brunei Darussalam"},"countryiso3code":"BRN","date":"2012","value":398997,"unit":"","obs_status":"","decimal":0},{"indicator":{"id":"SP.POP.TOTL","value":"Population, total"},"country":{"id":"BG","value":"Bulgaria"},"countryiso3code":"BGR","date":"2012","value":7305888,"unit":"","obs_status":"","decimal":0},{"indicator":{"id":"SP.POP.TOTL","value":"Population, total"},"country":{"id":"BF","value":"Burkina Faso"},"countryiso3code":"BFA","date":"2012","value":16571252,"unit":"","obs_status":"","decimal":0},{"indicator":{"id":"SP.POP.TOTL","value":"Population, total"},"country":{"id":"BI","value":"Burundi"},"countryiso3code":"BDI","date":"2012","value":9245992,"unit":"","obs_status":"","decimal":0},{"indicator":{"id":"SP.POP.TOTL","value":"Population, total"},"country":{"id":"CV","value":"Cabo Verde"},"countryiso3code":"CPV","date":"2012","value":505241,"unit":"","obs_status":"","decimal":0},{"indicator":{"id":"SP.POP.TOTL","value":"Population, total"},"country":{"id":"KH","value":"Cambodia"},"countryiso3code":"KHM","date":"2012","value":14780454,"unit":"","obs_status":"","decimal":0},{"indicator":{"id":"SP.POP.TOTL","value":"Population, total"},"country":{"id":"CM","value":"Cameroon"},"countryiso3code":"CMR","date":"2012","value":21485267,"unit":"","obs_status":"","decimal":0},{"indicator":{"id":"SP.POP.TOTL","value":"Population, total"},"country":{"id":"CA","value":"Canada"},"countryiso3code":"CAN","date":"2012","value":34714222,"unit":"","obs_status":"","decimal":0},{"indicator":{"id":"SP.POP.TOTL","value":"Population, total"},"country":{"id":"KY","value":"Cayman Islands"},"countryiso3code":"CYM","date":"2012","value":58963,"unit":"","obs_status":"","decimal":0},{"indicator":{"id":"SP.POP.TOTL","value":"Population, total"},"country":{"id":"CF","value":"Central African Republic"},"countryiso3code":"CAF","date":"2012","value":4436411,"unit":"","obs_status":"","decimal":0},{"indicator":{"id":"SP.POP.TOTL","value":"Population, total"},"country":{"id":"TD","value":"Chad"},"countryiso3code":"TCD","date":"2012","value":12784748,"unit":"","obs_status":"","decimal":0},{"indicator":{"id":"SP.POP.TOTL","value":"Population, total"},"country":{"id":"JG","value":"Channel Islands"},"countryiso3code":"CHI","date":"2012","value":162051,"unit":"","obs_status":"","decimal":0},{"indicator":{"id":"SP.POP.TOTL","value":"Population, total"},"country":{"id":"CL","value":"Chile"},"countryiso3code":"CHL","date":"2012","value":17400359,"unit":"","obs_status":"","decimal":0},{"indicator":{"id":"SP.POP.TOTL","value":"Population, total"},"country":{"id":"CN","value":"China"},"countryiso3code":"CHN","date":"2012","value":1354190000,"unit":"","obs_status":"","decimal":0},{"indicator":{"id":"SP.POP.TOTL","value":"Population, total"},"country":{"id":"CO","value":"Colombia"},"countryiso3code":"COL","date":"2012","value":46075721,"unit":"","obs_status":"","decimal":0},{"indicator":{"id":"SP.POP.TOTL","value":"Population, total"},"country":{"id":"KM","value":"Comoros"},"countryiso3code":"COM","date":"2012","value":723865,"unit":"","obs_status":"","decimal":0},{"indicator":{"id":"SP.POP.TOTL","value":"Population, total"},"country":{"id":"CD","value":"Congo, Dem. Rep."},"countryiso3code":"COD","date":"2012","value":69020749,"unit":"","obs_status":"","decimal":0},{"indicator":{"id":"SP.POP.TOTL","value":"Population, total"},"country":{"id":"CG","value":"Congo, Rep."},"countryiso3code":"COG","date":"2012","value":4510197,"unit":"","obs_status":"","decimal":0},{"indicator":{"id":"SP.POP.TOTL","value":"Population, total"},"country":{"id":"CR","value":"Costa Rica"},"countryiso3code":"CRI","date":"2012","value":4688003,"unit":"","obs_status":"","decimal":0},{"indicator":{"id":"SP.POP.TOTL","value":"Population, total"},"country":{"id":"CI","value":"Cote d'Ivoire"},"countryiso3code":"CIV","date":"2012","value":21547188,"unit":"","obs_status":"","decimal":0},{"indicator":{"id":"SP.POP.TOTL","value":"Population, total"},"country":{"id":"HR","value":"Croatia"},"countryiso3code":"HRV","date":"2012","value":4267558,"unit":"","obs_status":"","decimal":0},{"indicator":{"id":"SP.POP.TOTL","value":"Population, total"},"country":{"id":"CU","value":"Cuba"},"countryiso3code":"CUB","date":"2012","value":11257112,"unit":"","obs_status":"","decimal":0},{"indicator":{"id":"SP.POP.TOTL","value":"Population, total"},"country":{"id":"CW","value":"Curacao"},"countryiso3code":"CUW","date":"2012","value":152088,"unit":"","obs_status":"","decimal":0},{"indicator":{"id":"SP.POP.TOTL","value":"Population, total"},"country":{"id":"CY","value":"Cyprus"},"countryiso3code":"CYP","date":"2012","value":1135046,"unit":"","obs_status":"","decimal":0},{"indicator":{"id":"SP.POP.TOTL","value":"Population, total"},"country":{"id":"CZ","value":"Czech Republic"},"countryiso3code":"CZE","date":"2012","value":10510785,"unit":"","obs_status":"","decimal":0},{"indicator":{"id":"SP.POP.TOTL","value":"Population, total"},"country":{"id":"DK","value":"Denmark"},"countryiso3code":"DNK","date":"2012","value":5591572,"unit":"","obs_status":"","decimal":0},{"indicator":{"id":"SP.POP.TOTL","value":"Population, total"},"country":{"id":"DJ","value":"Djibouti"},"countryiso3code":"DJI","date":"2012","value":868136,"unit":"","obs_status":"","decimal":0},{"indicator":{"id":"SP.POP.TOTL","value":"Population, total"},"country":{"id":"DM","value":"Dominica"},"countryiso3code":"DMA","date":"2012","value":70954,"unit":"","obs_status":"","decimal":0},{"indicator":{"id":"SP.POP.TOTL","value":"Population, total"},"country":{"id":"DO","value":"Dominican Republic"},"countryiso3code":"DOM","date":"2012","value":9930916,"unit":"","obs_status":"","decimal":0},{"indicator":{"id":"SP.POP.TOTL","value":"Population, total"},"country":{"id":"EC","value":"Ecuador"},"countryiso3code":"ECU","date":"2012","value":15474099,"unit":"","obs_status":"","decimal":0},{"indicator":{"id":"SP.POP.TOTL","value":"Population, total"},"country":{"id":"EG","value":"Egypt, Arab Rep."},"countryiso3code":"EGY","date":"2012","value":86422240,"unit":"","obs_status":"","decimal":0},{"indicator":{"id":"SP.POP.TOTL","value":"Population, total"},"country":{"id":"SV","value":"El Salvador"},"countryiso3code":"SLV","date":"2012","value":6237922,"unit":"","obs_status":"","decimal":0},{"indicator":{"id":"SP.POP.TOTL","value":"Population, total"},"country":{"id":"GQ","value":"Equatorial Guinea"},"countryiso3code":"GNQ","date":"2012","value":1031191,"unit":"","obs_status":"","decimal":0},{"indicator":{"id":"SP.POP.TOTL","value":"Population, total"},"country":{"id":"ER","value":"Eritrea"},"countryiso3code":"ERI","date":"2012","value":null,"unit":"","obs_status":"","decimal":0},{"indicator":{"id":"SP.POP.TOTL","value":"Population, total"},"country":{"id":"EE","value":"Estonia"},"countryiso3code":"EST","date":"2012","value":1322696,"unit":"","obs_status":"","decimal":0},{"indicator":{"id":"SP.POP.TOTL","value":"Population, total"},"country":{"id":"SZ","value":"Eswatini"},"countryiso3code":"SWZ","date":"2012","value":1079285,"unit":"","obs_status":"","decimal":0},{"indicator":{"id":"SP.POP.TOTL","value":"Population, total"},"country":{"id":"ET","value":"Ethiopia"},"countryiso3code":"ETH","date":"2012","value":92726982,"unit":"","obs_status":"","decimal":0},{"indicator":{"id":"SP.POP.TOTL","value":"Population, total"},"country":{"id":"FO","value":"Faroe Islands"},"countryiso3code":"FRO","date":"2012","value":47843,"unit":"","obs_status":"","decimal":0},{"indicator":{"id":"SP.POP.TOTL","value":"Population, total"},"country":{"id":"FJ","value":"Fiji"},"countryiso3code":"FJI","date":"2012","value":865065,"unit":"","obs_status":"","decimal":0},{"indicator":{"id":"SP.POP.TOTL","value":"Population, total"},"country":{"id":"FI","value":"Finland"},"countryiso3code":"FIN","date":"2012","value":5413971,"unit":"","obs_status":"","decimal":0},{"indicator":{"id":"SP.POP.TOTL","value":"Population, total"},"country":{"id":"FR","value":"France"},"countryiso3code":"FRA","date":"2012","value":65659814,"unit":"","obs_status":"","decimal":0},{"indicator":{"id":"SP.POP.TOTL","value":"Population, total"},"country":{"id":"PF","value":"French Polynesia"},"countryiso3code":"PYF","date":"2012","value":268995,"unit":"","obs_status":"","decimal":0},{"indicator":{"id":"SP.POP.TOTL","value":"Population, total"},"country":{"id":"GA","value":"Gabon"},"countryiso3code":"GAB","date":"2012","value":1749677,"unit":"","obs_status":"","decimal":0},{"indicator":{"id":"SP.POP.TOTL","value":"Population, total"},"country":{"id":"GM","value":"Gambia, The"},"countryiso3code":"GMB","date":"2012","value":1905020,"unit":"","obs_status":"","decimal":0},{"indicator":{"id":"SP.POP.TOTL","value":"Population, total"},"country":{"id":"GE","value":"Georgia"},"countryiso3code":"GEO","date":"2012","value":3728874,"unit":"","obs_status":"","decimal":0},{"indicator":{"id":"SP.POP.TOTL","value":"Population, total"},"country":{"id":"DE","value":"Germany"},"countryiso3code":"DEU","date":"2012","value":80425823,"unit":"","obs_status":"","decimal":0},{"indicator":{"id":"SP.POP.TOTL","value":"Population, total"},"country":{"id":"GH","value":"Ghana"},"countryiso3code":"GHA","date":"2012","value":25996454,"unit":"","obs_status":"","decimal":0},{"indicator":{"id":"SP.POP.TOTL","value":"Population, total"},"country":{"id":"GI","value":"Gibraltar"},"countryiso3code":"GIB","date":"2012","value":33653,"unit":"","obs_status":"","decimal":0},{"indicator":{"id":"SP.POP.TOTL","value":"Population, total"},"country":{"id":"GR","value":"Greece"},"countryiso3code":"GRC","date":"2012","value":11045011,"unit":"","obs_status":"","decimal":0},{"indicator":{"id":"SP.POP.TOTL","value":"Population, total"},"country":{"id":"GL","value":"Greenland"},"countryiso3code":"GRL","date":"2012","value":56810,"unit":"","obs_status":"","decimal":0},{"indicator":{"id":"SP.POP.TOTL","value":"Population, total"},"country":{"id":"GD","value":"Grenada"},"countryiso3code":"GRD","date":"2012","value":107452,"unit":"","obs_status":"","decimal":0},{"indicator":{"id":"SP.POP.TOTL","value":"Population, total"},"country":{"id":"GU","value":"Guam"},"countryiso3code":"GUM","date":"2012","value":159990,"unit":"","obs_status":"","decimal":0},{"indicator":{"id":"SP.POP.TOTL","value":"Population, total"},"country":{"id":"GT","value":"Guatemala"},"countryiso3code":"GTM","date":"2012","value":14781942,"unit":"","obs_status":"","decimal":0},{"indicator":{"id":"SP.POP.TOTL","value":"Population, total"},"country":{"id":"GN","value":"Guinea"},"countryiso3code":"GIN","date":"2012","value":10652032,"unit":"","obs_status":"","decimal":0},{"indicator":{"id":"SP.POP.TOTL","value":"Population, total"},"country":{"id":"GW","value":"Guinea-Bissau"},"countryiso3code":"GNB","date":"2012","value":1604981,"unit":"","obs_status":"","decimal":0},{"indicator":{"id":"SP.POP.TOTL","value":"Population, total"},"country":{"id":"GY","value":"Guyana"},"countryiso3code":"GUY","date":"2012","value":755388,"unit":"","obs_status":"","decimal":0},{"indicator":{"id":"SP.POP.TOTL","value":"Population, total"},"country":{"id":"HT","value":"Haiti"},"countryiso3code":"HTI","date":"2012","value":10250922,"unit":"","obs_status":"","decimal":0},{"indicator":{"id":"SP.POP.TOTL","value":"Population, total"},"country":{"id":"HN","value":"Honduras"},"countryiso3code":"HND","date":"2012","value":8640692,"unit":"","obs_status":"","decimal":0},{"indicator":{"id":"SP.POP.TOTL","value":"Population, total"},"country":{"id":"HK","value":"Hong Kong SAR, China"},"countryiso3code":"HKG","date":"2012","value":7150100,"unit":"","obs_status":"","decimal":0},{"indicator":{"id":"SP.POP.TOTL","value":"Population, total"},"country":{"id":"HU","value":"Hungary"},"countryiso3code":"HUN","date":"2012","value":9920362,"unit":"","obs_status":"","decimal":0},{"indicator":{"id":"SP.POP.TOTL","value":"Population, total"},"country":{"id":"IS","value":"Iceland"},"countryiso3code":"ISL","date":"2012","value":320716,"unit":"","obs_status":"","decimal":0},{"indicator":{"id":"SP.POP.TOTL","value":"Population, total"},"country":{"id":"IN","value":"India"},"countryiso3code":"IND","date":"2012","value":1265780243,"unit":"","obs_status":"","decimal":0},{"indicator":{"id":"SP.POP.TOTL","value":"Population, total"},"country":{"id":"ID","value":"Indonesia"},"countryiso3code":"IDN","date":"2012","value":248451714,"unit":"","obs_status":"","decimal":0},{"indicator":{"id":"SP.POP.TOTL","value":"Population, total"},"country":{"id":"IR","value":"Iran, Islamic Rep."},"countryiso3code":"IRN","date":"2012","value":75539881,"unit":"","obs_status":"","decimal":0},{"indicator":{"id":"SP.POP.TOTL","value":"Population, total"},"country":{"id":"IQ","value":"Iraq"},"countryiso3code":"IRQ","date":"2012","value":31890012,"unit":"","obs_status":"","decimal":0},{"indicator":{"id":"SP.POP.TOTL","value":"Population, total"},"country":{"id":"IE","value":"Ireland"},"countryiso3code":"IRL","date":"2012","value":4599533,"unit":"","obs_status":"","decimal":0},{"indicator":{"id":"SP.POP.TOTL","value":"Population, total"},"country":{"id":"IM","value":"Isle of Man"},"countryiso3code":"IMN","date":"2012","value":84534,"unit":"","obs_status":"","decimal":0},{"indicator":{"id":"SP.POP.TOTL","value":"Population, total"},"country":{"id":"IL","value":"Israel"},"countryiso3code":"ISR","date":"2012","value":7910500,"unit":"","obs_status":"","decimal":0},{"indicator":{"id":"SP.POP.TOTL","value":"Population, total"},"country":{"id":"IT","value":"Italy"},"countryiso3code":"ITA","date":"2012","value":59539717,"unit":"","obs_status":"","decimal":0},{"indicator":{"id":"SP.POP.TOTL","value":"Population, total"},"country":{"id":"JM","value":"Jamaica"},"countryiso3code":"JAM","date":"2012","value":2842128,"unit":"","obs_status":"","decimal":0},{"indicator":{"id":"SP.POP.TOTL","value":"Population, total"},"country":{"id":"JP","value":"Japan"},"countryiso3code":"JPN","date":"2012","value":127629000,"unit":"","obs_status":"","decimal":0},{"indicator":{"id":"SP.POP.TOTL","value":"Population, total"},"country":{"id":"JO","value":"Jordan"},"countryiso3code":"JOR","date":"2012","value":8089963,"unit":"","obs_status":"","decimal":0},{"indicator":{"id":"SP.POP.TOTL","value":"Population, total"},"country":{"id":"KZ","value":"Kazakhstan"},"countryiso3code":"KAZ","date":"2012","value":16792090,"unit":"","obs_status":"","decimal":0},{"indicator":{"id":"SP.POP.TOTL","value":"Population, total"},"country":{"id":"KE","value":"Kenya"},"countryiso3code":"KEN","date":"2012","value":44343469,"unit":"","obs_status":"","decimal":0},{"indicator":{"id":"SP.POP.TOTL","value":"Population, total"},"country":{"id":"KI","value":"Kiribati"},"countryiso3code":"KIR","date":"2012","value":106359,"unit":"","obs_status":"","decimal":0},{"indicator":{"id":"SP.POP.TOTL","value":"Population, total"},"country":{"id":"KP","value":"Korea, Dem. People's Rep."},"countryiso3code":"PRK","date":"2012","value":24800638,"unit":"","obs_status":"","decimal":0},{"indicator":{"id":"SP.POP.TOTL","value":"Population, total"},"country":{"id":"KR","value":"Korea, Rep."},"countryiso3code":"KOR","date":"2012","value":50199853,"unit":"","obs_status":"","decimal":0},{"indicator":{"id":"SP.POP.TOTL","value":"Population, total"},"country":{"id":"XK","value":"Kosovo"},"countryiso3code":"XKX","date":"2012","value":1807106,"unit":"","obs_status":"","decimal":0},{"indicator":{"id":"SP.POP.TOTL","value":"Population, total"},"country":{"id":"KW","value":"Kuwait"},"countryiso3code":"KWT","date":"2012","value":3348852,"unit":"","obs_status":"","decimal":0},{"indicator":{"id":"SP.POP.TOTL","value":"Population, total"},"country":{"id":"KG","value":"Kyrgyz Republic"},"countryiso3code":"KGZ","date":"2012","value":5607200,"unit":"","obs_status":"","decimal":0},{"indicator":{"id":"SP.POP.TOTL","value":"Population, total"},"country":{"id":"LA","value":"Lao PDR"},"countryiso3code":"LAO","date":"2012","value":6444527,"unit":"","obs_status":"","decimal":0},{"indicator":{"id":"SP.POP.TOTL","value":"Population, total"},"country":{"id":"LV","value":"Latvia"},"countryiso3code":"LVA","date":"2012","value":2034319,"unit":"","obs_status":"","decimal":0},{"indicator":{"id":"SP.POP.TOTL","value":"Population, total"},"country":{"id":"LB","value":"Lebanon"},"countryiso3code":"LBN","date":"2012","value":5537620,"unit":"","obs_status":"","decimal":0},{"indicator":{"id":"SP.POP.TOTL","value":"Population, total"},"country":{"id":"LS","value":"Lesotho"},"countryiso3code":"LSO","date":"2012","value":2014988,"unit":"","obs_status":"","decimal":0},{"indicator":{"id":"SP.POP.TOTL","value":"Population, total"},"country":{"id":"LR","value":"Liberia"},"countryiso3code":"LBR","date":"2012","value":4135662,"unit":"","obs_status":"","decimal":0},{"indicator":{"id":"SP.POP.TOTL","value":"Population, total"},"country":{"id":"LY","value":"Libya"},"countryiso3code":"LBY","date":"2012","value":6285751,"unit":"","obs_status":"","decimal":0},{"indicator":{"id":"SP.POP.TOTL","value":"Population, total"},"country":{"id":"LI","value":"Liechtenstein"},"countryiso3code":"LIE","date":"2012","value":36615,"unit":"","obs_status":"","decimal":0},{"indicator":{"id":"SP.POP.TOTL","value":"Population, total"},"country":{"id":"LT","value":"Lithuania"},"countryiso3code":"LTU","date":"2012","value":2987773,"unit":"","obs_status":"","decimal":0},{"indicator":{"id":"SP.POP.TOTL","value":"Population, total"},"country":{"id":"LU","value":"Luxembourg"},"countryiso3code":"LUX","date":"2012","value":530946,"unit":"","obs_status":"","decimal":0},{"indicator":{"id":"SP.POP.TOTL","value":"Population, total"},"country":{"id":"MO","value":"Macao SAR, China"},"countryiso3code":"MAC","date":"2012","value":564037,"unit":"","obs_status":"","decimal":0},{"indicator":{"id":"SP.POP.TOTL","value":"Population, total"},"country":{"id":"MG","value":"Madagascar"},"countryiso3code":"MDG","date":"2012","value":22346641,"unit":"","obs_status":"","decimal":0},{"indicator":{"id":"SP.POP.TOTL","value":"Population, total"},"country":{"id":"MW","value":"Malawi"},"countryiso3code":"MWI","date":"2012","value":15396010,"unit":"","obs_status":"","decimal":0},{"indicator":{"id":"SP.POP.TOTL","value":"Population, total"},"country":{"id":"MY","value":"Malaysia"},"countryiso3code":"MYS","date":"2012","value":29068189,"unit":"","obs_status":"","decimal":0},{"indicator":{"id":"SP.POP.TOTL","value":"Population, total"},"country":{"id":"MV","value":"Maldives"},"countryiso3code":"MDV","date":"2012","value":397231,"unit":"","obs_status":"","decimal":0},{"indicator":{"id":"SP.POP.TOTL","value":"Population, total"},"country":{"id":"ML","value":"Mali"},"countryiso3code":"MLI","date":"2012","value":15979492,"unit":"","obs_status":"","decimal":0},{"indicator":{"id":"SP.POP.TOTL","value":"Population, total"},"country":{"id":"MT","value":"Malta"},"countryiso3code":"MLT","date":"2012","value":420028,"unit":"","obs_status":"","decimal":0},{"indicator":{"id":"SP.POP.TOTL","value":"Population, total"},"country":{"id":"MH","value":"Marshall Islands"},"countryiso3code":"MHL","date":"2012","value":56712,"unit":"","obs_status":"","decimal":0},{"indicator":{"id":"SP.POP.TOTL","value":"Population, total"},"country":{"id":"MR","value":"Mauritania"},"countryiso3code":"MRT","date":"2012","value":3706555,"unit":"","obs_status":"","decimal":0},{"indicator":{"id":"SP.POP.TOTL","value":"Population, total"},"country":{"id":"MU","value":"Mauritius"},"countryiso3code":"MUS","date":"2012","value":1255882,"unit":"","obs_status":"","decimal":0},{"indicator":{"id":"SP.POP.TOTL","value":"Population, total"},"country":{"id":"MX","value":"Mexico"},"countryiso3code":"MEX","date":"2012","value":117274156,"unit":"","obs_status":"","decimal":0},{"indicator":{"id":"SP.POP.TOTL","value":"Population, total"},"country":{"id":"FM","value":"Micronesia, Fed. Sts."},"countryiso3code":"FSM","date":"2012","value":104506,"unit":"","obs_status":"","decimal":0},{"indicator":{"id":"SP.POP.TOTL","value":"Population, total"},"country":{"id":"MD","value":"Moldova"},"countryiso3code":"MDA","date":"2012","value":2859458,"unit":"","obs_status":"","decimal":0},{"indicator":{"id":"SP.POP.TOTL","value":"Population, total"},"country":{"id":"MC","value":"Monaco"},"countryiso3code":"MCO","date":"2012","value":36459,"unit":"","obs_status":"","decimal":0},{"indicator":{"id":"SP.POP.TOTL","value":"Population, total"},"country":{"id":"MN","value":"Mongolia"},"countryiso3code":"MNG","date":"2012","value":2824698,"unit":"","obs_status":"","decimal":0},{"indicator":{"id":"SP.POP.TOTL","value":"Population, total"},"country":{"id":"ME","value":"Montenegro"},"countryiso3code":"MNE","date":"2012","value":620601,"unit":"","obs_status":"","decimal":0},{"indicator":{"id":"SP.POP.TOTL","value":"Population, total"},"country":{"id":"MA","value":"Morocco"},"countryiso3code":"MAR","date":"2012","value":33241898,"unit":"","obs_status":"","decimal":0},{"indicator":{"id":"SP.POP.TOTL","value":"Population, total"},"country":{"id":"MZ","value":"Mozambique"},"countryiso3code":"MOZ","date":"2012","value":24862673,"unit":"","obs_status":"","decimal":0},{"indicator":{"id":"SP.POP.TOTL","value":"Population, total"},"country":{"id":"MM","value":"Myanmar"},"countryiso3code":"MMR","date":"2012","value":51413703,"unit":"","obs_status":"","decimal":0},{"indicator":{"id":"SP.POP.TOTL","value":"Population, total"},"country":{"id":"NA","value":"Namibia"},"countryiso3code":"NAM","date":"2012","value":2194777,"unit":"","obs_status":"","decimal":0},{"indicator":{"id":"SP.POP.TOTL","value":"Population, total"},"country":{"id":"NR","value":"Nauru"},"countryiso3code":"NRU","date":"2012","value":10136,"unit":"","obs_status":"","decimal":0},{"indicator":{"id":"SP.POP.TOTL","value":"Population, total"},"country":{"id":"NP","value":"Nepal"},"countryiso3code":"NPL","date":"2012","value":26989160,"unit":"","obs_status":"","decimal":0},{"indicator":{"id":"SP.POP.TOTL","value":"Population, total"},"country":{"id":"NL","value":"Netherlands"},"countryiso3code":"NLD","date":"2012","value":16754962,"unit":"","obs_status":"","decimal":0},{"indicator":{"id":"SP.POP.TOTL","value":"Population, total"},"country":{"id":"NC","value":"New Caledonia"},"countryiso3code":"NCL","date":"2012","value":259000,"unit":"","obs_status":"","decimal":0},{"indicator":{"id":"SP.POP.TOTL","value":"Population, total"},"country":{"id":"NZ","value":"New Zealand"},"countryiso3code":"NZL","date":"2012","value":4408100,"unit":"","obs_status":"","decimal":0},{"indicator":{"id":"SP.POP.TOTL","value":"Population, total"},"country":{"id":"NI","value":"Nicaragua"},"countryiso3code":"NIC","date":"2012","value":5982530,"unit":"","obs_status":"","decimal":0},{"indicator":{"id":"SP.POP.TOTL","value":"Population, total"},"country":{"id":"NE","value":"Niger"},"countryiso3code":"NER","date":"2012","value":17795209,"unit":"","obs_status":"","decimal":0},{"indicator":{"id":"SP.POP.TOTL","value":"Population, total"},"country":{"id":"NG","value":"Nigeria"},"countryiso3code":"NGA","date":"2012","value":167228803,"unit":"","obs_status":"","decimal":0},{"indicator":{"id":"SP.POP.TOTL","value":"Population, total"},"country":{"id":"MK","value":"North Macedonia"},"countryiso3code":"MKD","date":"2012","value":2061044,"unit":"","obs_status":"","decimal":0},{"indicator":{"id":"SP.POP.TOTL","value":"Population, total"},"country":{"id":"MP","value":"Northern Mariana Islands"},"countryiso3code":"MNP","date":"2012","value":54306,"unit":"","obs_status":"","decimal":0},{"indicator":{"id":"SP.POP.TOTL","value":"Population, total"},"country":{"id":"NO","value":"Norway"},"countryiso3code":"NOR","date":"2012","value":5018573,"unit":"","obs_status":"","decimal":0},{"indicator":{"id":"SP.POP.TOTL","value":"Population, total"},"country":{"id":"OM","value":"Oman"},"countryiso3code":"OMN","date":"2012","value":3498031,"unit":"","obs_status":"","decimal":0},{"indicator":{"id":"SP.POP.TOTL","value":"Population, total"},"country":{"id":"PK","value":"Pakistan"},"countryiso3code":"PAK","date":"2012","value":187280125,"unit":"","obs_status":"","decimal":0},{"indicator":{"id":"SP.POP.TOTL","value":"Population, total"},"country":{"id":"PW","value":"Palau"},"countryiso3code":"PLW","date":"2012","value":17635,"unit":"","obs_status":"","decimal":0},{"indicator":{"id":"SP.POP.TOTL","value":"Population, total"},"country":{"id":"PA","value":"Panama"},"countryiso3code":"PAN","date":"2012","value":3770635,"unit":"","obs_status":"","decimal":0},{"indicator":{"id":"SP.POP.TOTL","value":"Population, total"},"country":{"id":"PG","value":"Papua New Guinea"},"countryiso3code":"PNG","date":"2012","value":7631003,"unit":"","obs_status":"","decimal":0},{"indicator":{"id":"SP.POP.TOTL","value":"Population, total"},"country":{"id":"PY","value":"Paraguay"},"countryiso3code":"PRY","date":"2012","value":6421510,"unit":"","obs_status":"","decimal":0},{"indicator":{"id":"SP.POP.TOTL","value":"Population, total"},"country":{"id":"PE","value":"Peru"},"countryiso3code":"PER","date":"2012","value":29506790,"unit":"","obs_status":"","decimal":0},{"indicator":{"id":"SP.POP.TOTL","value":"Population, total"},"country":{"id":"PH","value":"Philippines"},"countryiso3code":"PHL","date":"2012","value":97212639,"unit":"","obs_status":"","decimal":0},{"indicator":{"id":"SP.POP.TOTL","value":"Population, total"},"country":{"id":"PL","value":"Poland"},"countryiso3code":"POL","date":"2012","value":38063164,"unit":"","obs_status":"","decimal":0},{"indicator":{"id":"SP.POP.TOTL","value":"Population, total"},"country":{"id":"PT","value":"Portugal"},"countryiso3code":"PRT","date":"2012","value":10514844,"unit":"","obs_status":"","decimal":0},{"indicator":{"id":"SP.POP.TOTL","value":"Population, total"},"country":{"id":"PR","value":"Puerto Rico"},"countryiso3code":"PRI","date":"2012","value":3634488,"unit":"","obs_status":"","decimal":0},{"indicator":{"id":"SP.POP.TOTL","value":"Population, total"},"country":{"id":"QA","value":"Qatar"},"countryiso3code":"QAT","date":"2012","value":2196078,"unit":"","obs_status":"","decimal":0},{"indicator":{"id":"SP.POP.TOTL","value":"Population, total"},"country":{"id":"RO","value":"Romania"},"countryiso3code":"ROU","date":"2012","value":20058035,"unit":"","obs_status":"","decimal":0},{"indicator":{"id":"SP.POP.TOTL","value":"Population, total"},"country":{"id":"RU","value":"Russian Federation"},"countryiso3code":"RUS","date":"2012","value":143201721,"unit":"","obs_status":"","decimal":0},{"indicator":{"id":"SP.POP.TOTL","value":"Population, total"},"country":{"id":"RW","value":"Rwanda"},"countryiso3code":"RWA","date":"2012","value":10549668,"unit":"","obs_status":"","decimal":0},{"indicator":{"id":"SP.POP.TOTL","value":"Population, total"},"country":{"id":"WS","value":"Samoa"},"countryiso3code":"WSM","date":"2012","value":189089,"unit":"","obs_status":"","decimal":0},{"indicator":{"id":"SP.POP.TOTL","value":"Population, total"},"country":{"id":"SM","value":"San Marino"},"countryiso3code":"SMR","date":"2012","value":32103,"unit":"","obs_status":"","decimal":0},{"indicator":{"id":"SP.POP.TOTL","value":"Population, total"},"country":{"id":"ST","value":"Sao Tome and Principe"},"countryiso3code":"STP","date":"2012","value":188394,"unit":"","obs_status":"","decimal":0},{"indicator":{"id":"SP.POP.TOTL","value":"Population, total"},"country":{"id":"SA","value":"Saudi Arabia"},"countryiso3code":"SAU","date":"2012","value":29154906,"unit":"","obs_status":"","decimal":0},{"indicator":{"id":"SP.POP.TOTL","value":"Population, total"},"country":{"id":"SN","value":"Senegal"},"countryiso3code":"SEN","date":"2012","value":13401990,"unit":"","obs_status":"","decimal":0},{"indicator":{"id":"SP.POP.TOTL","value":"Population, total"},"country":{"id":"RS","value":"Serbia"},"countryiso3code":"SRB","date":"2012","value":7199077,"unit":"","obs_status":"","decimal":0},{"indicator":{"id":"SP.POP.TOTL","value":"Population, total"},"country":{"id":"SC","value":"Seychelles"},"countryiso3code":"SYC","date":"2012","value":88303,"unit":"","obs_status":"","decimal":0},{"indicator":{"id":"SP.POP.TOTL","value":"Population, total"},"country":{"id":"SL","value":"Sierra Leone"},"countryiso3code":"SLE","date":"2012","value":6712586,"unit":"","obs_status":"","decimal":0},{"indicator":{"id":"SP.POP.TOTL","value":"Population, total"},"country":{"id":"SG","value":"Singapore"},"countryiso3code":"SGP","date":"2012","value":5312437,"unit":"","obs_status":"","decimal":0},{"indicator":{"id":"SP.POP.TOTL","value":"Population, total"},"country":{"id":"SX","value":"Sint Maarten (Dutch part)"},"countryiso3code":"SXM","date":"2012","value":34640,"unit":"","obs_status":"","decimal":0},{"indicator":{"id":"SP.POP.TOTL","value":"Population, total"},"country":{"id":"SK","value":"Slovak Republic"},"countryiso3code":"SVK","date":"2012","value":5407579,"unit":"","obs_status":"","decimal":0},{"indicator":{"id":"SP.POP.TOTL","value":"Population, total"},"country":{"id":"SI","value":"Slovenia"},"countryiso3code":"SVN","date":"2012","value":2057159,"unit":"","obs_status":"","decimal":0},{"indicator":{"id":"SP.POP.TOTL","value":"Population, total"},"country":{"id":"SB","value":"Solomon Islands"},"countryiso3code":"SLB","date":"2012","value":556066,"unit":"","obs_status":"","decimal":0},{"indicator":{"id":"SP.POP.TOTL","value":"Population, total"},"country":{"id":"SO","value":"Somalia"},"countryiso3code":"SOM","date":"2012","value":12715487,"unit":"","obs_status":"","decimal":0},{"indicator":{"id":"SP.POP.TOTL","value":"Population, total"},"country":{"id":"ZA","value":"South Africa"},"countryiso3code":"ZAF","date":"2012","value":52832659,"unit":"","obs_status":"","decimal":0},{"indicator":{"id":"SP.POP.TOTL","value":"Population, total"},"country":{"id":"SS","value":"South Sudan"},"countryiso3code":"SSD","date":"2012","value":10113648,"unit":"","obs_status":"","decimal":0},{"indicator":{"id":"SP.POP.TOTL","value":"Population, total"},"country":{"id":"ES","value":"Spain"},"countryiso3code":"ESP","date":"2012","value":46773055,"unit":"","obs_status":"","decimal":0},{"indicator":{"id":"SP.POP.TOTL","value":"Population, total"},"country":{"id":"LK","value":"Sri Lanka"},"countryiso3code":"LKA","date":"2012","value":20425000,"unit":"","obs_status":"","decimal":0},{"indicator":{"id":"SP.POP.TOTL","value":"Population, total"},"country":{"id":"KN","value":"St. Kitts and Nevis"},"countryiso3code":"KNA","date":"2012","value":49881,"unit":"","obs_status":"","decimal":0},{"indicator":{"id":"SP.POP.TOTL","value":"Population, total"},"country":{"id":"LC","value":"St. Lucia"},"countryiso3code":"LCA","date":"2012","value":176654,"unit":"","obs_status":"","decimal":0},{"indicator":{"id":"SP.POP.TOTL","value":"Population, total"},"country":{"id":"MF","value":"St. Martin (French part)"},"countryiso3code":"MAF","date":"2012","value":37012,"unit":"","obs_status":"","decimal":0},{"indicator":{"id":"SP.POP.TOTL","value":"Population, total"},"country":{"id":"VC","value":"St. Vincent and the Grenadines"},"countryiso3code":"VCT","date":"2012","value":108435,"unit":"","obs_status":"","decimal":0},{"indicator":{"id":"SP.POP.TOTL","value":"Population, total"},"country":{"id":"SD","value":"Sudan"},"countryiso3code":"SDN","date":"2012","value":36193781,"unit":"","obs_status":"","decimal":0},{"indicator":{"id":"SP.POP.TOTL","value":"Population, total"},"country":{"id":"SR","value":"Suriname"},"countryiso3code":"SUR","date":"2012","value":541247,"unit":"","obs_status":"","decimal":0},{"indicator":{"id":"SP.POP.TOTL","value":"Population, total"},"country":{"id":"SE","value":"Sweden"},"countryiso3code":"SWE","date":"2012","value":9519374,"unit":"","obs_status":"","decimal":0},{"indicator":{"id":"SP.POP.TOTL","value":"Population, total"},"country":{"id":"CH","value":"Switzerland"},"countryiso3code":"CHE","date":"2012","value":7996861,"unit":"","obs_status":"","decimal":0},{"indicator":{"id":"SP.POP.TOTL","value":"Population, total"},"country":{"id":"SY","value":"Syrian Arab Republic"},"countryiso3code":"SYR","date":"2012","value":20438861,"unit":"","obs_status":"","decimal":0},{"indicator":{"id":"SP.POP.TOTL","value":"Population, total"},"country":{"id":"TJ","value":"Tajikistan"},"countryiso3code":"TJK","date":"2012","value":7874838,"unit":"","obs_status":"","decimal":0},{"indicator":{"id":"SP.POP.TOTL","value":"Population, total"},"country":{"id":"TZ","value":"Tanzania"},"countryiso3code":"TZA","date":"2012","value":47053033,"unit":"","obs_status":"","decimal":0},{"indicator":{"id":"SP.POP.TOTL","value":"Population, total"},"country":{"id":"TH","value":"Thailand"},"countryiso3code":"THA","date":"2012","value":67835969,"unit":"","obs_status":"","decimal":0},{"indicator":{"id":"SP.POP.TOTL","value":"Population, total"},"country":{"id":"TL","value":"Timor-Leste"},"countryiso3code":"TLS","date":"2012","value":1133002,"unit":"","obs_status":"","decimal":0},{"indicator":{"id":"SP.POP.TOTL","value":"Population, total"},"country":{"id":"TG","value":"Togo"},"countryiso3code":"TGO","date":"2012","value":6773807,"unit":"","obs_status":"","decimal":0},{"indicator":{"id":"SP.POP.TOTL","value":"Population, total"},"country":{"id":"TO","value":"Tonga"},"countryiso3code":"TON","date":"2012","value":102736,"unit":"","obs_status":"","decimal":0},{"indicator":{"id":"SP.POP.TOTL","value":"Population, total"},"country":{"id":"TT","value":"Trinidad and Tobago"},"countryiso3code":"TTO","date":"2012","value":1344814,"unit":"","obs_status":"","decimal":0},{"indicator":{"id":"SP.POP.TOTL","value":"Population, total"},"country":{"id":"TN","value":"Tunisia"},"countryiso3code":"TUN","date":"2012","value":10846993,"unit":"","obs_status":"","decimal":0},{"indicator":{"id":"SP.POP.TOTL","value":"Population, total"},"country":{"id":"TR","value":"Turkiye"},"countryiso3code":"TUR","date":"2012","value":74651046,"unit":"","obs_status":"","decimal":0},{"indicator":{"id":"SP.POP.TOTL","value":"Population, total"},"country":{"id":"TM","value":"Turkmenistan"},"countryiso3code":"TKM","date":"2012","value":5267906,"unit":"","obs_status":"","decimal":0},{"indicator":{"id":"SP.POP.TOTL","value":"Population, total"},"country":{"id":"TC","value":"Turks and Caicos Islands"},"countryiso3code":"TCA","date":"2012","value":34067,"unit":"","obs_status":"","decimal":0},{"indicator":{"id":"SP.POP.TOTL","value":"Population, total"},"country":{"id":"TV","value":"Tuvalu"},"countryiso3code":"TUV","date":"2012","value":10744,"unit":"","obs_status":"","decimal":0},{"indicator":{"id":"SP.POP.TOTL","value":"Population, total"},"country":{"id":"UG","value":"Uganda"},"countryiso3code":"UGA","date":"2012","value":34558700,"unit":"","obs_status":"","decimal":0},{"indicator":{"id":"SP.POP.TOTL","value":"Population, total"},"country":{"id":"UA","value":"Ukraine"},"countryiso3code":"UKR","date":"2012","value":45593342,"unit":"","obs_status":"","decimal":0},{"indicator":{"id":"SP.POP.TOTL","value":"Population, total"},"country":{"id":"AE","value":"United Arab Emirates"},"countryiso3code":"ARE","date":"2012","value":9141598,"unit":"","obs_status":"","decimal":0},{"indicator":{"id":"SP.POP.TOTL","value":"Population, total"},"country":{"id":"GB","value":"United Kingdom"},"countryiso3code":"GBR","date":"2012","value":63700215,"unit":"","obs_status":"","decimal":0},{"indicator":{"id":"SP.POP.TOTL","value":"Population, total"},"country":{"id":"US","value":"United States"},"countryiso3code":"USA","date":"2012","value":313877662,"unit":"","obs_status":"","decimal":0},{"indicator":{"id":"SP.POP.TOTL","value":"Population, total"},"country":{"id":"UY","value":"Uruguay"},"countryiso3code":"URY","date":"2012","value":3378975,"unit":"","obs_status":"","decimal":0},{"indicator":{"id":"SP.POP.TOTL","value":"Population, total"},"country":{"id":"UZ","value":"Uzbekistan"},"countryiso3code":"UZB","date":"2012","value":29774500,"unit":"","obs_status":"","decimal":0},{"indicator":{"id":"SP.POP.TOTL","value":"Population, total"},"country":{"id":"VU","value":"Vanuatu"},"countryiso3code":"VUT","date":"2012","value":249505,"unit":"","obs_status":"","decimal":0},{"indicator":{"id":"SP.POP.TOTL","value":"Population, total"},"country":{"id":"VE","value":"Venezuela, RB"},"countryiso3code":"VEN","date":"2012","value":29360827,"unit":"","obs_status":"","decimal":0},{"indicator":{"id":"SP.POP.TOTL","value":"Population, total"},"country":{"id":"VN","value":"Vietnam"},"countryiso3code":"VNM","date":"2012","value":89801926,"unit":"","obs_status":"","decimal":0},{"indicator":{"id":"SP.POP.TOTL","value":"Population, total"},"country":{"id":"VI","value":"Virgin Islands (U.S.)"},"countryiso3code":"VIR","date":"2012","value":108188,"unit":"","obs_status":"","decimal":0},{"indicator":{"id":"SP.POP.TOTL","value":"Population, total"},"country":{"id":"PS","value":"West Bank and Gaza"},"countryiso3code":"PSE","date":"2012","value":3979998,"unit":"","obs_status":"","decimal":0},{"indicator":{"id":"SP.POP.TOTL","value":"Population, total"},"country":{"id":"YE","value":"Yemen, Rep."},"countryiso3code":"YEM","date":"2012","value":24473176,"unit":"","obs_status":"","decimal":0},{"indicator":{"id":"SP.POP.TOTL","value":"Population, total"},"country":{"id":"ZM","value":"Zambia"},"countryiso3code":"ZMB","date":"2012","value":14465148,"unit":"","obs_status":"","decimal":0},{"indicator":{"id":"SP.POP.TOTL","value":"Population, total"},"country":{"id":"ZW","value":"Zimbabwe"},"countryiso3code":"ZWE","date":"2012","value":13115149,"unit":"","obs_status":"","decimal":0}]]