[{"page":1,"pages":1,"per_page":50,"total":11,"sourceid":"15","sourcename":"","lastupdated":"2020-07-27"},[{"indicator":{"id":"DPANUSSPB","value":"Exchange rate, new LCU per USD extended backward, period average,,"},"country":{"id":"BGD","value":"Bangladesh"},"countryiso3code":"","date":"2012M01","value":83.42977272727,"unit":"","obs_status":"","decimal":0},{"indicator":{"id":"DPANUSSPB","value":"Exchange rate, new LCU per USD extended backward, period average,,"},"country":{"id":"BRA","value":"Brazil"},"countryiso3code":"","date":"2012M01","value":1.78886363636,"unit":"","obs_status":"","decimal":0},{"indicator":{"id":"DPANUSSPB","value":"Exchange rate, new LCU per USD extended backward, period average,,"},"country":{"id":"CHN","value":"China"},"countryiso3code":"","date":"2012M01","value":6.31309090909,"unit":"","obs_status":"","decimal":0},{"indicator":{"id":"DPANUSSPB","value":"Exchange rate, new LCU per USD extended backward, period average,,"},"country":{"id":"IDN","value":"Indonesia"},"countryiso3code":"","date":"2012M01","value":9067.31818181818,"unit":"","obs_status":"","decimal":0},{"indicator":{"id":"DPANUSSPB","value":"Exchange rate, new LCU per USD extended backward, period average,,"},"country":{"id":"IND","value":"India"},"countryiso3code":"","date":"2012M01","value":51.18577272727,"unit":"","obs_status":"","decimal":0},{"indicator":{"id":"DPANUSSPB","value":"Exchange rate, new LCU per USD extended backward, period average,,"},"country":{"id":"JPN","value":"Japan"},"countryiso3code":"","date":"2012M01","value":76.93318181818,"unit":"","obs_status":"","decimal":0},{"indicator":{"id":"DPANUSSPB","value":"Exchange rate, new LCU per USD extended backward, period average,,"},"country":{"id":"MEX","value":"Mexico"},"countryiso3code":"","date":"2012M01","value":13.39831818182,"unit":"","obs_status":"","decimal":0},{"indicator":{"id":"DPANUSSPB","value":"Exchange rate, new LCU per USD extended backward, period average,,"},"country":{"id":"NGA","value":"Nigeria"},"countryiso3code":"","date":"2012M01","value":161.33181818182,"unit":"","obs_status":"","decimal":0},{"indicator":{"id":"DPANUSSPB","value":"Exchange rate, new LCU per USD extended backward, period average,,"},"country":{"id":"PAK","value":"Pakistan"},"countryiso3code":"","date":"2012M01","value":90.26411363636,"unit":"","obs_status":"","decimal":0},{"indicator":{"id":"DPANUSSPB","value":"Exchange rate, new LCU per USD extended backward, period average,,"},"country":{"id":"RUS","value":"Russian Federation"},"countryiso3code":"","date":"2012M01","value":31.33340909091,"unit":"","obs_status":"","decimal":0},{"indicator":{"id":"DPANUSSPB","value":"Exchange rate, new LCU per USD extended backward, period average,,"},"country":{"id":"USA","value":"United States"},"countryiso3code":"","date":"2012M01","value":1,"unit":"","obs_status":"","decimal":0}]]